Timeline #,Timestamp,Alert ID,Tactic ID,Tactic,Tactic Order,Process,Parent Process,Detection Type,Risk Score,Severity,MITRE Technique,MITRE Name,Destination IP,Registry Path,Detail
1,"Jun 1, 2026 @ 14:21:44.505",AH-F340B7FA,TA0001,Initial Access,0,C:\Windows\Temp\{20A855C1-AE88-4232-8344-2B69A1F8BD6B}\.cr\vc_redist.x64.exe,C:\Program Files\Microsoft Office\root\Integration\Addons\vc_redist.x64.exe,Malware Staging,20,LOW,,,,,Execution from user-writable path: c:\windows\temp\{20a855c1-ae88-4232-8344-2b69a1f8bd6b}\.cr\vc_redist.x64.exe
2,"Jun 1, 2026 @ 14:21:44.584",AH-7CC046DD,TA0001,Initial Access,0,C:\Windows\Temp\{20A855C1-AE88-4232-8344-2B69A1F8BD6B}\.cr\vc_redist.x64.exe,,Malware Staging,20,LOW,,,,,Execution from user-writable path: c:\windows\temp\{20a855c1-ae88-4232-8344-2b69a1f8bd6b}\.cr\vc_redist.x64.exe
3,"Jun 1, 2026 @ 14:21:44.606",AH-C4C3F510,TA0001,Initial Access,0,C:\Windows\Temp\{20A855C1-AE88-4232-8344-2B69A1F8BD6B}\.cr\vc_redist.x64.exe,,Malware Staging,20,LOW,,,,,Execution from user-writable path: c:\windows\temp\{20a855c1-ae88-4232-8344-2b69a1f8bd6b}\.cr\vc_redist.x64.exe
4,"Jun 1, 2026 @ 14:21:44.607",AH-8E2F10B5,TA0001,Initial Access,0,C:\Windows\Temp\{20A855C1-AE88-4232-8344-2B69A1F8BD6B}\.cr\vc_redist.x64.exe,,Malware Staging,20,LOW,,,,,Execution from user-writable path: c:\windows\temp\{20a855c1-ae88-4232-8344-2b69a1f8bd6b}\.cr\vc_redist.x64.exe
5,"Jun 1, 2026 @ 14:21:44.608",AH-8F3183C5,TA0001,Initial Access,0,C:\Windows\Temp\{20A855C1-AE88-4232-8344-2B69A1F8BD6B}\.cr\vc_redist.x64.exe,,Malware Staging,20,LOW,,,,,Execution from user-writable path: c:\windows\temp\{20a855c1-ae88-4232-8344-2b69a1f8bd6b}\.cr\vc_redist.x64.exe
6,"Jun 1, 2026 @ 14:21:44.609",AH-678CA06D,TA0001,Initial Access,0,C:\Windows\Temp\{20A855C1-AE88-4232-8344-2B69A1F8BD6B}\.cr\vc_redist.x64.exe,,Malware Staging,20,LOW,,,,,Execution from user-writable path: c:\windows\temp\{20a855c1-ae88-4232-8344-2b69a1f8bd6b}\.cr\vc_redist.x64.exe
7,"Jun 1, 2026 @ 14:21:44.610",AH-2F65235E,TA0001,Initial Access,0,C:\Windows\Temp\{20A855C1-AE88-4232-8344-2B69A1F8BD6B}\.cr\vc_redist.x64.exe,,Malware Staging,20,LOW,,,,,Execution from user-writable path: c:\windows\temp\{20a855c1-ae88-4232-8344-2b69a1f8bd6b}\.cr\vc_redist.x64.exe
8,"Jun 1, 2026 @ 14:21:44.612",AH-4C1DAC08,TA0001,Initial Access,0,C:\Windows\Temp\{20A855C1-AE88-4232-8344-2B69A1F8BD6B}\.cr\vc_redist.x64.exe,,Malware Staging,20,LOW,,,,,Execution from user-writable path: c:\windows\temp\{20a855c1-ae88-4232-8344-2b69a1f8bd6b}\.cr\vc_redist.x64.exe
9,"Jun 1, 2026 @ 14:21:44.613",AH-1075047A,TA0001,Initial Access,0,C:\Windows\Temp\{20A855C1-AE88-4232-8344-2B69A1F8BD6B}\.cr\vc_redist.x64.exe,,Malware Staging,20,LOW,,,,,Execution from user-writable path: c:\windows\temp\{20a855c1-ae88-4232-8344-2b69a1f8bd6b}\.cr\vc_redist.x64.exe
10,"Jun 1, 2026 @ 14:21:44.614",AH-21AB6D65,TA0001,Initial Access,0,C:\Windows\Temp\{20A855C1-AE88-4232-8344-2B69A1F8BD6B}\.cr\vc_redist.x64.exe,,Malware Staging,20,LOW,,,,,Execution from user-writable path: c:\windows\temp\{20a855c1-ae88-4232-8344-2b69a1f8bd6b}\.cr\vc_redist.x64.exe
11,"Jun 1, 2026 @ 14:21:44.615",AH-EA194F2B,TA0001,Initial Access,0,C:\Windows\Temp\{20A855C1-AE88-4232-8344-2B69A1F8BD6B}\.cr\vc_redist.x64.exe,,Malware Staging,20,LOW,,,,,Execution from user-writable path: c:\windows\temp\{20a855c1-ae88-4232-8344-2b69a1f8bd6b}\.cr\vc_redist.x64.exe
12,"Jun 1, 2026 @ 14:21:44.617",AH-38175E95,TA0001,Initial Access,0,C:\Windows\Temp\{20A855C1-AE88-4232-8344-2B69A1F8BD6B}\.cr\vc_redist.x64.exe,,Malware Staging,20,LOW,,,,,Execution from user-writable path: c:\windows\temp\{20a855c1-ae88-4232-8344-2b69a1f8bd6b}\.cr\vc_redist.x64.exe
13,"Jun 1, 2026 @ 14:21:44.618",AH-913C3808,TA0001,Initial Access,0,C:\Windows\Temp\{20A855C1-AE88-4232-8344-2B69A1F8BD6B}\.cr\vc_redist.x64.exe,,Malware Staging,20,LOW,,,,,Execution from user-writable path: c:\windows\temp\{20a855c1-ae88-4232-8344-2b69a1f8bd6b}\.cr\vc_redist.x64.exe
14,"Jun 1, 2026 @ 14:21:44.619",AH-6FA5A3D1,TA0001,Initial Access,0,C:\Windows\Temp\{20A855C1-AE88-4232-8344-2B69A1F8BD6B}\.cr\vc_redist.x64.exe,,Malware Staging,20,LOW,,,,,Execution from user-writable path: c:\windows\temp\{20a855c1-ae88-4232-8344-2b69a1f8bd6b}\.cr\vc_redist.x64.exe
15,"Jun 1, 2026 @ 14:21:44.620",AH-6F21D99B,TA0001,Initial Access,0,C:\Windows\Temp\{20A855C1-AE88-4232-8344-2B69A1F8BD6B}\.cr\vc_redist.x64.exe,,Malware Staging,20,LOW,,,,,Execution from user-writable path: c:\windows\temp\{20a855c1-ae88-4232-8344-2b69a1f8bd6b}\.cr\vc_redist.x64.exe
16,"Jun 1, 2026 @ 14:21:44.622",AH-EC770C12,TA0001,Initial Access,0,C:\Windows\Temp\{20A855C1-AE88-4232-8344-2B69A1F8BD6B}\.cr\vc_redist.x64.exe,,Malware Staging,20,LOW,,,,,Execution from user-writable path: c:\windows\temp\{20a855c1-ae88-4232-8344-2b69a1f8bd6b}\.cr\vc_redist.x64.exe
17,"Jun 1, 2026 @ 14:21:44.623",AH-FDA76674,TA0001,Initial Access,0,C:\Windows\Temp\{20A855C1-AE88-4232-8344-2B69A1F8BD6B}\.cr\vc_redist.x64.exe,,Malware Staging,20,LOW,,,,,Execution from user-writable path: c:\windows\temp\{20a855c1-ae88-4232-8344-2b69a1f8bd6b}\.cr\vc_redist.x64.exe
18,"Jun 1, 2026 @ 14:21:44.624",AH-9651653F,TA0001,Initial Access,0,C:\Windows\Temp\{20A855C1-AE88-4232-8344-2B69A1F8BD6B}\.cr\vc_redist.x64.exe,,Malware Staging,20,LOW,,,,,Execution from user-writable path: c:\windows\temp\{20a855c1-ae88-4232-8344-2b69a1f8bd6b}\.cr\vc_redist.x64.exe
19,"Jun 1, 2026 @ 14:21:44.626",AH-B598E935,TA0001,Initial Access,0,C:\Windows\Temp\{20A855C1-AE88-4232-8344-2B69A1F8BD6B}\.cr\vc_redist.x64.exe,,Malware Staging,20,LOW,,,,,Execution from user-writable path: c:\windows\temp\{20a855c1-ae88-4232-8344-2b69a1f8bd6b}\.cr\vc_redist.x64.exe
20,"Jun 1, 2026 @ 14:21:44.627",AH-491CFB95,TA0001,Initial Access,0,C:\Windows\Temp\{20A855C1-AE88-4232-8344-2B69A1F8BD6B}\.cr\vc_redist.x64.exe,,Malware Staging,20,LOW,,,,,Execution from user-writable path: c:\windows\temp\{20a855c1-ae88-4232-8344-2b69a1f8bd6b}\.cr\vc_redist.x64.exe
21,"Jun 1, 2026 @ 14:21:44.628",AH-77D49CC6,TA0001,Initial Access,0,C:\Windows\Temp\{20A855C1-AE88-4232-8344-2B69A1F8BD6B}\.cr\vc_redist.x64.exe,,Malware Staging,20,LOW,,,,,Execution from user-writable path: c:\windows\temp\{20a855c1-ae88-4232-8344-2b69a1f8bd6b}\.cr\vc_redist.x64.exe
22,"Jun 1, 2026 @ 14:21:44.630",AH-E36A13AE,TA0001,Initial Access,0,C:\Windows\Temp\{20A855C1-AE88-4232-8344-2B69A1F8BD6B}\.cr\vc_redist.x64.exe,,Malware Staging,20,LOW,,,,,Execution from user-writable path: c:\windows\temp\{20a855c1-ae88-4232-8344-2b69a1f8bd6b}\.cr\vc_redist.x64.exe
23,"Jun 1, 2026 @ 14:21:44.631",AH-C28EDDC2,TA0001,Initial Access,0,C:\Windows\Temp\{20A855C1-AE88-4232-8344-2B69A1F8BD6B}\.cr\vc_redist.x64.exe,,Malware Staging,20,LOW,,,,,Execution from user-writable path: c:\windows\temp\{20a855c1-ae88-4232-8344-2b69a1f8bd6b}\.cr\vc_redist.x64.exe
24,"Jun 1, 2026 @ 14:21:44.632",AH-66C341C2,TA0001,Initial Access,0,C:\Windows\Temp\{20A855C1-AE88-4232-8344-2B69A1F8BD6B}\.cr\vc_redist.x64.exe,,Malware Staging,20,LOW,,,,,Execution from user-writable path: c:\windows\temp\{20a855c1-ae88-4232-8344-2b69a1f8bd6b}\.cr\vc_redist.x64.exe
25,"Jun 1, 2026 @ 14:21:44.633",AH-9F5AE730,TA0001,Initial Access,0,C:\Windows\Temp\{20A855C1-AE88-4232-8344-2B69A1F8BD6B}\.cr\vc_redist.x64.exe,,Malware Staging,20,LOW,,,,,Execution from user-writable path: c:\windows\temp\{20a855c1-ae88-4232-8344-2b69a1f8bd6b}\.cr\vc_redist.x64.exe
26,"Jun 1, 2026 @ 14:21:44.635",AH-D60880BC,TA0001,Initial Access,0,C:\Windows\Temp\{20A855C1-AE88-4232-8344-2B69A1F8BD6B}\.cr\vc_redist.x64.exe,,Malware Staging,20,LOW,,,,,Execution from user-writable path: c:\windows\temp\{20a855c1-ae88-4232-8344-2b69a1f8bd6b}\.cr\vc_redist.x64.exe
27,"Jun 1, 2026 @ 14:21:44.636",AH-54BECACE,TA0001,Initial Access,0,C:\Windows\Temp\{20A855C1-AE88-4232-8344-2B69A1F8BD6B}\.cr\vc_redist.x64.exe,,Malware Staging,20,LOW,,,,,Execution from user-writable path: c:\windows\temp\{20a855c1-ae88-4232-8344-2b69a1f8bd6b}\.cr\vc_redist.x64.exe
28,"Jun 1, 2026 @ 14:21:44.637",AH-18E4339E,TA0001,Initial Access,0,C:\Windows\Temp\{20A855C1-AE88-4232-8344-2B69A1F8BD6B}\.cr\vc_redist.x64.exe,,Malware Staging,20,LOW,,,,,Execution from user-writable path: c:\windows\temp\{20a855c1-ae88-4232-8344-2b69a1f8bd6b}\.cr\vc_redist.x64.exe
29,"Jun 1, 2026 @ 14:21:44.639",AH-D3833A96,TA0001,Initial Access,0,C:\Windows\Temp\{20A855C1-AE88-4232-8344-2B69A1F8BD6B}\.cr\vc_redist.x64.exe,,Malware Staging,20,LOW,,,,,Execution from user-writable path: c:\windows\temp\{20a855c1-ae88-4232-8344-2b69a1f8bd6b}\.cr\vc_redist.x64.exe
30,"Jun 1, 2026 @ 14:21:44.640",AH-B3DD39CF,TA0001,Initial Access,0,C:\Windows\Temp\{20A855C1-AE88-4232-8344-2B69A1F8BD6B}\.cr\vc_redist.x64.exe,,Malware Staging,20,LOW,,,,,Execution from user-writable path: c:\windows\temp\{20a855c1-ae88-4232-8344-2b69a1f8bd6b}\.cr\vc_redist.x64.exe
31,"Jun 1, 2026 @ 14:21:44.642",AH-E9C5AAE0,TA0001,Initial Access,0,C:\Windows\Temp\{20A855C1-AE88-4232-8344-2B69A1F8BD6B}\.cr\vc_redist.x64.exe,,Malware Staging,20,LOW,,,,,Execution from user-writable path: c:\windows\temp\{20a855c1-ae88-4232-8344-2b69a1f8bd6b}\.cr\vc_redist.x64.exe
32,"Jun 1, 2026 @ 14:21:44.643",AH-9E86F3FD,TA0001,Initial Access,0,C:\Windows\Temp\{20A855C1-AE88-4232-8344-2B69A1F8BD6B}\.cr\vc_redist.x64.exe,,Malware Staging,20,LOW,,,,,Execution from user-writable path: c:\windows\temp\{20a855c1-ae88-4232-8344-2b69a1f8bd6b}\.cr\vc_redist.x64.exe
33,"Jun 1, 2026 @ 14:21:44.644",AH-E63AA894,TA0001,Initial Access,0,C:\Windows\Temp\{20A855C1-AE88-4232-8344-2B69A1F8BD6B}\.cr\vc_redist.x64.exe,,Malware Staging,20,LOW,,,,,Execution from user-writable path: c:\windows\temp\{20a855c1-ae88-4232-8344-2b69a1f8bd6b}\.cr\vc_redist.x64.exe
34,"Jun 1, 2026 @ 14:21:44.645",AH-5114F6FB,TA0001,Initial Access,0,C:\Windows\Temp\{20A855C1-AE88-4232-8344-2B69A1F8BD6B}\.cr\vc_redist.x64.exe,,Malware Staging,20,LOW,,,,,Execution from user-writable path: c:\windows\temp\{20a855c1-ae88-4232-8344-2b69a1f8bd6b}\.cr\vc_redist.x64.exe
35,"Jun 1, 2026 @ 14:21:44.713",AH-3B0B0866,TA0001,Initial Access,0,C:\Windows\Temp\{20A855C1-AE88-4232-8344-2B69A1F8BD6B}\.cr\vc_redist.x64.exe,,Malware Staging,20,LOW,,,,,Execution from user-writable path: c:\windows\temp\{20a855c1-ae88-4232-8344-2b69a1f8bd6b}\.cr\vc_redist.x64.exe
36,"Jun 1, 2026 @ 14:21:44.974",AH-D7550645,TA0001,Initial Access,0,C:\Windows\Temp\{20A855C1-AE88-4232-8344-2B69A1F8BD6B}\.cr\vc_redist.x64.exe,,Malware Staging,20,LOW,,,,,Execution from user-writable path: c:\windows\temp\{20a855c1-ae88-4232-8344-2b69a1f8bd6b}\.cr\vc_redist.x64.exe
37,"Jun 1, 2026 @ 14:21:45.059",AH-4D6C1652,TA0001,Initial Access,0,C:\Windows\Temp\{20A855C1-AE88-4232-8344-2B69A1F8BD6B}\.cr\vc_redist.x64.exe,,Malware Staging,40,MEDIUM,,,,HKEY_USERS\S-1-5-21-3330616437-3750286687-2521933251-1001\Software\Microsoft\Windows\CurrentVersion\Internet Settings\ZoneMap\ProxyBypass,Execution from user-writable path: c:\windows\temp\{20a855c1-ae88-4232-8344-2b69a1f8bd6b}\.cr\vc_redist.x64.exe
38,"Jun 1, 2026 @ 14:21:45.060",AH-39808D51,TA0001,Initial Access,0,C:\Windows\Temp\{20A855C1-AE88-4232-8344-2B69A1F8BD6B}\.cr\vc_redist.x64.exe,,Malware Staging,20,LOW,,,,HKEY_USERS\S-1-5-21-3330616437-3750286687-2521933251-1001\Software\Microsoft\Windows\CurrentVersion\Internet Settings\ZoneMap\UNCAsIntranet,Execution from user-writable path: c:\windows\temp\{20a855c1-ae88-4232-8344-2b69a1f8bd6b}\.cr\vc_redist.x64.exe
39,"Jun 1, 2026 @ 14:21:45.061",AH-E763C5BC,TA0001,Initial Access,0,C:\Windows\Temp\{20A855C1-AE88-4232-8344-2B69A1F8BD6B}\.cr\vc_redist.x64.exe,,Malware Staging,20,LOW,,,,HKEY_USERS\S-1-5-21-3330616437-3750286687-2521933251-1001\Software\Microsoft\Windows\CurrentVersion\Internet Settings\ZoneMap\AutoDetect,Execution from user-writable path: c:\windows\temp\{20a855c1-ae88-4232-8344-2b69a1f8bd6b}\.cr\vc_redist.x64.exe
40,"Jun 1, 2026 @ 14:21:45.118",AH-D08C4516,TA0001,Initial Access,0,C:\Windows\Temp\{78D4DDB5-69A4-4E33-8D81-C18D0FEE1B6E}\.be\VC_redist.x64.exe,C:\Windows\Temp\{20A855C1-AE88-4232-8344-2B69A1F8BD6B}\.cr\vc_redist.x64.exe,Malware Staging,20,LOW,,,,,Execution from user-writable path: c:\windows\temp\{78d4ddb5-69a4-4e33-8d81-c18d0fee1b6e}\.be\vc_redist.x64.exe
41,"Jun 1, 2026 @ 14:21:45.217",AH-F4A5F3AF,TA0001,Initial Access,0,C:\Windows\Temp\{78D4DDB5-69A4-4E33-8D81-C18D0FEE1B6E}\.be\VC_redist.x64.exe,,Malware Staging,20,LOW,,,,,Execution from user-writable path: c:\windows\temp\{78d4ddb5-69a4-4e33-8d81-c18d0fee1b6e}\.be\vc_redist.x64.exe
42,"Jun 1, 2026 @ 14:21:45.749",AH-340A78B7,TA0001,Initial Access,0,C:\Windows\Temp\{78D4DDB5-69A4-4E33-8D81-C18D0FEE1B6E}\.be\VC_redist.x64.exe,,Malware Staging,20,LOW,,,,,Execution from user-writable path: c:\windows\temp\{78d4ddb5-69a4-4e33-8d81-c18d0fee1b6e}\.be\vc_redist.x64.exe
43,"Jun 1, 2026 @ 14:21:45.764",AH-AAE4471A,TA0001,Initial Access,0,C:\Windows\Temp\{78D4DDB5-69A4-4E33-8D81-C18D0FEE1B6E}\.be\VC_redist.x64.exe,,Malware Staging,20,LOW,,,,,Execution from user-writable path: c:\windows\temp\{78d4ddb5-69a4-4e33-8d81-c18d0fee1b6e}\.be\vc_redist.x64.exe
44,"Jun 1, 2026 @ 14:21:45.801",AH-27D06E7E,TA0001,Initial Access,0,C:\Windows\Temp\{78D4DDB5-69A4-4E33-8D81-C18D0FEE1B6E}\.be\VC_redist.x64.exe,C:\Windows\Temp\{20A855C1-AE88-4232-8344-2B69A1F8BD6B}\.cr\vc_redist.x64.exe,Malware Staging,20,LOW,,,,,Execution from user-writable path: c:\windows\temp\{78d4ddb5-69a4-4e33-8d81-c18d0fee1b6e}\.be\vc_redist.x64.exe
45,"Jun 1, 2026 @ 14:21:45.807",AH-5E12686B,TA0001,Initial Access,0,C:\Windows\Temp\{20A855C1-AE88-4232-8344-2B69A1F8BD6B}\.cr\vc_redist.x64.exe,,Malware Staging,20,LOW,,,,,Execution from user-writable path: c:\windows\temp\{20a855c1-ae88-4232-8344-2b69a1f8bd6b}\.cr\vc_redist.x64.exe
46,"Jun 1, 2026 @ 14:21:45.808",AH-87889E29,TA0001,Initial Access,0,C:\Windows\Temp\{20A855C1-AE88-4232-8344-2B69A1F8BD6B}\.cr\vc_redist.x64.exe,,Malware Staging,40,MEDIUM,,,,,Execution from user-writable path: c:\windows\temp\{20a855c1-ae88-4232-8344-2b69a1f8bd6b}\.cr\vc_redist.x64.exe
47,"Jun 1, 2026 @ 14:21:45.809",AH-364BE834,TA0001,Initial Access,0,C:\Windows\Temp\{20A855C1-AE88-4232-8344-2B69A1F8BD6B}\.cr\vc_redist.x64.exe,,Malware Staging,20,LOW,,,,,Execution from user-writable path: c:\windows\temp\{20a855c1-ae88-4232-8344-2b69a1f8bd6b}\.cr\vc_redist.x64.exe
48,"Jun 1, 2026 @ 14:21:45.810",AH-821FA96A,TA0001,Initial Access,0,C:\Windows\Temp\{20A855C1-AE88-4232-8344-2B69A1F8BD6B}\.cr\vc_redist.x64.exe,,Malware Staging,40,MEDIUM,,,,,Execution from user-writable path: c:\windows\temp\{20a855c1-ae88-4232-8344-2b69a1f8bd6b}\.cr\vc_redist.x64.exe
49,"Jun 1, 2026 @ 14:21:45.811",AH-A9B1B147,TA0001,Initial Access,0,C:\Windows\Temp\{20A855C1-AE88-4232-8344-2B69A1F8BD6B}\.cr\vc_redist.x64.exe,,Malware Staging,20,LOW,,,,,Execution from user-writable path: c:\windows\temp\{20a855c1-ae88-4232-8344-2b69a1f8bd6b}\.cr\vc_redist.x64.exe
50,"Jun 1, 2026 @ 14:21:45.812",AH-5F94BA7A,TA0001,Initial Access,0,C:\Windows\Temp\{20A855C1-AE88-4232-8344-2B69A1F8BD6B}\.cr\vc_redist.x64.exe,,Malware Staging,20,LOW,,,,,Execution from user-writable path: c:\windows\temp\{20a855c1-ae88-4232-8344-2b69a1f8bd6b}\.cr\vc_redist.x64.exe
51,"Jun 1, 2026 @ 14:21:45.813",AH-F087C657,TA0001,Initial Access,0,C:\Windows\Temp\{20A855C1-AE88-4232-8344-2B69A1F8BD6B}\.cr\vc_redist.x64.exe,,Malware Staging,40,MEDIUM,,,,,Execution from user-writable path: c:\windows\temp\{20a855c1-ae88-4232-8344-2b69a1f8bd6b}\.cr\vc_redist.x64.exe
52,"Jun 1, 2026 @ 14:21:45.814",AH-667D9F22,TA0001,Initial Access,0,C:\Windows\Temp\{20A855C1-AE88-4232-8344-2B69A1F8BD6B}\.cr\vc_redist.x64.exe,,Malware Staging,20,LOW,,,,,Execution from user-writable path: c:\windows\temp\{20a855c1-ae88-4232-8344-2b69a1f8bd6b}\.cr\vc_redist.x64.exe
53,"Jun 1, 2026 @ 14:21:45.815",AH-C11EF935,TA0001,Initial Access,0,C:\Windows\Temp\{20A855C1-AE88-4232-8344-2B69A1F8BD6B}\.cr\vc_redist.x64.exe,,Malware Staging,40,MEDIUM,,,,,Execution from user-writable path: c:\windows\temp\{20a855c1-ae88-4232-8344-2b69a1f8bd6b}\.cr\vc_redist.x64.exe
54,"Jun 1, 2026 @ 14:21:45.816",AH-60F6AD3B,TA0001,Initial Access,0,C:\Windows\Temp\{20A855C1-AE88-4232-8344-2B69A1F8BD6B}\.cr\vc_redist.x64.exe,,Malware Staging,20,LOW,,,,,Execution from user-writable path: c:\windows\temp\{20a855c1-ae88-4232-8344-2b69a1f8bd6b}\.cr\vc_redist.x64.exe
55,"Jun 1, 2026 @ 14:21:45.817",AH-24CF2062,TA0001,Initial Access,0,C:\Windows\Temp\{20A855C1-AE88-4232-8344-2B69A1F8BD6B}\.cr\vc_redist.x64.exe,,Malware Staging,40,MEDIUM,,,,,Execution from user-writable path: c:\windows\temp\{20a855c1-ae88-4232-8344-2b69a1f8bd6b}\.cr\vc_redist.x64.exe
56,"Jun 1, 2026 @ 14:21:45.818",AH-AEEFD114,TA0001,Initial Access,0,C:\Windows\Temp\{20A855C1-AE88-4232-8344-2B69A1F8BD6B}\.cr\vc_redist.x64.exe,,Malware Staging,20,LOW,,,,,Execution from user-writable path: c:\windows\temp\{20a855c1-ae88-4232-8344-2b69a1f8bd6b}\.cr\vc_redist.x64.exe
57,"Jun 1, 2026 @ 14:21:45.819",AH-0596CDBF,TA0001,Initial Access,0,C:\Windows\Temp\{20A855C1-AE88-4232-8344-2B69A1F8BD6B}\.cr\vc_redist.x64.exe,,Malware Staging,40,MEDIUM,,,,,Execution from user-writable path: c:\windows\temp\{20a855c1-ae88-4232-8344-2b69a1f8bd6b}\.cr\vc_redist.x64.exe
58,"Jun 1, 2026 @ 14:21:45.820",AH-366797D3,TA0001,Initial Access,0,C:\Windows\Temp\{20A855C1-AE88-4232-8344-2B69A1F8BD6B}\.cr\vc_redist.x64.exe,,Malware Staging,20,LOW,,,,,Execution from user-writable path: c:\windows\temp\{20a855c1-ae88-4232-8344-2b69a1f8bd6b}\.cr\vc_redist.x64.exe
59,"Jun 1, 2026 @ 14:21:45.821",AH-2A66CCFC,TA0001,Initial Access,0,C:\Windows\Temp\{20A855C1-AE88-4232-8344-2B69A1F8BD6B}\.cr\vc_redist.x64.exe,,Malware Staging,20,LOW,,,,,Execution from user-writable path: c:\windows\temp\{20a855c1-ae88-4232-8344-2b69a1f8bd6b}\.cr\vc_redist.x64.exe
60,"Jun 1, 2026 @ 14:21:45.822",AH-E459760E,TA0001,Initial Access,0,C:\Windows\Temp\{20A855C1-AE88-4232-8344-2B69A1F8BD6B}\.cr\vc_redist.x64.exe,,Malware Staging,20,LOW,,,,,Execution from user-writable path: c:\windows\temp\{20a855c1-ae88-4232-8344-2b69a1f8bd6b}\.cr\vc_redist.x64.exe
61,"Jun 1, 2026 @ 14:21:45.823",AH-7EBE900E,TA0001,Initial Access,0,C:\Windows\Temp\{20A855C1-AE88-4232-8344-2B69A1F8BD6B}\.cr\vc_redist.x64.exe,,Malware Staging,40,MEDIUM,,,,,Execution from user-writable path: c:\windows\temp\{20a855c1-ae88-4232-8344-2b69a1f8bd6b}\.cr\vc_redist.x64.exe
62,"Jun 1, 2026 @ 14:21:45.824",AH-742A988F,TA0001,Initial Access,0,C:\Windows\Temp\{20A855C1-AE88-4232-8344-2B69A1F8BD6B}\.cr\vc_redist.x64.exe,,Malware Staging,40,MEDIUM,,,,,Execution from user-writable path: c:\windows\temp\{20a855c1-ae88-4232-8344-2b69a1f8bd6b}\.cr\vc_redist.x64.exe
63,"Jun 1, 2026 @ 14:21:45.825",AH-021BEC8F,TA0001,Initial Access,0,C:\Windows\Temp\{20A855C1-AE88-4232-8344-2B69A1F8BD6B}\.cr\vc_redist.x64.exe,,Malware Staging,20,LOW,,,,,Execution from user-writable path: c:\windows\temp\{20a855c1-ae88-4232-8344-2b69a1f8bd6b}\.cr\vc_redist.x64.exe
64,"Jun 1, 2026 @ 14:21:45.826",AH-68C29731,TA0001,Initial Access,0,C:\Windows\Temp\{20A855C1-AE88-4232-8344-2B69A1F8BD6B}\.cr\vc_redist.x64.exe,,Malware Staging,40,MEDIUM,,,,,Execution from user-writable path: c:\windows\temp\{20a855c1-ae88-4232-8344-2b69a1f8bd6b}\.cr\vc_redist.x64.exe
65,"Jun 1, 2026 @ 14:21:45.827",AH-BD697DFE,TA0001,Initial Access,0,C:\Windows\Temp\{20A855C1-AE88-4232-8344-2B69A1F8BD6B}\.cr\vc_redist.x64.exe,,Malware Staging,60,HIGH,,,,,Execution from user-writable path: c:\windows\temp\{20a855c1-ae88-4232-8344-2b69a1f8bd6b}\.cr\vc_redist.x64.exe
66,"Jun 1, 2026 @ 14:21:45.828",AH-0BFB9F36,TA0001,Initial Access,0,C:\Windows\Temp\{20A855C1-AE88-4232-8344-2B69A1F8BD6B}\.cr\vc_redist.x64.exe,,Malware Staging,20,LOW,,,,,Execution from user-writable path: c:\windows\temp\{20a855c1-ae88-4232-8344-2b69a1f8bd6b}\.cr\vc_redist.x64.exe
67,"Jun 1, 2026 @ 14:21:45.830",AH-C6A0D886,TA0001,Initial Access,0,C:\Windows\Temp\{20A855C1-AE88-4232-8344-2B69A1F8BD6B}\.cr\vc_redist.x64.exe,,Malware Staging,20,LOW,,,,,Execution from user-writable path: c:\windows\temp\{20a855c1-ae88-4232-8344-2b69a1f8bd6b}\.cr\vc_redist.x64.exe
68,"Jun 1, 2026 @ 14:21:45.853",AH-451EEBCE,TA0001,Initial Access,0,C:\Windows\Temp\{20A855C1-AE88-4232-8344-2B69A1F8BD6B}\.cr\vc_redist.x64.exe,C:\Program Files\Microsoft Office\root\Integration\Addons\vc_redist.x64.exe,Malware Staging,20,LOW,,,,,Execution from user-writable path: c:\windows\temp\{20a855c1-ae88-4232-8344-2b69a1f8bd6b}\.cr\vc_redist.x64.exe
69,"Jun 1, 2026 @ 14:21:46.217",AH-EE140E04,TA0001,Initial Access,0,C:\Windows\Temp\{27E1843A-2F51-4486-B11C-361AB8D51008}\.cr\vc_redist.x86.exe,C:\Program Files\Microsoft Office\root\Integration\Addons\vc_redist.x86.exe,Malware Staging,20,LOW,,,,,Execution from user-writable path: c:\windows\temp\{27e1843a-2f51-4486-b11c-361ab8d51008}\.cr\vc_redist.x86.exe
70,"Jun 1, 2026 @ 14:21:46.301",AH-A9179B14,TA0001,Initial Access,0,C:\Windows\Temp\{27E1843A-2F51-4486-B11C-361AB8D51008}\.cr\vc_redist.x86.exe,,Malware Staging,20,LOW,,,,,Execution from user-writable path: c:\windows\temp\{27e1843a-2f51-4486-b11c-361ab8d51008}\.cr\vc_redist.x86.exe
71,"Jun 1, 2026 @ 14:21:46.326",AH-C826FAB3,TA0001,Initial Access,0,C:\Windows\Temp\{27E1843A-2F51-4486-B11C-361AB8D51008}\.cr\vc_redist.x86.exe,,Malware Staging,20,LOW,,,,,Execution from user-writable path: c:\windows\temp\{27e1843a-2f51-4486-b11c-361ab8d51008}\.cr\vc_redist.x86.exe
72,"Jun 1, 2026 @ 14:21:46.327",AH-6D52022D,TA0001,Initial Access,0,C:\Windows\Temp\{27E1843A-2F51-4486-B11C-361AB8D51008}\.cr\vc_redist.x86.exe,,Malware Staging,20,LOW,,,,,Execution from user-writable path: c:\windows\temp\{27e1843a-2f51-4486-b11c-361ab8d51008}\.cr\vc_redist.x86.exe
73,"Jun 1, 2026 @ 14:21:46.328",AH-FD91C23A,TA0001,Initial Access,0,C:\Windows\Temp\{27E1843A-2F51-4486-B11C-361AB8D51008}\.cr\vc_redist.x86.exe,,Malware Staging,20,LOW,,,,,Execution from user-writable path: c:\windows\temp\{27e1843a-2f51-4486-b11c-361ab8d51008}\.cr\vc_redist.x86.exe
74,"Jun 1, 2026 @ 14:21:46.329",AH-D26CBF8A,TA0001,Initial Access,0,C:\Windows\Temp\{27E1843A-2F51-4486-B11C-361AB8D51008}\.cr\vc_redist.x86.exe,,Malware Staging,20,LOW,,,,,Execution from user-writable path: c:\windows\temp\{27e1843a-2f51-4486-b11c-361ab8d51008}\.cr\vc_redist.x86.exe
75,"Jun 1, 2026 @ 14:21:46.330",AH-160CA454,TA0001,Initial Access,0,C:\Windows\Temp\{27E1843A-2F51-4486-B11C-361AB8D51008}\.cr\vc_redist.x86.exe,,Malware Staging,20,LOW,,,,,Execution from user-writable path: c:\windows\temp\{27e1843a-2f51-4486-b11c-361ab8d51008}\.cr\vc_redist.x86.exe
76,"Jun 1, 2026 @ 14:21:46.333",AH-DA5047DC,TA0001,Initial Access,0,C:\Windows\Temp\{27E1843A-2F51-4486-B11C-361AB8D51008}\.cr\vc_redist.x86.exe,,Malware Staging,20,LOW,,,,,Execution from user-writable path: c:\windows\temp\{27e1843a-2f51-4486-b11c-361ab8d51008}\.cr\vc_redist.x86.exe
77,"Jun 1, 2026 @ 14:21:46.334",AH-B5E243FB,TA0001,Initial Access,0,C:\Windows\Temp\{27E1843A-2F51-4486-B11C-361AB8D51008}\.cr\vc_redist.x86.exe,,Malware Staging,20,LOW,,,,,Execution from user-writable path: c:\windows\temp\{27e1843a-2f51-4486-b11c-361ab8d51008}\.cr\vc_redist.x86.exe
78,"Jun 1, 2026 @ 14:21:46.335",AH-563578A3,TA0001,Initial Access,0,C:\Windows\Temp\{27E1843A-2F51-4486-B11C-361AB8D51008}\.cr\vc_redist.x86.exe,,Malware Staging,20,LOW,,,,,Execution from user-writable path: c:\windows\temp\{27e1843a-2f51-4486-b11c-361ab8d51008}\.cr\vc_redist.x86.exe
79,"Jun 1, 2026 @ 14:21:46.337",AH-8B46AEA5,TA0001,Initial Access,0,C:\Windows\Temp\{27E1843A-2F51-4486-B11C-361AB8D51008}\.cr\vc_redist.x86.exe,,Malware Staging,20,LOW,,,,,Execution from user-writable path: c:\windows\temp\{27e1843a-2f51-4486-b11c-361ab8d51008}\.cr\vc_redist.x86.exe
80,"Jun 1, 2026 @ 14:21:46.339",AH-BD3E78E2,TA0001,Initial Access,0,C:\Windows\Temp\{27E1843A-2F51-4486-B11C-361AB8D51008}\.cr\vc_redist.x86.exe,,Malware Staging,20,LOW,,,,,Execution from user-writable path: c:\windows\temp\{27e1843a-2f51-4486-b11c-361ab8d51008}\.cr\vc_redist.x86.exe
81,"Jun 1, 2026 @ 14:21:46.340",AH-7C140CED,TA0001,Initial Access,0,C:\Windows\Temp\{27E1843A-2F51-4486-B11C-361AB8D51008}\.cr\vc_redist.x86.exe,,Malware Staging,20,LOW,,,,,Execution from user-writable path: c:\windows\temp\{27e1843a-2f51-4486-b11c-361ab8d51008}\.cr\vc_redist.x86.exe
82,"Jun 1, 2026 @ 14:21:46.341",AH-3EC5070C,TA0001,Initial Access,0,C:\Windows\Temp\{27E1843A-2F51-4486-B11C-361AB8D51008}\.cr\vc_redist.x86.exe,,Malware Staging,20,LOW,,,,,Execution from user-writable path: c:\windows\temp\{27e1843a-2f51-4486-b11c-361ab8d51008}\.cr\vc_redist.x86.exe
83,"Jun 1, 2026 @ 14:21:46.342",AH-5B30CFE3,TA0001,Initial Access,0,C:\Windows\Temp\{27E1843A-2F51-4486-B11C-361AB8D51008}\.cr\vc_redist.x86.exe,,Malware Staging,20,LOW,,,,,Execution from user-writable path: c:\windows\temp\{27e1843a-2f51-4486-b11c-361ab8d51008}\.cr\vc_redist.x86.exe
84,"Jun 1, 2026 @ 14:21:46.344",AH-139C0FBE,TA0001,Initial Access,0,C:\Windows\Temp\{27E1843A-2F51-4486-B11C-361AB8D51008}\.cr\vc_redist.x86.exe,,Malware Staging,20,LOW,,,,,Execution from user-writable path: c:\windows\temp\{27e1843a-2f51-4486-b11c-361ab8d51008}\.cr\vc_redist.x86.exe
85,"Jun 1, 2026 @ 14:21:46.345",AH-A482AC97,TA0001,Initial Access,0,C:\Windows\Temp\{27E1843A-2F51-4486-B11C-361AB8D51008}\.cr\vc_redist.x86.exe,,Malware Staging,20,LOW,,,,,Execution from user-writable path: c:\windows\temp\{27e1843a-2f51-4486-b11c-361ab8d51008}\.cr\vc_redist.x86.exe
86,"Jun 1, 2026 @ 14:21:46.346",AH-D1740023,TA0001,Initial Access,0,C:\Windows\Temp\{27E1843A-2F51-4486-B11C-361AB8D51008}\.cr\vc_redist.x86.exe,,Malware Staging,20,LOW,,,,,Execution from user-writable path: c:\windows\temp\{27e1843a-2f51-4486-b11c-361ab8d51008}\.cr\vc_redist.x86.exe
87,"Jun 1, 2026 @ 14:21:46.347",AH-1245D5B4,TA0001,Initial Access,0,C:\Windows\Temp\{27E1843A-2F51-4486-B11C-361AB8D51008}\.cr\vc_redist.x86.exe,,Malware Staging,20,LOW,,,,,Execution from user-writable path: c:\windows\temp\{27e1843a-2f51-4486-b11c-361ab8d51008}\.cr\vc_redist.x86.exe
88,"Jun 1, 2026 @ 14:21:46.349",AH-F504F222,TA0001,Initial Access,0,C:\Windows\Temp\{27E1843A-2F51-4486-B11C-361AB8D51008}\.cr\vc_redist.x86.exe,,Malware Staging,20,LOW,,,,,Execution from user-writable path: c:\windows\temp\{27e1843a-2f51-4486-b11c-361ab8d51008}\.cr\vc_redist.x86.exe
89,"Jun 1, 2026 @ 14:21:46.350",AH-7659A30F,TA0001,Initial Access,0,C:\Windows\Temp\{27E1843A-2F51-4486-B11C-361AB8D51008}\.cr\vc_redist.x86.exe,,Malware Staging,20,LOW,,,,,Execution from user-writable path: c:\windows\temp\{27e1843a-2f51-4486-b11c-361ab8d51008}\.cr\vc_redist.x86.exe
90,"Jun 1, 2026 @ 14:21:46.351",AH-00F92314,TA0001,Initial Access,0,C:\Windows\Temp\{27E1843A-2F51-4486-B11C-361AB8D51008}\.cr\vc_redist.x86.exe,,Malware Staging,20,LOW,,,,,Execution from user-writable path: c:\windows\temp\{27e1843a-2f51-4486-b11c-361ab8d51008}\.cr\vc_redist.x86.exe
91,"Jun 1, 2026 @ 14:21:46.352",AH-EDB5023B,TA0001,Initial Access,0,C:\Windows\Temp\{27E1843A-2F51-4486-B11C-361AB8D51008}\.cr\vc_redist.x86.exe,,Malware Staging,20,LOW,,,,,Execution from user-writable path: c:\windows\temp\{27e1843a-2f51-4486-b11c-361ab8d51008}\.cr\vc_redist.x86.exe
92,"Jun 1, 2026 @ 14:21:46.355",AH-9374917A,TA0001,Initial Access,0,C:\Windows\Temp\{27E1843A-2F51-4486-B11C-361AB8D51008}\.cr\vc_redist.x86.exe,,Malware Staging,20,LOW,,,,,Execution from user-writable path: c:\windows\temp\{27e1843a-2f51-4486-b11c-361ab8d51008}\.cr\vc_redist.x86.exe
93,"Jun 1, 2026 @ 14:21:46.356",AH-6E86B9DA,TA0001,Initial Access,0,C:\Windows\Temp\{27E1843A-2F51-4486-B11C-361AB8D51008}\.cr\vc_redist.x86.exe,,Malware Staging,20,LOW,,,,,Execution from user-writable path: c:\windows\temp\{27e1843a-2f51-4486-b11c-361ab8d51008}\.cr\vc_redist.x86.exe
94,"Jun 1, 2026 @ 14:21:46.357",AH-9F9DB173,TA0001,Initial Access,0,C:\Windows\Temp\{27E1843A-2F51-4486-B11C-361AB8D51008}\.cr\vc_redist.x86.exe,,Malware Staging,20,LOW,,,,,Execution from user-writable path: c:\windows\temp\{27e1843a-2f51-4486-b11c-361ab8d51008}\.cr\vc_redist.x86.exe
95,"Jun 1, 2026 @ 14:21:46.358",AH-91BBBBAE,TA0001,Initial Access,0,C:\Windows\Temp\{27E1843A-2F51-4486-B11C-361AB8D51008}\.cr\vc_redist.x86.exe,,Malware Staging,20,LOW,,,,,Execution from user-writable path: c:\windows\temp\{27e1843a-2f51-4486-b11c-361ab8d51008}\.cr\vc_redist.x86.exe
96,"Jun 1, 2026 @ 14:21:46.360",AH-8E11B926,TA0001,Initial Access,0,C:\Windows\Temp\{27E1843A-2F51-4486-B11C-361AB8D51008}\.cr\vc_redist.x86.exe,,Malware Staging,20,LOW,,,,,Execution from user-writable path: c:\windows\temp\{27e1843a-2f51-4486-b11c-361ab8d51008}\.cr\vc_redist.x86.exe
97,"Jun 1, 2026 @ 14:21:46.361",AH-B9673940,TA0001,Initial Access,0,C:\Windows\Temp\{27E1843A-2F51-4486-B11C-361AB8D51008}\.cr\vc_redist.x86.exe,,Malware Staging,20,LOW,,,,,Execution from user-writable path: c:\windows\temp\{27e1843a-2f51-4486-b11c-361ab8d51008}\.cr\vc_redist.x86.exe
98,"Jun 1, 2026 @ 14:21:46.364",AH-D5038306,TA0001,Initial Access,0,C:\Windows\Temp\{27E1843A-2F51-4486-B11C-361AB8D51008}\.cr\vc_redist.x86.exe,,Malware Staging,20,LOW,,,,,Execution from user-writable path: c:\windows\temp\{27e1843a-2f51-4486-b11c-361ab8d51008}\.cr\vc_redist.x86.exe
99,"Jun 1, 2026 @ 14:21:46.365",AH-632006EA,TA0001,Initial Access,0,C:\Windows\Temp\{27E1843A-2F51-4486-B11C-361AB8D51008}\.cr\vc_redist.x86.exe,,Malware Staging,20,LOW,,,,,Execution from user-writable path: c:\windows\temp\{27e1843a-2f51-4486-b11c-361ab8d51008}\.cr\vc_redist.x86.exe
100,"Jun 1, 2026 @ 14:21:46.366",AH-32D72F73,TA0001,Initial Access,0,C:\Windows\Temp\{27E1843A-2F51-4486-B11C-361AB8D51008}\.cr\vc_redist.x86.exe,,Malware Staging,20,LOW,,,,,Execution from user-writable path: c:\windows\temp\{27e1843a-2f51-4486-b11c-361ab8d51008}\.cr\vc_redist.x86.exe
101,"Jun 1, 2026 @ 14:21:46.367",AH-87602474,TA0001,Initial Access,0,C:\Windows\Temp\{27E1843A-2F51-4486-B11C-361AB8D51008}\.cr\vc_redist.x86.exe,,Malware Staging,20,LOW,,,,,Execution from user-writable path: c:\windows\temp\{27e1843a-2f51-4486-b11c-361ab8d51008}\.cr\vc_redist.x86.exe
102,"Jun 1, 2026 @ 14:21:46.368",AH-FDDEDD80,TA0001,Initial Access,0,C:\Windows\Temp\{27E1843A-2F51-4486-B11C-361AB8D51008}\.cr\vc_redist.x86.exe,,Malware Staging,20,LOW,,,,,Execution from user-writable path: c:\windows\temp\{27e1843a-2f51-4486-b11c-361ab8d51008}\.cr\vc_redist.x86.exe
103,"Jun 1, 2026 @ 14:21:46.854",AH-ADDA9663,TA0001,Initial Access,0,C:\Windows\Temp\{27E1843A-2F51-4486-B11C-361AB8D51008}\.cr\vc_redist.x86.exe,,Malware Staging,20,LOW,,,,,Execution from user-writable path: c:\windows\temp\{27e1843a-2f51-4486-b11c-361ab8d51008}\.cr\vc_redist.x86.exe
104,"Jun 1, 2026 @ 14:21:46.981",AH-A8C06718,TA0001,Initial Access,0,C:\Windows\Temp\{27E1843A-2F51-4486-B11C-361AB8D51008}\.cr\vc_redist.x86.exe,,Malware Staging,20,LOW,,,,,Execution from user-writable path: c:\windows\temp\{27e1843a-2f51-4486-b11c-361ab8d51008}\.cr\vc_redist.x86.exe
105,"Jun 1, 2026 @ 14:21:47.048",AH-045137B1,TA0001,Initial Access,0,C:\Windows\Temp\{27E1843A-2F51-4486-B11C-361AB8D51008}\.cr\vc_redist.x86.exe,,Malware Staging,20,LOW,,,,HKEY_USERS\S-1-5-21-3330616437-3750286687-2521933251-1001\Software\Microsoft\Windows\CurrentVersion\Internet Settings\ZoneMap\ProxyBypass,Execution from user-writable path: c:\windows\temp\{27e1843a-2f51-4486-b11c-361ab8d51008}\.cr\vc_redist.x86.exe
106,"Jun 1, 2026 @ 14:21:47.049",AH-09160C62,TA0001,Initial Access,0,C:\Windows\Temp\{27E1843A-2F51-4486-B11C-361AB8D51008}\.cr\vc_redist.x86.exe,,Malware Staging,40,MEDIUM,,,,HKEY_USERS\S-1-5-21-3330616437-3750286687-2521933251-1001\Software\Microsoft\Windows\CurrentVersion\Internet Settings\ZoneMap\IntranetName,Execution from user-writable path: c:\windows\temp\{27e1843a-2f51-4486-b11c-361ab8d51008}\.cr\vc_redist.x86.exe
107,"Jun 1, 2026 @ 14:21:47.050",AH-356C17AC,TA0001,Initial Access,0,C:\Windows\Temp\{27E1843A-2F51-4486-B11C-361AB8D51008}\.cr\vc_redist.x86.exe,,Malware Staging,20,LOW,,,,HKEY_USERS\S-1-5-21-3330616437-3750286687-2521933251-1001\Software\Microsoft\Windows\CurrentVersion\Internet Settings\ZoneMap\AutoDetect,Execution from user-writable path: c:\windows\temp\{27e1843a-2f51-4486-b11c-361ab8d51008}\.cr\vc_redist.x86.exe
108,"Jun 1, 2026 @ 14:21:47.088",AH-F3BE4000,TA0001,Initial Access,0,C:\Windows\Temp\{4D6017BE-87C2-47B2-8E1B-AA3353D660BA}\.be\VC_redist.x86.exe,C:\Windows\Temp\{27E1843A-2F51-4486-B11C-361AB8D51008}\.cr\vc_redist.x86.exe,Malware Staging,20,LOW,,,,,Execution from user-writable path: c:\windows\temp\{4d6017be-87c2-47b2-8e1b-aa3353d660ba}\.be\vc_redist.x86.exe
109,"Jun 1, 2026 @ 14:21:47.167",AH-EF7DF6DC,TA0001,Initial Access,0,C:\Windows\Temp\{4D6017BE-87C2-47B2-8E1B-AA3353D660BA}\.be\VC_redist.x86.exe,,Malware Staging,20,LOW,,,,,Execution from user-writable path: c:\windows\temp\{4d6017be-87c2-47b2-8e1b-aa3353d660ba}\.be\vc_redist.x86.exe
110,"Jun 1, 2026 @ 14:21:47.342",AH-8D61AAC5,TA0001,Initial Access,0,C:\Windows\Temp\{4D6017BE-87C2-47B2-8E1B-AA3353D660BA}\.be\VC_redist.x86.exe,,Malware Staging,20,LOW,,,,,Execution from user-writable path: c:\windows\temp\{4d6017be-87c2-47b2-8e1b-aa3353d660ba}\.be\vc_redist.x86.exe
111,"Jun 1, 2026 @ 14:21:47.360",AH-628BD972,TA0001,Initial Access,0,C:\Windows\Temp\{4D6017BE-87C2-47B2-8E1B-AA3353D660BA}\.be\VC_redist.x86.exe,,Malware Staging,20,LOW,,,,,Execution from user-writable path: c:\windows\temp\{4d6017be-87c2-47b2-8e1b-aa3353d660ba}\.be\vc_redist.x86.exe
112,"Jun 1, 2026 @ 14:21:47.380",AH-CFED8990,TA0001,Initial Access,0,C:\Windows\Temp\{4D6017BE-87C2-47B2-8E1B-AA3353D660BA}\.be\VC_redist.x86.exe,C:\Windows\Temp\{27E1843A-2F51-4486-B11C-361AB8D51008}\.cr\vc_redist.x86.exe,Malware Staging,20,LOW,,,,,Execution from user-writable path: c:\windows\temp\{4d6017be-87c2-47b2-8e1b-aa3353d660ba}\.be\vc_redist.x86.exe
113,"Jun 1, 2026 @ 14:21:47.384",AH-135F40A2,TA0001,Initial Access,0,C:\Windows\Temp\{27E1843A-2F51-4486-B11C-361AB8D51008}\.cr\vc_redist.x86.exe,,Malware Staging,40,MEDIUM,,,,,Execution from user-writable path: c:\windows\temp\{27e1843a-2f51-4486-b11c-361ab8d51008}\.cr\vc_redist.x86.exe
114,"Jun 1, 2026 @ 14:21:47.386",AH-0700ED2A,TA0001,Initial Access,0,C:\Windows\Temp\{27E1843A-2F51-4486-B11C-361AB8D51008}\.cr\vc_redist.x86.exe,,Malware Staging,40,MEDIUM,,,,,Execution from user-writable path: c:\windows\temp\{27e1843a-2f51-4486-b11c-361ab8d51008}\.cr\vc_redist.x86.exe
115,"Jun 1, 2026 @ 14:21:47.387",AH-F8BDE282,TA0001,Initial Access,0,C:\Windows\Temp\{27E1843A-2F51-4486-B11C-361AB8D51008}\.cr\vc_redist.x86.exe,,Malware Staging,40,MEDIUM,,,,,Execution from user-writable path: c:\windows\temp\{27e1843a-2f51-4486-b11c-361ab8d51008}\.cr\vc_redist.x86.exe
116,"Jun 1, 2026 @ 14:21:47.388",AH-2B7DFBEC,TA0001,Initial Access,0,C:\Windows\Temp\{27E1843A-2F51-4486-B11C-361AB8D51008}\.cr\vc_redist.x86.exe,,Malware Staging,40,MEDIUM,,,,,Execution from user-writable path: c:\windows\temp\{27e1843a-2f51-4486-b11c-361ab8d51008}\.cr\vc_redist.x86.exe
117,"Jun 1, 2026 @ 14:21:47.389",AH-20E2FE36,TA0001,Initial Access,0,C:\Windows\Temp\{27E1843A-2F51-4486-B11C-361AB8D51008}\.cr\vc_redist.x86.exe,,Malware Staging,40,MEDIUM,,,,,Execution from user-writable path: c:\windows\temp\{27e1843a-2f51-4486-b11c-361ab8d51008}\.cr\vc_redist.x86.exe
118,"Jun 1, 2026 @ 14:21:47.390",AH-6CC0A5CE,TA0001,Initial Access,0,C:\Windows\Temp\{27E1843A-2F51-4486-B11C-361AB8D51008}\.cr\vc_redist.x86.exe,,Malware Staging,40,MEDIUM,,,,,Execution from user-writable path: c:\windows\temp\{27e1843a-2f51-4486-b11c-361ab8d51008}\.cr\vc_redist.x86.exe
119,"Jun 1, 2026 @ 14:21:47.391",AH-66CA8ABB,TA0001,Initial Access,0,C:\Windows\Temp\{27E1843A-2F51-4486-B11C-361AB8D51008}\.cr\vc_redist.x86.exe,,Malware Staging,40,MEDIUM,,,,,Execution from user-writable path: c:\windows\temp\{27e1843a-2f51-4486-b11c-361ab8d51008}\.cr\vc_redist.x86.exe
120,"Jun 1, 2026 @ 14:21:47.392",AH-72251B2B,TA0001,Initial Access,0,C:\Windows\Temp\{27E1843A-2F51-4486-B11C-361AB8D51008}\.cr\vc_redist.x86.exe,,Malware Staging,60,HIGH,,,,,Execution from user-writable path: c:\windows\temp\{27e1843a-2f51-4486-b11c-361ab8d51008}\.cr\vc_redist.x86.exe
121,"Jun 1, 2026 @ 14:21:47.393",AH-A5EB4B42,TA0001,Initial Access,0,C:\Windows\Temp\{27E1843A-2F51-4486-B11C-361AB8D51008}\.cr\vc_redist.x86.exe,,Malware Staging,40,MEDIUM,,,,,Execution from user-writable path: c:\windows\temp\{27e1843a-2f51-4486-b11c-361ab8d51008}\.cr\vc_redist.x86.exe
122,"Jun 1, 2026 @ 14:21:47.394",AH-2EAD3033,TA0001,Initial Access,0,C:\Windows\Temp\{27E1843A-2F51-4486-B11C-361AB8D51008}\.cr\vc_redist.x86.exe,,Malware Staging,40,MEDIUM,,,,,Execution from user-writable path: c:\windows\temp\{27e1843a-2f51-4486-b11c-361ab8d51008}\.cr\vc_redist.x86.exe
123,"Jun 1, 2026 @ 14:21:47.395",AH-5287089C,TA0001,Initial Access,0,C:\Windows\Temp\{27E1843A-2F51-4486-B11C-361AB8D51008}\.cr\vc_redist.x86.exe,,Malware Staging,60,HIGH,,,,,Execution from user-writable path: c:\windows\temp\{27e1843a-2f51-4486-b11c-361ab8d51008}\.cr\vc_redist.x86.exe
124,"Jun 1, 2026 @ 14:21:47.396",AH-279BC4E9,TA0001,Initial Access,0,C:\Windows\Temp\{27E1843A-2F51-4486-B11C-361AB8D51008}\.cr\vc_redist.x86.exe,,Malware Staging,40,MEDIUM,,,,,Execution from user-writable path: c:\windows\temp\{27e1843a-2f51-4486-b11c-361ab8d51008}\.cr\vc_redist.x86.exe
125,"Jun 1, 2026 @ 14:21:47.397",AH-86F64820,TA0001,Initial Access,0,C:\Windows\Temp\{27E1843A-2F51-4486-B11C-361AB8D51008}\.cr\vc_redist.x86.exe,,Malware Staging,20,LOW,,,,,Execution from user-writable path: c:\windows\temp\{27e1843a-2f51-4486-b11c-361ab8d51008}\.cr\vc_redist.x86.exe
126,"Jun 1, 2026 @ 14:21:47.398",AH-41104B4B,TA0001,Initial Access,0,C:\Windows\Temp\{27E1843A-2F51-4486-B11C-361AB8D51008}\.cr\vc_redist.x86.exe,,Malware Staging,40,MEDIUM,,,,,Execution from user-writable path: c:\windows\temp\{27e1843a-2f51-4486-b11c-361ab8d51008}\.cr\vc_redist.x86.exe
127,"Jun 1, 2026 @ 14:21:47.399",AH-F12DDEB9,TA0001,Initial Access,0,C:\Windows\Temp\{27E1843A-2F51-4486-B11C-361AB8D51008}\.cr\vc_redist.x86.exe,,Malware Staging,40,MEDIUM,,,,,Execution from user-writable path: c:\windows\temp\{27e1843a-2f51-4486-b11c-361ab8d51008}\.cr\vc_redist.x86.exe
128,"Jun 1, 2026 @ 14:21:47.400",AH-20827E08,TA0001,Initial Access,0,C:\Windows\Temp\{27E1843A-2F51-4486-B11C-361AB8D51008}\.cr\vc_redist.x86.exe,,Malware Staging,20,LOW,,,,,Execution from user-writable path: c:\windows\temp\{27e1843a-2f51-4486-b11c-361ab8d51008}\.cr\vc_redist.x86.exe
129,"Jun 1, 2026 @ 14:21:47.401",AH-C1324754,TA0001,Initial Access,0,C:\Windows\Temp\{27E1843A-2F51-4486-B11C-361AB8D51008}\.cr\vc_redist.x86.exe,,Malware Staging,20,LOW,,,,,Execution from user-writable path: c:\windows\temp\{27e1843a-2f51-4486-b11c-361ab8d51008}\.cr\vc_redist.x86.exe
130,"Jun 1, 2026 @ 14:21:47.402",AH-666F913A,TA0001,Initial Access,0,C:\Windows\Temp\{27E1843A-2F51-4486-B11C-361AB8D51008}\.cr\vc_redist.x86.exe,,Malware Staging,20,LOW,,,,,Execution from user-writable path: c:\windows\temp\{27e1843a-2f51-4486-b11c-361ab8d51008}\.cr\vc_redist.x86.exe
131,"Jun 1, 2026 @ 14:21:47.408",AH-580D1B4C,TA0001,Initial Access,0,C:\Windows\Temp\{27E1843A-2F51-4486-B11C-361AB8D51008}\.cr\vc_redist.x86.exe,C:\Program Files\Microsoft Office\root\Integration\Addons\vc_redist.x86.exe,Malware Staging,20,LOW,,,,,Execution from user-writable path: c:\windows\temp\{27e1843a-2f51-4486-b11c-361ab8d51008}\.cr\vc_redist.x86.exe
132,"Jun 1, 2026 @ 14:21:57.994",AH-B8F9C898,TA0001,Initial Access,0,C:\Windows\explorer.exe,,Malware Staging,20,LOW,,,,,Execution from user-writable path: c:\windows\explorer.exe
133,"Jun 1, 2026 @ 14:21:58.020",AH-95AABA5E,TA0001,Initial Access,0,C:\Windows\explorer.exe,,Malware Staging,20,LOW,,,,,Execution from user-writable path: c:\windows\explorer.exe
134,"Jun 1, 2026 @ 14:21:58.039",AH-1783A372,TA0001,Initial Access,0,C:\Windows\explorer.exe,,Malware Staging,20,LOW,,,,,Execution from user-writable path: c:\windows\explorer.exe
135,"Jun 1, 2026 @ 14:21:58.054",AH-D47A8B74,TA0001,Initial Access,0,C:\Windows\explorer.exe,,Malware Staging,20,LOW,,,,,Execution from user-writable path: c:\windows\explorer.exe
136,"Jun 1, 2026 @ 14:21:58.075",AH-2F3B42FB,TA0001,Initial Access,0,C:\Windows\explorer.exe,,Malware Staging,20,LOW,,,,,Execution from user-writable path: c:\windows\explorer.exe
137,"Jun 1, 2026 @ 14:21:58.123",AH-F3A49AA3,TA0001,Initial Access,0,C:\Windows\explorer.exe,,Malware Staging,20,LOW,,,,,Execution from user-writable path: c:\windows\explorer.exe
138,"Jun 1, 2026 @ 14:22:00.241",AH-354AC228,TA0001,Initial Access,0,C:\Users\DELL\Downloads\microsoft-365-16-0-19725-20152.exe,,Malware Staging | Sigma Match,65,HIGH,T1036,Masquerading,,,Execution from user-writable path: c:\users\dell\downloads\microsoft-365-16-0-19725-20152.exe ; Executable running from Users/ directory — possible dropper
139,"Jun 1, 2026 @ 14:22:02.433",AH-B8CB7B65,TA0001,Initial Access,0,C:\Users\DELL\Downloads\microsoft-365-16-0-19725-20152.exe,C:\Users\DELL\Downloads\microsoft-365-16-0-19725-20152.exe,Malware Staging | Rare Parent-Child | Sigma Match,80,CRITICAL,T1036,Masquerading,,,Rare process pair: microsoft-365-16-0-19725-20152.exe->microsoft-365-16-0-19725-20152.exe ; Execution from user-writable path: c:\users\dell\downloads\microsoft-365-16-0-19725-20152.exe ; Executable running from Users/ directory — possible dropper
140,"Jun 1, 2026 @ 14:22:02.458",AH-AD8B6C15,TA0001,Initial Access,0,C:\Users\DELL\Downloads\microsoft-365-16-0-19725-20152.exe,,Malware Staging | Sigma Match,65,HIGH,T1036,Masquerading,,,Execution from user-writable path: c:\users\dell\downloads\microsoft-365-16-0-19725-20152.exe ; Executable running from Users/ directory — possible dropper
141,"Jun 1, 2026 @ 14:22:04.604",AH-8BB5EA4B,TA0001,Initial Access,0,C:\Users\DELL\Downloads\microsoft-365-16-0-19725-20152.exe,,Malware Staging | Sigma Match,65,HIGH,T1036,Masquerading,,,Execution from user-writable path: c:\users\dell\downloads\microsoft-365-16-0-19725-20152.exe ; Executable running from Users/ directory — possible dropper
142,"Jun 1, 2026 @ 14:22:04.607",AH-3525F875,TA0001,Initial Access,0,C:\Users\DELL\Downloads\microsoft-365-16-0-19725-20152.exe,,Malware Staging | Sigma Match,65,HIGH,T1036,Masquerading,,,Execution from user-writable path: c:\users\dell\downloads\microsoft-365-16-0-19725-20152.exe ; Executable running from Users/ directory — possible dropper
143,"Jun 1, 2026 @ 14:22:04.649",AH-0872E047,TA0001,Initial Access,0,C:\Users\DELL\Downloads\microsoft-365-16-0-19725-20152.exe,C:\Users\DELL\Downloads\microsoft-365-16-0-19725-20152.exe,Malware Staging | Rare Parent-Child | Sigma Match,80,CRITICAL,T1036,Masquerading,,,Rare process pair: microsoft-365-16-0-19725-20152.exe->microsoft-365-16-0-19725-20152.exe ; Execution from user-writable path: c:\users\dell\downloads\microsoft-365-16-0-19725-20152.exe ; Executable running from Users/ directory — possible dropper
144,"Jun 1, 2026 @ 14:22:04.927",AH-1FFBAB2B,TA0001,Initial Access,0,C:\Users\DELL\Downloads\microsoft-365-16-0-19725-20152.exe,C:\Windows\explorer.exe,Malware Staging | Rare Parent-Child | Sigma Match,80,CRITICAL,T1036,Masquerading,,,Rare process pair: explorer.exe->microsoft-365-16-0-19725-20152.exe ; Execution from user-writable path: c:\users\dell\downloads\microsoft-365-16-0-19725-20152.exe ; Executable running from Users/ directory — possible dropper
145,"Jun 1, 2026 @ 14:22:56.885",AH-6F9F9BAD,TA0001,Initial Access,0,C:\Users\DELL\office_portable_x3.exe,C:\Windows\System32\WindowsPowerShell\v1.0\powershell.exe,Malware Staging | Sigma Match,65,HIGH,T1036,Masquerading,,,Execution from user-writable path: c:\users\dell\office_portable_x3.exe ; Executable running from Users/ directory — possible dropper
146,"Jun 1, 2026 @ 14:22:57.532",AH-AD387BE2,TA0001,Initial Access,0,C:\Users\DELL\office_portable_x3.exe,C:\Windows\System32\WindowsPowerShell\v1.0\powershell.exe,EDR Rule Detection | Malware Staging | Sigma Match,100,CRITICAL,T1036,Masquerading,,,"Security rule fired on: office_portable_x3.exe | ""C:\Users\DELL\office_portable_x3.exe""  ; Execution from user-writable path: c:\users\dell\office_portable_x3.exe ; Executable running from Users/ directory — possible dropper"
147,"Jun 1, 2026 @ 14:22:58.479",AH-AF5B0E5E,TA0001,Initial Access,0,C:\Users\DELL\office_portable_x3.exe,,Malware Staging | Sigma Match,65,HIGH,T1036,Masquerading,,,Execution from user-writable path: c:\users\dell\office_portable_x3.exe ; Executable running from Users/ directory — possible dropper
148,"Jun 1, 2026 @ 14:22:58.481",AH-2EE44A41,TA0001,Initial Access,0,C:\Users\DELL\office_portable_x3.exe,,Malware Staging | Sigma Match,65,HIGH,T1036,Masquerading,,,Execution from user-writable path: c:\users\dell\office_portable_x3.exe ; Executable running from Users/ directory — possible dropper
149,"Jun 1, 2026 @ 14:22:58.483",AH-494F80A1,TA0001,Initial Access,0,C:\Users\DELL\office_portable_x3.exe,,Malware Staging | Sigma Match,65,HIGH,T1036,Masquerading,,,Execution from user-writable path: c:\users\dell\office_portable_x3.exe ; Executable running from Users/ directory — possible dropper
150,"Jun 1, 2026 @ 14:22:58.487",AH-B053B5BE,TA0001,Initial Access,0,C:\Users\DELL\office_portable_x3.exe,,Malware Staging | Sigma Match,65,HIGH,T1036,Masquerading,,,Execution from user-writable path: c:\users\dell\office_portable_x3.exe ; Executable running from Users/ directory — possible dropper
151,"Jun 1, 2026 @ 14:22:58.494",AH-197AB1AA,TA0001,Initial Access,0,C:\Users\DELL\office_portable_x3.exe,,Malware Staging | Sigma Match,65,HIGH,T1036,Masquerading,,,Execution from user-writable path: c:\users\dell\office_portable_x3.exe ; Executable running from Users/ directory — possible dropper
152,"Jun 1, 2026 @ 14:22:58.496",AH-6255940D,TA0001,Initial Access,0,C:\Users\DELL\office_portable_x3.exe,,Malware Staging | Sigma Match,65,HIGH,T1036,Masquerading,,,Execution from user-writable path: c:\users\dell\office_portable_x3.exe ; Executable running from Users/ directory — possible dropper
153,"Jun 1, 2026 @ 14:22:58.499",AH-93D2236C,TA0001,Initial Access,0,C:\Users\DELL\office_portable_x3.exe,,Malware Staging | Sigma Match,65,HIGH,T1036,Masquerading,,,Execution from user-writable path: c:\users\dell\office_portable_x3.exe ; Executable running from Users/ directory — possible dropper
154,"Jun 1, 2026 @ 14:22:58.502",AH-2C36A514,TA0001,Initial Access,0,C:\Users\DELL\office_portable_x3.exe,,Malware Staging | Sigma Match,65,HIGH,T1036,Masquerading,,,Execution from user-writable path: c:\users\dell\office_portable_x3.exe ; Executable running from Users/ directory — possible dropper
155,"Jun 1, 2026 @ 14:22:58.503",AH-97636474,TA0001,Initial Access,0,C:\Users\DELL\office_portable_x3.exe,,Malware Staging | Sigma Match,65,HIGH,T1036,Masquerading,,,Execution from user-writable path: c:\users\dell\office_portable_x3.exe ; Executable running from Users/ directory — possible dropper
156,"Jun 1, 2026 @ 14:22:58.505",AH-F3624544,TA0001,Initial Access,0,C:\Users\DELL\office_portable_x3.exe,,Malware Staging | Sigma Match,65,HIGH,T1036,Masquerading,,,Execution from user-writable path: c:\users\dell\office_portable_x3.exe ; Executable running from Users/ directory — possible dropper
157,"Jun 1, 2026 @ 14:22:58.527",AH-1901A7C3,TA0001,Initial Access,0,C:\Users\DELL\office_portable_x3.exe,,Malware Staging | Sigma Match,65,HIGH,T1036,Masquerading,,,Execution from user-writable path: c:\users\dell\office_portable_x3.exe ; Executable running from Users/ directory — possible dropper
158,"Jun 1, 2026 @ 14:22:58.536",AH-6D75E487,TA0001,Initial Access,0,C:\Users\DELL\office_portable_x3.exe,,Malware Staging | Sigma Match,65,HIGH,T1036,Masquerading,,,Execution from user-writable path: c:\users\dell\office_portable_x3.exe ; Executable running from Users/ directory — possible dropper
159,"Jun 1, 2026 @ 14:22:58.538",AH-E300F910,TA0001,Initial Access,0,C:\Users\DELL\office_portable_x3.exe,,Malware Staging | Sigma Match,65,HIGH,T1036,Masquerading,,,Execution from user-writable path: c:\users\dell\office_portable_x3.exe ; Executable running from Users/ directory — possible dropper
160,"Jun 1, 2026 @ 14:22:58.541",AH-0F6E8B14,TA0001,Initial Access,0,C:\Users\DELL\office_portable_x3.exe,,Malware Staging | Sigma Match,65,HIGH,T1036,Masquerading,,,Execution from user-writable path: c:\users\dell\office_portable_x3.exe ; Executable running from Users/ directory — possible dropper
161,"Jun 1, 2026 @ 14:22:58.543",AH-D2C665AA,TA0001,Initial Access,0,C:\Users\DELL\office_portable_x3.exe,,Malware Staging | Sigma Match,65,HIGH,T1036,Masquerading,,,Execution from user-writable path: c:\users\dell\office_portable_x3.exe ; Executable running from Users/ directory — possible dropper
162,"Jun 1, 2026 @ 14:22:58.545",AH-57F4B3AD,TA0001,Initial Access,0,C:\Users\DELL\office_portable_x3.exe,,Malware Staging | Sigma Match,65,HIGH,T1036,Masquerading,,,Execution from user-writable path: c:\users\dell\office_portable_x3.exe ; Executable running from Users/ directory — possible dropper
163,"Jun 1, 2026 @ 14:22:58.569",AH-57D61B12,TA0001,Initial Access,0,C:\Users\DELL\office_portable_x3.exe,,Malware Staging | Sigma Match,65,HIGH,T1036,Masquerading,,,Execution from user-writable path: c:\users\dell\office_portable_x3.exe ; Executable running from Users/ directory — possible dropper
164,"Jun 1, 2026 @ 14:22:58.572",AH-275546C1,TA0001,Initial Access,0,C:\Users\DELL\office_portable_x3.exe,,Malware Staging | Sigma Match,65,HIGH,T1036,Masquerading,,,Execution from user-writable path: c:\users\dell\office_portable_x3.exe ; Executable running from Users/ directory — possible dropper
165,"Jun 1, 2026 @ 14:22:58.573",AH-9D92EBE1,TA0001,Initial Access,0,C:\Users\DELL\office_portable_x3.exe,,Malware Staging | Sigma Match,65,HIGH,T1036,Masquerading,,,Execution from user-writable path: c:\users\dell\office_portable_x3.exe ; Executable running from Users/ directory — possible dropper
166,"Jun 1, 2026 @ 14:22:58.683",AH-5E6559C1,TA0001,Initial Access,0,C:\Users\DELL\office_portable_x3.exe,,Malware Staging | Sigma Match,65,HIGH,T1036,Masquerading,,,Execution from user-writable path: c:\users\dell\office_portable_x3.exe ; Executable running from Users/ directory — possible dropper
167,"Jun 1, 2026 @ 14:22:58.735",AH-C8FC3CAE,TA0001,Initial Access,0,C:\Users\DELL\office_portable_x3.exe,,Malware Staging | Sigma Match,65,HIGH,T1036,Masquerading,,,Execution from user-writable path: c:\users\dell\office_portable_x3.exe ; Executable running from Users/ directory — possible dropper
168,"Jun 1, 2026 @ 14:22:58.737",AH-A74046EE,TA0001,Initial Access,0,C:\Users\DELL\office_portable_x3.exe,,Malware Staging | Sigma Match,65,HIGH,T1036,Masquerading,,,Execution from user-writable path: c:\users\dell\office_portable_x3.exe ; Executable running from Users/ directory — possible dropper
169,"Jun 1, 2026 @ 14:22:58.739",AH-ECA3BD31,TA0001,Initial Access,0,C:\Users\DELL\office_portable_x3.exe,,Malware Staging | Sigma Match,65,HIGH,T1036,Masquerading,,,Execution from user-writable path: c:\users\dell\office_portable_x3.exe ; Executable running from Users/ directory — possible dropper
170,"Jun 1, 2026 @ 14:22:58.748",AH-84C0EEDB,TA0001,Initial Access,0,C:\Users\DELL\office_portable_x3.exe,,Malware Staging | Sigma Match,65,HIGH,T1036,Masquerading,,,Execution from user-writable path: c:\users\dell\office_portable_x3.exe ; Executable running from Users/ directory — possible dropper
171,"Jun 1, 2026 @ 14:22:58.750",AH-0BA64E59,TA0001,Initial Access,0,C:\Users\DELL\office_portable_x3.exe,,Malware Staging | Sigma Match,65,HIGH,T1036,Masquerading,,,Execution from user-writable path: c:\users\dell\office_portable_x3.exe ; Executable running from Users/ directory — possible dropper
172,"Jun 1, 2026 @ 14:22:58.825",AH-9B6B013F,TA0001,Initial Access,0,C:\Users\DELL\office_portable_x3.exe,,Malware Staging | Sigma Match,65,HIGH,T1036,Masquerading,,,Execution from user-writable path: c:\users\dell\office_portable_x3.exe ; Executable running from Users/ directory — possible dropper
173,"Jun 1, 2026 @ 14:22:58.828",AH-D69284F2,TA0001,Initial Access,0,C:\Users\DELL\office_portable_x3.exe,,Malware Staging | Sigma Match,65,HIGH,T1036,Masquerading,,,Execution from user-writable path: c:\users\dell\office_portable_x3.exe ; Executable running from Users/ directory — possible dropper
174,"Jun 1, 2026 @ 14:22:58.837",AH-0619DC48,TA0001,Initial Access,0,C:\Users\DELL\office_portable_x3.exe,,Malware Staging | Sigma Match,65,HIGH,T1036,Masquerading,,,Execution from user-writable path: c:\users\dell\office_portable_x3.exe ; Executable running from Users/ directory — possible dropper
175,"Jun 1, 2026 @ 14:22:58.838",AH-F262D965,TA0001,Initial Access,0,C:\Users\DELL\office_portable_x3.exe,C:\Users\DELL\office_portable_x3.exe,Malware Staging | Sigma Match,65,HIGH,T1036,Masquerading,,,Execution from user-writable path: c:\users\dell\office_portable_x3.exe ; Executable running from Users/ directory — possible dropper
176,"Jun 1, 2026 @ 14:22:58.852",AH-2DDDC521,TA0001,Initial Access,0,C:\Users\DELL\office_portable_x3.exe,C:\Users\DELL\office_portable_x3.exe,EDR Rule Detection | Malware Staging | Sigma Match,100,CRITICAL,T1036,Masquerading,,,"Security rule fired on: office_portable_x3.exe | ""C:\Users\DELL\office_portable_x3.exe""  ; Execution from user-writable path: c:\users\dell\office_portable_x3.exe ; Executable running from Users/ directory — possible dropper"
177,"Jun 1, 2026 @ 14:22:59.120",AH-888559A7,TA0001,Initial Access,0,C:\Users\DELL\office_portable_x3.exe,,Malware Staging | Sigma Match,65,HIGH,T1036,Masquerading,,,Execution from user-writable path: c:\users\dell\office_portable_x3.exe ; Executable running from Users/ directory — possible dropper
178,"Jun 1, 2026 @ 14:22:59.191",AH-A3C3CD65,TA0001,Initial Access,0,C:\Users\DELL\office_portable_x3.exe,,Malware Staging | Sigma Match,65,HIGH,T1036,Masquerading,,,Execution from user-writable path: c:\users\dell\office_portable_x3.exe ; Executable running from Users/ directory — possible dropper
179,"Jun 1, 2026 @ 14:22:59.216",AH-CFFD6764,TA0001,Initial Access,0,C:\Users\DELL\office_portable_x3.exe,,Malware Staging | Sigma Match,65,HIGH,T1036,Masquerading,,,Execution from user-writable path: c:\users\dell\office_portable_x3.exe ; Executable running from Users/ directory — possible dropper
180,"Jun 1, 2026 @ 14:22:59.240",AH-E8ACEDD0,TA0001,Initial Access,0,C:\Users\DELL\office_portable_x3.exe,,Malware Staging | Sigma Match,65,HIGH,T1036,Masquerading,,,Execution from user-writable path: c:\users\dell\office_portable_x3.exe ; Executable running from Users/ directory — possible dropper
181,"Jun 1, 2026 @ 14:22:59.300",AH-2FF960D6,TA0001,Initial Access,0,C:\Users\DELL\office_portable_x3.exe,,Malware Staging | Sigma Match,65,HIGH,T1036,Masquerading,,,Execution from user-writable path: c:\users\dell\office_portable_x3.exe ; Executable running from Users/ directory — possible dropper
182,"Jun 1, 2026 @ 14:22:59.323",AH-99B251BC,TA0001,Initial Access,0,C:\Users\DELL\office_portable_x3.exe,,Malware Staging | Sigma Match,65,HIGH,T1036,Masquerading,,,Execution from user-writable path: c:\users\dell\office_portable_x3.exe ; Executable running from Users/ directory — possible dropper
183,"Jun 1, 2026 @ 14:22:59.409",AH-808E1AD1,TA0001,Initial Access,0,C:\Users\DELL\office_portable_x3.exe,,Malware Staging | Sigma Match,65,HIGH,T1036,Masquerading,,,Execution from user-writable path: c:\users\dell\office_portable_x3.exe ; Executable running from Users/ directory — possible dropper
184,"Jun 1, 2026 @ 14:22:59.437",AH-A0C7FDF4,TA0001,Initial Access,0,C:\Users\DELL\office_portable_x3.exe,,Malware Staging | Sigma Match,65,HIGH,T1036,Masquerading,,,Execution from user-writable path: c:\users\dell\office_portable_x3.exe ; Executable running from Users/ directory — possible dropper
185,"Jun 1, 2026 @ 14:22:59.464",AH-A7E23538,TA0001,Initial Access,0,C:\Users\DELL\office_portable_x3.exe,,Malware Staging | Sigma Match,65,HIGH,T1036,Masquerading,,,Execution from user-writable path: c:\users\dell\office_portable_x3.exe ; Executable running from Users/ directory — possible dropper
186,"Jun 1, 2026 @ 14:22:59.535",AH-C8AAB233,TA0001,Initial Access,0,C:\Users\DELL\office_portable_x3.exe,,Malware Staging | Sigma Match,65,HIGH,T1036,Masquerading,,,Execution from user-writable path: c:\users\dell\office_portable_x3.exe ; Executable running from Users/ directory — possible dropper
187,"Jun 1, 2026 @ 14:22:59.575",AH-2516C28A,TA0001,Initial Access,0,C:\Users\DELL\office_portable_x3.exe,,Malware Staging | Sigma Match,65,HIGH,T1036,Masquerading,,,Execution from user-writable path: c:\users\dell\office_portable_x3.exe ; Executable running from Users/ directory — possible dropper
188,"Jun 1, 2026 @ 14:22:59.753",AH-A12435C7,TA0001,Initial Access,0,C:\Users\DELL\office_portable_x3.exe,,Malware Staging | Sigma Match,65,HIGH,T1036,Masquerading,,,Execution from user-writable path: c:\users\dell\office_portable_x3.exe ; Executable running from Users/ directory — possible dropper
189,"Jun 1, 2026 @ 14:22:59.785",AH-DCFE0F59,TA0001,Initial Access,0,C:\Users\DELL\office_portable_x3.exe,,Malware Staging | Sigma Match,65,HIGH,T1036,Masquerading,,,Execution from user-writable path: c:\users\dell\office_portable_x3.exe ; Executable running from Users/ directory — possible dropper
190,"Jun 1, 2026 @ 14:23:01.254",AH-5581FD2F,TA0001,Initial Access,0,C:\Users\DELL\office_portable_x3.exe,,Malware Staging | Sigma Match,100,CRITICAL,T1036,Masquerading,,HKEY_USERS\S-1-5-21-3330616437-3750286687-2521933251-1001\Software\Microsoft\Windows\CurrentVersion\Internet Settings\ZoneMap\ProxyBypass,Execution from user-writable path: c:\users\dell\office_portable_x3.exe ; Executable running from Users/ directory — possible dropper
191,"Jun 1, 2026 @ 14:23:01.255",AH-32FCE8EA,TA0001,Initial Access,0,C:\Users\DELL\office_portable_x3.exe,,Malware Staging | Sigma Match,65,HIGH,T1036,Masquerading,,HKEY_USERS\S-1-5-21-3330616437-3750286687-2521933251-1001\Software\Microsoft\Windows\CurrentVersion\Internet Settings\ZoneMap\UNCAsIntranet,Execution from user-writable path: c:\users\dell\office_portable_x3.exe ; Executable running from Users/ directory — possible dropper
192,"Jun 1, 2026 @ 14:23:01.256",AH-F7ED124F,TA0001,Initial Access,0,C:\Users\DELL\office_portable_x3.exe,,Malware Staging | Sigma Match,65,HIGH,T1036,Masquerading,,HKEY_USERS\S-1-5-21-3330616437-3750286687-2521933251-1001\Software\Microsoft\Windows\CurrentVersion\Internet Settings\ZoneMap\AutoDetect,Execution from user-writable path: c:\users\dell\office_portable_x3.exe ; Executable running from Users/ directory — possible dropper
193,"Jun 1, 2026 @ 14:23:04.556",AH-A6B3A526,TA0001,Initial Access,0,C:\Users\DELL\office_portable_x3.exe,C:\Users\DELL\office_portable_x3.exe,Malware Staging | Sigma Match,65,HIGH,T1036,Masquerading,,,Execution from user-writable path: c:\users\dell\office_portable_x3.exe ; Executable running from Users/ directory — possible dropper
194,"Jun 1, 2026 @ 14:23:04.627",AH-BD2E9A17,TA0001,Initial Access,0,C:\Users\DELL\office_portable_x3.exe,C:\Windows\System32\cmd.exe,Malware Staging | Sigma Match,65,HIGH,T1036,Masquerading,,,Execution from user-writable path: c:\users\dell\office_portable_x3.exe ; Executable running from Users/ directory — possible dropper
195,"Jun 1, 2026 @ 14:23:04.642",AH-04C7009A,TA0001,Initial Access,0,C:\Users\DELL\office_portable_x3.exe,C:\Windows\System32\cmd.exe,EDR Rule Detection | Malware Staging | Sigma Match,100,CRITICAL,T1036,Masquerading,,,Security rule fired on: office_portable_x3.exe | C:\Users\DELL\office_portable_x3.exe ; Execution from user-writable path: c:\users\dell\office_portable_x3.exe ; Executable running from Users/ directory — possible dropper
196,"Jun 1, 2026 @ 14:23:04.749",AH-D48E199B,TA0001,Initial Access,0,C:\Users\DELL\office_portable_x3.exe,,Malware Staging | Sigma Match,65,HIGH,T1036,Masquerading,,,Execution from user-writable path: c:\users\dell\office_portable_x3.exe ; Executable running from Users/ directory — possible dropper
197,"Jun 1, 2026 @ 14:23:04.751",AH-54772DE8,TA0001,Initial Access,0,C:\Users\DELL\office_portable_x3.exe,,Malware Staging | Sigma Match,65,HIGH,T1036,Masquerading,,,Execution from user-writable path: c:\users\dell\office_portable_x3.exe ; Executable running from Users/ directory — possible dropper
198,"Jun 1, 2026 @ 14:23:04.754",AH-E72509A2,TA0001,Initial Access,0,C:\Users\DELL\office_portable_x3.exe,,Malware Staging | Sigma Match,65,HIGH,T1036,Masquerading,,,Execution from user-writable path: c:\users\dell\office_portable_x3.exe ; Executable running from Users/ directory — possible dropper
199,"Jun 1, 2026 @ 14:23:04.756",AH-6B990D6C,TA0001,Initial Access,0,C:\Users\DELL\office_portable_x3.exe,,Malware Staging | Sigma Match,65,HIGH,T1036,Masquerading,,,Execution from user-writable path: c:\users\dell\office_portable_x3.exe ; Executable running from Users/ directory — possible dropper
200,"Jun 1, 2026 @ 14:23:04.761",AH-2D96161D,TA0001,Initial Access,0,C:\Users\DELL\office_portable_x3.exe,,Malware Staging | Sigma Match,65,HIGH,T1036,Masquerading,,,Execution from user-writable path: c:\users\dell\office_portable_x3.exe ; Executable running from Users/ directory — possible dropper
201,"Jun 1, 2026 @ 14:23:04.763",AH-E0102BE8,TA0001,Initial Access,0,C:\Users\DELL\office_portable_x3.exe,,Malware Staging | Sigma Match,65,HIGH,T1036,Masquerading,,,Execution from user-writable path: c:\users\dell\office_portable_x3.exe ; Executable running from Users/ directory — possible dropper
202,"Jun 1, 2026 @ 14:23:04.766",AH-3680EE0C,TA0001,Initial Access,0,C:\Users\DELL\office_portable_x3.exe,,Malware Staging | Sigma Match,65,HIGH,T1036,Masquerading,,,Execution from user-writable path: c:\users\dell\office_portable_x3.exe ; Executable running from Users/ directory — possible dropper
203,"Jun 1, 2026 @ 14:23:04.768",AH-9848B06E,TA0001,Initial Access,0,C:\Users\DELL\office_portable_x3.exe,,Malware Staging | Sigma Match,65,HIGH,T1036,Masquerading,,,Execution from user-writable path: c:\users\dell\office_portable_x3.exe ; Executable running from Users/ directory — possible dropper
204,"Jun 1, 2026 @ 14:23:04.770",AH-38236DC0,TA0001,Initial Access,0,C:\Users\DELL\office_portable_x3.exe,,Malware Staging | Sigma Match,65,HIGH,T1036,Masquerading,,,Execution from user-writable path: c:\users\dell\office_portable_x3.exe ; Executable running from Users/ directory — possible dropper
205,"Jun 1, 2026 @ 14:23:04.772",AH-08541F53,TA0001,Initial Access,0,C:\Users\DELL\office_portable_x3.exe,,Malware Staging | Sigma Match,65,HIGH,T1036,Masquerading,,,Execution from user-writable path: c:\users\dell\office_portable_x3.exe ; Executable running from Users/ directory — possible dropper
206,"Jun 1, 2026 @ 14:23:04.788",AH-5A9240B8,TA0001,Initial Access,0,C:\Users\DELL\office_portable_x3.exe,,Malware Staging | Sigma Match,65,HIGH,T1036,Masquerading,,,Execution from user-writable path: c:\users\dell\office_portable_x3.exe ; Executable running from Users/ directory — possible dropper
207,"Jun 1, 2026 @ 14:23:04.795",AH-3C766FA7,TA0001,Initial Access,0,C:\Users\DELL\office_portable_x3.exe,,Malware Staging | Sigma Match,65,HIGH,T1036,Masquerading,,,Execution from user-writable path: c:\users\dell\office_portable_x3.exe ; Executable running from Users/ directory — possible dropper
208,"Jun 1, 2026 @ 14:23:04.796",AH-31816856,TA0001,Initial Access,0,C:\Users\DELL\office_portable_x3.exe,,Malware Staging | Sigma Match,65,HIGH,T1036,Masquerading,,,Execution from user-writable path: c:\users\dell\office_portable_x3.exe ; Executable running from Users/ directory — possible dropper
209,"Jun 1, 2026 @ 14:23:04.799",AH-7407191D,TA0001,Initial Access,0,C:\Users\DELL\office_portable_x3.exe,,Malware Staging | Sigma Match,65,HIGH,T1036,Masquerading,,,Execution from user-writable path: c:\users\dell\office_portable_x3.exe ; Executable running from Users/ directory — possible dropper
210,"Jun 1, 2026 @ 14:23:04.800",AH-13C292B0,TA0001,Initial Access,0,C:\Users\DELL\office_portable_x3.exe,,Malware Staging | Sigma Match,65,HIGH,T1036,Masquerading,,,Execution from user-writable path: c:\users\dell\office_portable_x3.exe ; Executable running from Users/ directory — possible dropper
211,"Jun 1, 2026 @ 14:23:04.802",AH-AF108442,TA0001,Initial Access,0,C:\Users\DELL\office_portable_x3.exe,,Malware Staging | Sigma Match,65,HIGH,T1036,Masquerading,,,Execution from user-writable path: c:\users\dell\office_portable_x3.exe ; Executable running from Users/ directory — possible dropper
212,"Jun 1, 2026 @ 14:23:04.821",AH-CAD636D9,TA0001,Initial Access,0,C:\Users\DELL\office_portable_x3.exe,,Malware Staging | Sigma Match,65,HIGH,T1036,Masquerading,,,Execution from user-writable path: c:\users\dell\office_portable_x3.exe ; Executable running from Users/ directory — possible dropper
213,"Jun 1, 2026 @ 14:23:04.823",AH-97B12762,TA0001,Initial Access,0,C:\Users\DELL\office_portable_x3.exe,,Malware Staging | Sigma Match,65,HIGH,T1036,Masquerading,,,Execution from user-writable path: c:\users\dell\office_portable_x3.exe ; Executable running from Users/ directory — possible dropper
214,"Jun 1, 2026 @ 14:23:04.824",AH-67B81684,TA0001,Initial Access,0,C:\Users\DELL\office_portable_x3.exe,,Malware Staging | Sigma Match,65,HIGH,T1036,Masquerading,,,Execution from user-writable path: c:\users\dell\office_portable_x3.exe ; Executable running from Users/ directory — possible dropper
215,"Jun 1, 2026 @ 14:23:04.836",AH-7CBB2BAD,TA0001,Initial Access,0,C:\Users\DELL\office_portable_x3.exe,,Malware Staging | Sigma Match,65,HIGH,T1036,Masquerading,,,Execution from user-writable path: c:\users\dell\office_portable_x3.exe ; Executable running from Users/ directory — possible dropper
216,"Jun 1, 2026 @ 14:23:04.837",AH-62A3FFBE,TA0001,Initial Access,0,C:\Users\DELL\office_portable_x3.exe,,Malware Staging | Sigma Match,65,HIGH,T1036,Masquerading,,,Execution from user-writable path: c:\users\dell\office_portable_x3.exe ; Executable running from Users/ directory — possible dropper
217,"Jun 1, 2026 @ 14:23:04.838",AH-EE9AA75B,TA0001,Initial Access,0,C:\Users\DELL\office_portable_x3.exe,,Malware Staging | Sigma Match,100,CRITICAL,T1036,Masquerading,,,Execution from user-writable path: c:\users\dell\office_portable_x3.exe ; Executable running from Users/ directory — possible dropper
218,"Jun 1, 2026 @ 14:23:04.839",AH-566E0CF2,TA0001,Initial Access,0,C:\Users\DELL\office_portable_x3.exe,,Malware Staging | Sigma Match,65,HIGH,T1036,Masquerading,,,Execution from user-writable path: c:\users\dell\office_portable_x3.exe ; Executable running from Users/ directory — possible dropper
219,"Jun 1, 2026 @ 14:23:04.840",AH-69E8DF1E,TA0001,Initial Access,0,C:\Users\DELL\office_portable_x3.exe,,Malware Staging | Sigma Match,100,CRITICAL,T1036,Masquerading,,,Execution from user-writable path: c:\users\dell\office_portable_x3.exe ; Executable running from Users/ directory — possible dropper
220,"Jun 1, 2026 @ 14:23:04.841",AH-E87EB71B,TA0001,Initial Access,0,C:\Users\DELL\office_portable_x3.exe,,Malware Staging | Sigma Match,100,CRITICAL,T1036,Masquerading,,,Execution from user-writable path: c:\users\dell\office_portable_x3.exe ; Executable running from Users/ directory — possible dropper
221,"Jun 1, 2026 @ 14:23:04.844",AH-468E056F,TA0001,Initial Access,0,C:\Users\DELL\office_portable_x3.exe,,Malware Staging | Sigma Match,65,HIGH,T1036,Masquerading,,,Execution from user-writable path: c:\users\dell\office_portable_x3.exe ; Executable running from Users/ directory — possible dropper
222,"Jun 1, 2026 @ 14:23:04.846",AH-3F8DE490,TA0001,Initial Access,0,C:\Users\DELL\office_portable_x3.exe,,Malware Staging | Sigma Match,65,HIGH,T1036,Masquerading,,,Execution from user-writable path: c:\users\dell\office_portable_x3.exe ; Executable running from Users/ directory — possible dropper
223,"Jun 1, 2026 @ 14:23:04.847",AH-61DE0D3F,TA0001,Initial Access,0,C:\Users\DELL\office_portable_x3.exe,,Malware Staging | Sigma Match,65,HIGH,T1036,Masquerading,,,Execution from user-writable path: c:\users\dell\office_portable_x3.exe ; Executable running from Users/ directory — possible dropper
224,"Jun 1, 2026 @ 14:23:04.848",AH-C9FA6D83,TA0001,Initial Access,0,C:\Users\DELL\office_portable_x3.exe,,Malware Staging | Sigma Match,65,HIGH,T1036,Masquerading,,,Execution from user-writable path: c:\users\dell\office_portable_x3.exe ; Executable running from Users/ directory — possible dropper
225,"Jun 1, 2026 @ 14:23:04.849",AH-A10EB4ED,TA0001,Initial Access,0,C:\Users\DELL\office_portable_x3.exe,,Malware Staging | Sigma Match,65,HIGH,T1036,Masquerading,,,Execution from user-writable path: c:\users\dell\office_portable_x3.exe ; Executable running from Users/ directory — possible dropper
226,"Jun 1, 2026 @ 14:23:04.850",AH-966AE6E1,TA0001,Initial Access,0,C:\Users\DELL\office_portable_x3.exe,,Malware Staging | Sigma Match,65,HIGH,T1036,Masquerading,,,Execution from user-writable path: c:\users\dell\office_portable_x3.exe ; Executable running from Users/ directory — possible dropper
227,"Jun 1, 2026 @ 14:23:04.853",AH-DB909745,TA0001,Initial Access,0,C:\Users\DELL\office_portable_x3.exe,,Malware Staging | Sigma Match,100,CRITICAL,T1036,Masquerading,,,Execution from user-writable path: c:\users\dell\office_portable_x3.exe ; Executable running from Users/ directory — possible dropper
228,"Jun 1, 2026 @ 14:23:04.854",AH-971A881F,TA0001,Initial Access,0,C:\Users\DELL\office_portable_x3.exe,,Malware Staging | Sigma Match,100,CRITICAL,T1036,Masquerading,,,Execution from user-writable path: c:\users\dell\office_portable_x3.exe ; Executable running from Users/ directory — possible dropper
229,"Jun 1, 2026 @ 14:23:04.855",AH-E91DD816,TA0001,Initial Access,0,C:\Users\DELL\office_portable_x3.exe,,Malware Staging | Sigma Match,100,CRITICAL,T1036,Masquerading,,,Execution from user-writable path: c:\users\dell\office_portable_x3.exe ; Executable running from Users/ directory — possible dropper
230,"Jun 1, 2026 @ 14:23:04.856",AH-688556DD,TA0001,Initial Access,0,C:\Users\DELL\office_portable_x3.exe,,Malware Staging | Sigma Match,100,CRITICAL,T1036,Masquerading,,,Execution from user-writable path: c:\users\dell\office_portable_x3.exe ; Executable running from Users/ directory — possible dropper
231,"Jun 1, 2026 @ 14:23:04.857",AH-2B9908F6,TA0001,Initial Access,0,C:\Users\DELL\office_portable_x3.exe,,Malware Staging | Sigma Match,100,CRITICAL,T1036,Masquerading,,,Execution from user-writable path: c:\users\dell\office_portable_x3.exe ; Executable running from Users/ directory — possible dropper
232,"Jun 1, 2026 @ 14:23:04.858",AH-BE497586,TA0001,Initial Access,0,C:\Users\DELL\office_portable_x3.exe,,Malware Staging | Sigma Match,65,HIGH,T1036,Masquerading,,,Execution from user-writable path: c:\users\dell\office_portable_x3.exe ; Executable running from Users/ directory — possible dropper
233,"Jun 1, 2026 @ 14:23:04.862",AH-894F0127,TA0001,Initial Access,0,C:\Users\DELL\office_portable_x3.exe,C:\Windows\System32\WindowsPowerShell\v1.0\powershell.exe,Malware Staging | Sigma Match,65,HIGH,T1036,Masquerading,,,Execution from user-writable path: c:\users\dell\office_portable_x3.exe ; Executable running from Users/ directory — possible dropper
234,"Jun 1, 2026 @ 14:23:04.934",AH-8083FF1B,TA0001,Initial Access,0,C:\Users\DELL\office_portable_x3.exe,,Malware Staging | Sigma Match,65,HIGH,T1036,Masquerading,,,Execution from user-writable path: c:\users\dell\office_portable_x3.exe ; Executable running from Users/ directory — possible dropper
235,"Jun 1, 2026 @ 14:23:04.979",AH-9370E0F6,TA0001,Initial Access,0,C:\Users\DELL\office_portable_x3.exe,,Malware Staging | Sigma Match,65,HIGH,T1036,Masquerading,,,Execution from user-writable path: c:\users\dell\office_portable_x3.exe ; Executable running from Users/ directory — possible dropper
236,"Jun 1, 2026 @ 14:23:04.980",AH-F8362D32,TA0001,Initial Access,0,C:\Users\DELL\office_portable_x3.exe,,Malware Staging | Sigma Match,65,HIGH,T1036,Masquerading,,,Execution from user-writable path: c:\users\dell\office_portable_x3.exe ; Executable running from Users/ directory — possible dropper
237,"Jun 1, 2026 @ 14:23:04.982",AH-F4930AAD,TA0001,Initial Access,0,C:\Users\DELL\office_portable_x3.exe,,Malware Staging | Sigma Match,65,HIGH,T1036,Masquerading,,,Execution from user-writable path: c:\users\dell\office_portable_x3.exe ; Executable running from Users/ directory — possible dropper
238,"Jun 1, 2026 @ 14:23:04.990",AH-753EFB75,TA0001,Initial Access,0,C:\Users\DELL\office_portable_x3.exe,,Malware Staging | Sigma Match,65,HIGH,T1036,Masquerading,,,Execution from user-writable path: c:\users\dell\office_portable_x3.exe ; Executable running from Users/ directory — possible dropper
239,"Jun 1, 2026 @ 14:23:04.992",AH-792E6267,TA0001,Initial Access,0,C:\Users\DELL\office_portable_x3.exe,,Malware Staging | Sigma Match,65,HIGH,T1036,Masquerading,,,Execution from user-writable path: c:\users\dell\office_portable_x3.exe ; Executable running from Users/ directory — possible dropper
240,"Jun 1, 2026 @ 14:23:05.048",AH-F379EBAD,TA0001,Initial Access,0,C:\Users\DELL\office_portable_x3.exe,,Malware Staging | Sigma Match,65,HIGH,T1036,Masquerading,,,Execution from user-writable path: c:\users\dell\office_portable_x3.exe ; Executable running from Users/ directory — possible dropper
241,"Jun 1, 2026 @ 14:23:05.049",AH-D19A1345,TA0001,Initial Access,0,C:\Users\DELL\office_portable_x3.exe,,Malware Staging | Sigma Match,65,HIGH,T1036,Masquerading,,,Execution from user-writable path: c:\users\dell\office_portable_x3.exe ; Executable running from Users/ directory — possible dropper
242,"Jun 1, 2026 @ 14:23:05.059",AH-B79803E7,TA0001,Initial Access,0,C:\Users\DELL\office_portable_x3.exe,,Malware Staging | Sigma Match,65,HIGH,T1036,Masquerading,,,Execution from user-writable path: c:\users\dell\office_portable_x3.exe ; Executable running from Users/ directory — possible dropper
243,"Jun 1, 2026 @ 14:23:05.060",AH-DE25458E,TA0001,Initial Access,0,C:\Users\DELL\office_portable_x3.exe,C:\Users\DELL\office_portable_x3.exe,Malware Staging | Sigma Match,65,HIGH,T1036,Masquerading,,,Execution from user-writable path: c:\users\dell\office_portable_x3.exe ; Executable running from Users/ directory — possible dropper
244,"Jun 1, 2026 @ 14:23:05.070",AH-DB2DFE4D,TA0001,Initial Access,0,C:\Users\DELL\office_portable_x3.exe,C:\Users\DELL\office_portable_x3.exe,EDR Rule Detection | Malware Staging | Sigma Match,100,CRITICAL,T1036,Masquerading,,,Security rule fired on: office_portable_x3.exe | C:\Users\DELL\office_portable_x3.exe ; Execution from user-writable path: c:\users\dell\office_portable_x3.exe ; Executable running from Users/ directory — possible dropper
245,"Jun 1, 2026 @ 14:23:05.323",AH-2488E5A2,TA0001,Initial Access,0,C:\Users\DELL\office_portable_x3.exe,,Malware Staging | Sigma Match,65,HIGH,T1036,Masquerading,,,Execution from user-writable path: c:\users\dell\office_portable_x3.exe ; Executable running from Users/ directory — possible dropper
246,"Jun 1, 2026 @ 14:23:05.398",AH-FD13C882,TA0001,Initial Access,0,C:\Users\DELL\office_portable_x3.exe,,Malware Staging | Sigma Match,65,HIGH,T1036,Masquerading,,,Execution from user-writable path: c:\users\dell\office_portable_x3.exe ; Executable running from Users/ directory — possible dropper
247,"Jun 1, 2026 @ 14:23:05.430",AH-33C6281D,TA0001,Initial Access,0,C:\Users\DELL\office_portable_x3.exe,,Malware Staging | Sigma Match,65,HIGH,T1036,Masquerading,,,Execution from user-writable path: c:\users\dell\office_portable_x3.exe ; Executable running from Users/ directory — possible dropper
248,"Jun 1, 2026 @ 14:23:05.455",AH-42637676,TA0001,Initial Access,0,C:\Users\DELL\office_portable_x3.exe,,Malware Staging | Sigma Match,65,HIGH,T1036,Masquerading,,,Execution from user-writable path: c:\users\dell\office_portable_x3.exe ; Executable running from Users/ directory — possible dropper
249,"Jun 1, 2026 @ 14:23:05.520",AH-6D5755D6,TA0001,Initial Access,0,C:\Users\DELL\office_portable_x3.exe,,Malware Staging | Sigma Match,65,HIGH,T1036,Masquerading,,,Execution from user-writable path: c:\users\dell\office_portable_x3.exe ; Executable running from Users/ directory — possible dropper
250,"Jun 1, 2026 @ 14:23:05.547",AH-BA96CB55,TA0001,Initial Access,0,C:\Users\DELL\office_portable_x3.exe,,Malware Staging | Sigma Match,65,HIGH,T1036,Masquerading,,,Execution from user-writable path: c:\users\dell\office_portable_x3.exe ; Executable running from Users/ directory — possible dropper
251,"Jun 1, 2026 @ 14:23:05.603",AH-42F0C708,TA0001,Initial Access,0,C:\Users\DELL\office_portable_x3.exe,,Malware Staging | Sigma Match,65,HIGH,T1036,Masquerading,,,Execution from user-writable path: c:\users\dell\office_portable_x3.exe ; Executable running from Users/ directory — possible dropper
252,"Jun 1, 2026 @ 14:23:05.632",AH-8DD45453,TA0001,Initial Access,0,C:\Users\DELL\office_portable_x3.exe,,Malware Staging | Sigma Match,65,HIGH,T1036,Masquerading,,,Execution from user-writable path: c:\users\dell\office_portable_x3.exe ; Executable running from Users/ directory — possible dropper
253,"Jun 1, 2026 @ 14:23:05.659",AH-5B0AD7E5,TA0001,Initial Access,0,C:\Users\DELL\office_portable_x3.exe,,Malware Staging | Sigma Match,65,HIGH,T1036,Masquerading,,,Execution from user-writable path: c:\users\dell\office_portable_x3.exe ; Executable running from Users/ directory — possible dropper
254,"Jun 1, 2026 @ 14:23:05.692",AH-508CBE48,TA0001,Initial Access,0,C:\Users\DELL\office_portable_x3.exe,,Malware Staging | Sigma Match,65,HIGH,T1036,Masquerading,,,Execution from user-writable path: c:\users\dell\office_portable_x3.exe ; Executable running from Users/ directory — possible dropper
255,"Jun 1, 2026 @ 14:23:05.727",AH-DF98FB51,TA0001,Initial Access,0,C:\Users\DELL\office_portable_x3.exe,,Malware Staging | Sigma Match,65,HIGH,T1036,Masquerading,,,Execution from user-writable path: c:\users\dell\office_portable_x3.exe ; Executable running from Users/ directory — possible dropper
256,"Jun 1, 2026 @ 14:23:05.885",AH-B86526C3,TA0001,Initial Access,0,C:\Users\DELL\office_portable_x3.exe,,Malware Staging | Sigma Match,65,HIGH,T1036,Masquerading,,,Execution from user-writable path: c:\users\dell\office_portable_x3.exe ; Executable running from Users/ directory — possible dropper
257,"Jun 1, 2026 @ 14:23:05.906",AH-8A0C21C1,TA0001,Initial Access,0,C:\Users\DELL\office_portable_x3.exe,,Malware Staging | Sigma Match,65,HIGH,T1036,Masquerading,,,Execution from user-writable path: c:\users\dell\office_portable_x3.exe ; Executable running from Users/ directory — possible dropper
258,"Jun 1, 2026 @ 14:23:17.642",AH-6DC90984,TA0001,Initial Access,0,C:\Users\DELL\office_portable_x3.exe,,Malware Staging | Sigma Match,65,HIGH,T1036,Masquerading,,,Execution from user-writable path: c:\users\dell\office_portable_x3.exe ; Executable running from Users/ directory — possible dropper
259,"Jun 1, 2026 @ 14:23:19.383",AH-6A88A6C1,TA0001,Initial Access,0,C:\Users\DELL\office_portable_x3.exe,,Malware Staging | Sigma Match,65,HIGH,T1036,Masquerading,,,Execution from user-writable path: c:\users\dell\office_portable_x3.exe ; Executable running from Users/ directory — possible dropper
260,"Jun 1, 2026 @ 14:23:19.389",AH-2654B171,TA0001,Initial Access,0,C:\Users\DELL\office_portable_x3.exe,,Malware Staging | Sigma Match,65,HIGH,T1036,Masquerading,,,Execution from user-writable path: c:\users\dell\office_portable_x3.exe ; Executable running from Users/ directory — possible dropper
261,"Jun 1, 2026 @ 14:23:19.636",AH-2475A48C,TA0001,Initial Access,0,C:\Users\DELL\office_portable_x3.exe,,Malware Staging | Sigma Match,65,HIGH,T1036,Masquerading,,,Execution from user-writable path: c:\users\dell\office_portable_x3.exe ; Executable running from Users/ directory — possible dropper
262,"Jun 1, 2026 @ 14:23:20.095",AH-6478D627,TA0001,Initial Access,0,C:\Windows\System32\curl.exe,C:\Users\DELL\office_portable_x3.exe,EDR Rule Detection | LOLBin Abuse | Recon / IP Discovery,100,CRITICAL,T1016,System Network Config Discovery,,,Security rule fired on: curl.exe | curl -s --max-time 10 https://ipinfo.io/country ; Living-off-the-land binary: curl.exe ; Recon DNS query: ipinfo.io
263,"Jun 1, 2026 @ 14:23:20.794",AH-B5EF69CC,TA0001,Initial Access,0,C:\Users\DELL\office_portable_x3.exe,,Malware Staging | Sigma Match,65,HIGH,T1036,Masquerading,,,Execution from user-writable path: c:\users\dell\office_portable_x3.exe ; Executable running from Users/ directory — possible dropper
264,"Jun 1, 2026 @ 14:23:20.968",AH-F58331E7,TA0001,Initial Access,0,C:\Users\DELL\office_portable_x3.exe,,Malware Staging | Sigma Match,65,HIGH,T1036,Masquerading,,,Execution from user-writable path: c:\users\dell\office_portable_x3.exe ; Executable running from Users/ directory — possible dropper
265,"Jun 1, 2026 @ 14:23:21.976",AH-7302FC5D,TA0001,Initial Access,0,C:\Users\DELL\office_portable_x3.exe,,Malware Staging | Sigma Match,65,HIGH,T1036,Masquerading,,,Execution from user-writable path: c:\users\dell\office_portable_x3.exe ; Executable running from Users/ directory — possible dropper
266,"Jun 1, 2026 @ 14:23:26.149",AH-7625CDB0,TA0001,Initial Access,0,C:\Windows\System32\reg.exe,C:\Users\DELL\office_portable_x3.exe,EDR Rule Detection | LOLBin Abuse | Persistence | Sigma Match,100,CRITICAL,T1547.001,Registry Run Keys / Startup Folder,,HKLM\SOFTWARE\Microsoft\Windows\CurrentVersion\Run\xuvotopo,"Security rule fired on: reg.exe | reg add HKLM\Software\Microsoft\Windows\CurrentVersion\Run /v xuvotopo /t REG_SZ /d ""wscript.exe \""C ; Living-off-the-land binary: reg.exe ; Persistence registry path: hklm\software\microsoft\windows\currentversion\run\xuvotopo ; reg.exe adding a Run key entry"
267,"Jun 1, 2026 @ 14:23:26.917",AH-45558092,TA0001,Initial Access,0,C:\Users\DELL\office_portable_x3.exe,C:\Users\DELL\office_portable_x3.exe,Malware Staging | Sigma Match,65,HIGH,T1036,Masquerading,,,Execution from user-writable path: c:\users\dell\office_portable_x3.exe ; Executable running from Users/ directory — possible dropper
268,"Jun 1, 2026 @ 14:23:27.238",AH-AC6A0A42,TA0001,Initial Access,0,C:\Users\DELL\office_portable_x3.exe,,Malware Staging | Sigma Match,65,HIGH,T1036,Masquerading,,,Execution from user-writable path: c:\users\dell\office_portable_x3.exe ; Executable running from Users/ directory — possible dropper
269,"Jun 1, 2026 @ 14:23:27.239",AH-626C1FAB,TA0001,Initial Access,0,C:\Users\DELL\office_portable_x3.exe,,Malware Staging | Sigma Match,65,HIGH,T1036,Masquerading,,,Execution from user-writable path: c:\users\dell\office_portable_x3.exe ; Executable running from Users/ directory — possible dropper
270,"Jun 1, 2026 @ 14:23:27.240",AH-BEB2BEB4,TA0001,Initial Access,0,C:\Users\DELL\office_portable_x3.exe,,Malware Staging | Sigma Match,65,HIGH,T1036,Masquerading,,,Execution from user-writable path: c:\users\dell\office_portable_x3.exe ; Executable running from Users/ directory — possible dropper
271,"Jun 1, 2026 @ 14:23:27.241",AH-5BEB7D47,TA0001,Initial Access,0,C:\Users\DELL\office_portable_x3.exe,,Malware Staging | Sigma Match,65,HIGH,T1036,Masquerading,,,Execution from user-writable path: c:\users\dell\office_portable_x3.exe ; Executable running from Users/ directory — possible dropper
272,"Jun 1, 2026 @ 14:23:27.243",AH-A4A276DD,TA0001,Initial Access,0,C:\Users\DELL\office_portable_x3.exe,,Malware Staging | Sigma Match,100,CRITICAL,T1036,Masquerading,,,Execution from user-writable path: c:\users\dell\office_portable_x3.exe ; Executable running from Users/ directory — possible dropper
273,"Jun 1, 2026 @ 14:23:27.244",AH-1F43A822,TA0001,Initial Access,0,C:\Users\DELL\office_portable_x3.exe,,Malware Staging | Sigma Match,100,CRITICAL,T1036,Masquerading,,,Execution from user-writable path: c:\users\dell\office_portable_x3.exe ; Executable running from Users/ directory — possible dropper
274,"Jun 1, 2026 @ 14:23:27.245",AH-7EF0E4F0,TA0001,Initial Access,0,C:\Users\DELL\office_portable_x3.exe,,Malware Staging | Sigma Match,65,HIGH,T1036,Masquerading,,,Execution from user-writable path: c:\users\dell\office_portable_x3.exe ; Executable running from Users/ directory — possible dropper
275,"Jun 1, 2026 @ 14:23:27.246",AH-4FA2F109,TA0001,Initial Access,0,C:\Users\DELL\office_portable_x3.exe,,Malware Staging | Sigma Match,65,HIGH,T1036,Masquerading,,,Execution from user-writable path: c:\users\dell\office_portable_x3.exe ; Executable running from Users/ directory — possible dropper
276,"Jun 1, 2026 @ 14:23:27.250",AH-6F319CEC,TA0001,Initial Access,0,C:\Users\DELL\office_portable_x3.exe,,Malware Staging | Sigma Match,65,HIGH,T1036,Masquerading,,,Execution from user-writable path: c:\users\dell\office_portable_x3.exe ; Executable running from Users/ directory — possible dropper
277,"Jun 1, 2026 @ 14:23:27.253",AH-2EFA0A3F,TA0001,Initial Access,0,C:\Users\DELL\office_portable_x3.exe,,Malware Staging | Sigma Match,65,HIGH,T1036,Masquerading,,,Execution from user-writable path: c:\users\dell\office_portable_x3.exe ; Executable running from Users/ directory — possible dropper
278,"Jun 1, 2026 @ 14:23:27.255",AH-63E98772,TA0001,Initial Access,0,C:\Users\DELL\office_portable_x3.exe,,Malware Staging | Sigma Match,65,HIGH,T1036,Masquerading,,,Execution from user-writable path: c:\users\dell\office_portable_x3.exe ; Executable running from Users/ directory — possible dropper
279,"Jun 1, 2026 @ 14:23:27.257",AH-7CADCE14,TA0001,Initial Access,0,C:\Users\DELL\office_portable_x3.exe,,Malware Staging | Sigma Match,65,HIGH,T1036,Masquerading,,,Execution from user-writable path: c:\users\dell\office_portable_x3.exe ; Executable running from Users/ directory — possible dropper
280,"Jun 1, 2026 @ 14:23:27.258",AH-35DB7C61,TA0001,Initial Access,0,C:\Users\DELL\office_portable_x3.exe,,Malware Staging | Sigma Match,65,HIGH,T1036,Masquerading,,,Execution from user-writable path: c:\users\dell\office_portable_x3.exe ; Executable running from Users/ directory — possible dropper
281,"Jun 1, 2026 @ 14:23:27.260",AH-B0079A45,TA0001,Initial Access,0,C:\Users\DELL\office_portable_x3.exe,,Malware Staging | Sigma Match,65,HIGH,T1036,Masquerading,,,Execution from user-writable path: c:\users\dell\office_portable_x3.exe ; Executable running from Users/ directory — possible dropper
282,"Jun 1, 2026 @ 14:23:27.263",AH-B7ACC996,TA0001,Initial Access,0,C:\Users\DELL\office_portable_x3.exe,,Malware Staging | Sigma Match,65,HIGH,T1036,Masquerading,,,Execution from user-writable path: c:\users\dell\office_portable_x3.exe ; Executable running from Users/ directory — possible dropper
283,"Jun 1, 2026 @ 14:23:27.264",AH-C63C7E6E,TA0001,Initial Access,0,C:\Users\DELL\office_portable_x3.exe,,Malware Staging | Sigma Match,65,HIGH,T1036,Masquerading,,,Execution from user-writable path: c:\users\dell\office_portable_x3.exe ; Executable running from Users/ directory — possible dropper
284,"Jun 1, 2026 @ 14:23:27.265",AH-168F2198,TA0001,Initial Access,0,C:\Users\DELL\office_portable_x3.exe,,Malware Staging | Sigma Match,65,HIGH,T1036,Masquerading,,,Execution from user-writable path: c:\users\dell\office_portable_x3.exe ; Executable running from Users/ directory — possible dropper
285,"Jun 1, 2026 @ 14:23:27.266",AH-7113A835,TA0001,Initial Access,0,C:\Users\DELL\office_portable_x3.exe,,Malware Staging | Sigma Match,100,CRITICAL,T1036,Masquerading,,,Execution from user-writable path: c:\users\dell\office_portable_x3.exe ; Executable running from Users/ directory — possible dropper
286,"Jun 1, 2026 @ 14:23:27.267",AH-385F9347,TA0001,Initial Access,0,C:\Users\DELL\office_portable_x3.exe,,Malware Staging | Sigma Match,100,CRITICAL,T1036,Masquerading,,,Execution from user-writable path: c:\users\dell\office_portable_x3.exe ; Executable running from Users/ directory — possible dropper
287,"Jun 1, 2026 @ 14:23:27.268",AH-CBB520BF,TA0001,Initial Access,0,C:\Users\DELL\office_portable_x3.exe,,Malware Staging | Sigma Match,100,CRITICAL,T1036,Masquerading,,,Execution from user-writable path: c:\users\dell\office_portable_x3.exe ; Executable running from Users/ directory — possible dropper
288,"Jun 1, 2026 @ 14:23:27.273",AH-3412C030,TA0001,Initial Access,0,C:\Users\DELL\office_portable_x3.exe,C:\Windows\System32\cmd.exe,Malware Staging | Sigma Match,65,HIGH,T1036,Masquerading,,,Execution from user-writable path: c:\users\dell\office_portable_x3.exe ; Executable running from Users/ directory — possible dropper
289,"Jun 1, 2026 @ 14:23:33.420",AH-18CFDA09,TA0001,Initial Access,0,C:\Windows\SystemApps\MicrosoftWindows.Client.CBS_cw5n1h2txyewy\SearchHost.exe,,Malware Staging,20,LOW,,,,,Execution from user-writable path: c:\windows\systemapps\microsoftwindows.client.cbs_cw5n1h2txyewy\searchhost.exe
290,"Jun 1, 2026 @ 14:23:34.169",AH-45ABAD63,TA0001,Initial Access,0,C:\Windows\SystemApps\MicrosoftWindows.Client.CBS_cw5n1h2txyewy\SearchHost.exe,,Malware Staging,20,LOW,,,,,Execution from user-writable path: c:\windows\systemapps\microsoftwindows.client.cbs_cw5n1h2txyewy\searchhost.exe
291,"Jun 1, 2026 @ 14:23:34.204",AH-880B29C3,TA0001,Initial Access,0,C:\Windows\explorer.exe,,Malware Staging,20,LOW,,,,,Execution from user-writable path: c:\windows\explorer.exe
292,"Jun 1, 2026 @ 14:23:34.454",AH-6B468803,TA0001,Initial Access,0,C:\Windows\SystemApps\MicrosoftWindows.Client.CBS_cw5n1h2txyewy\SearchHost.exe,,Malware Staging,20,LOW,,,,,Execution from user-writable path: c:\windows\systemapps\microsoftwindows.client.cbs_cw5n1h2txyewy\searchhost.exe
293,"Jun 1, 2026 @ 14:23:41.539",AH-162E89C3,TA0001,Initial Access,0,C:\Windows\SystemApps\MicrosoftWindows.Client.CBS_cw5n1h2txyewy\SearchHost.exe,,Malware Staging,20,LOW,,,,,Execution from user-writable path: c:\windows\systemapps\microsoftwindows.client.cbs_cw5n1h2txyewy\searchhost.exe
294,"Jun 1, 2026 @ 14:23:53.261",AH-AC78AF4A,TA0001,Initial Access,0,C:\Users\DELL\office_portable_x3.exe,C:\Windows\System32\WindowsPowerShell\v1.0\powershell.exe,EDR Rule Detection | Malware Staging | Sigma Match,100,CRITICAL,T1036,Masquerading,,,"Security rule fired on: office_portable_x3.exe | ""C:\Users\DELL\office_portable_x3.exe""  ; Execution from user-writable path: c:\users\dell\office_portable_x3.exe ; Executable running from Users/ directory — possible dropper"
295,"Jun 1, 2026 @ 14:23:53.265",AH-2F2CDD05,TA0001,Initial Access,0,C:\Users\DELL\office_portable_x3.exe,C:\Users\DELL\office_portable_x3.exe,EDR Rule Detection | Malware Staging | Sigma Match,100,CRITICAL,T1036,Masquerading,,,"Security rule fired on: office_portable_x3.exe | ""C:\Users\DELL\office_portable_x3.exe""  ; Execution from user-writable path: c:\users\dell\office_portable_x3.exe ; Executable running from Users/ directory — possible dropper"
296,"Jun 1, 2026 @ 14:23:53.295",AH-C18C29B9,TA0001,Initial Access,0,C:\Users\DELL\office_portable_x3.exe,C:\Windows\System32\cmd.exe,EDR Rule Detection | Malware Staging | Sigma Match,100,CRITICAL,T1036,Masquerading,,,Security rule fired on: office_portable_x3.exe | C:\Users\DELL\office_portable_x3.exe ; Execution from user-writable path: c:\users\dell\office_portable_x3.exe ; Executable running from Users/ directory — possible dropper
297,"Jun 1, 2026 @ 14:23:53.298",AH-5700B394,TA0001,Initial Access,0,C:\Users\DELL\office_portable_x3.exe,C:\Users\DELL\office_portable_x3.exe,EDR Rule Detection | Malware Staging | Sigma Match,100,CRITICAL,T1036,Masquerading,,,Security rule fired on: office_portable_x3.exe | C:\Users\DELL\office_portable_x3.exe ; Execution from user-writable path: c:\users\dell\office_portable_x3.exe ; Executable running from Users/ directory — possible dropper
298,"Jun 1, 2026 @ 14:23:53.314",AH-98E2C824,TA0001,Initial Access,0,C:\Windows\System32\curl.exe,C:\Users\DELL\office_portable_x3.exe,EDR Rule Detection | LOLBin Abuse | Recon / IP Discovery,100,CRITICAL,T1016,System Network Config Discovery,,,Security rule fired on: curl.exe | curl -s --max-time 10 https://ipinfo.io/country ; Living-off-the-land binary: curl.exe ; Recon DNS query: ipinfo.io
299,"Jun 1, 2026 @ 14:24:02.280",AH-BF21A762,TA0001,Initial Access,0,C:\Windows\System32\wscript.exe,C:\Windows\System32\svchost.exe,EDR Rule Detection | LOLBin Abuse | Sigma Match | Suspicious Parent-Child | Svchost Script Spawn,100,CRITICAL,T1059.005,Visual Basic,,,"Security rule fired on: wscript.exe | ""C:\Windows\System32\wscript.exe"" C:\Users\Public\Pictures\kelotopu\xuvotopo.js ; Living-off-the-land binary: wscript.exe ; Suspicious spawn: svchost.exe → wscript.exe ; svchost spawned script engine with suspicious path: ""c:\windows\system32\wscript.exe"" c:\users\public\pictures\kelotopu\xuvotopo.js"
300,"Jun 1, 2026 @ 14:24:02.704",AH-205C8635,TA0001,Initial Access,0,C:\Windows\System32\wscript.exe,C:\Windows\System32\svchost.exe,EDR Rule Detection | LOLBin Abuse | Sigma Match | Suspicious Parent-Child | Svchost Script Spawn,100,CRITICAL,T1059.005,Visual Basic,,,"Security rule fired on: wscript.exe | ""C:\Windows\System32\wscript.exe"" C:\Users\Public\Pictures\kelotopu\xuvotopo.js ; Living-off-the-land binary: wscript.exe ; Suspicious spawn: svchost.exe → wscript.exe ; svchost spawned script engine with suspicious path: ""c:\windows\system32\wscript.exe"" c:\users\public\pictures\kelotopu\xuvotopo.js"
301,"Jun 1, 2026 @ 14:24:03.113",AH-B3937651,TA0001,Initial Access,0,C:\Windows\System32\wscript.exe,C:\Windows\System32\svchost.exe,EDR Rule Detection | LOLBin Abuse | Sigma Match | Suspicious Parent-Child | Svchost Script Spawn,100,CRITICAL,T1059.005,Visual Basic,,,"Security rule fired on: wscript.exe | ""C:\Windows\System32\wscript.exe"" C:\Users\Public\Pictures\kelotopu\xuvotopo.js ; Living-off-the-land binary: wscript.exe ; Suspicious spawn: svchost.exe → wscript.exe ; svchost spawned script engine with suspicious path: ""c:\windows\system32\wscript.exe"" c:\users\public\pictures\kelotopu\xuvotopo.js"
302,"Jun 1, 2026 @ 14:24:03.128",AH-5912DCB3,TA0001,Initial Access,0,C:\Windows\System32\wscript.exe,C:\Windows\System32\svchost.exe,EDR Rule Detection | LOLBin Abuse | Sigma Match | Suspicious Parent-Child | Svchost Script Spawn,100,CRITICAL,T1059.005,Visual Basic,,,"Security rule fired on: wscript.exe | ""C:\Windows\System32\wscript.exe"" C:\Users\Public\Pictures\kelotopu\xuvotopo.js ; Living-off-the-land binary: wscript.exe ; Suspicious spawn: svchost.exe → wscript.exe ; svchost spawned script engine with suspicious path: ""c:\windows\system32\wscript.exe"" c:\users\public\pictures\kelotopu\xuvotopo.js"
303,"Jun 1, 2026 @ 14:24:03.255",AH-FF635C19,TA0001,Initial Access,0,C:\Users\Public\Pictures\kelotopu\uusd.exe,C:\Windows\System32\wscript.exe,Malware Staging | Network Outlier | Sigma Match,80,CRITICAL,T1036,Masquerading,,,Execution from user-writable path: c:\users\public\pictures\kelotopu\uusd.exe ; High distinct destinations for uusd.exe ; Executable running from Users/ directory — possible dropper
304,"Jun 1, 2026 @ 14:24:03.693",AH-97AB148B,TA0001,Initial Access,0,C:\Users\Public\Pictures\kelotopu\uusd.exe,C:\Windows\System32\wscript.exe,EDR Rule Detection | Malware Staging | Network Outlier | Sigma Match,100,CRITICAL,T1036,Masquerading,,,"Security rule fired on: uusd.exe | ""C:\Users\Public\Pictures\kelotopu\uusd.exe""  ; Execution from user-writable path: c:\users\public\pictures\kelotopu\uusd.exe ; High distinct destinations for uusd.exe ; Executable running from Users/ directory — possible dropper"
305,"Jun 1, 2026 @ 14:24:04.296",AH-D059498A,TA0001,Initial Access,0,C:\Users\Public\Pictures\kelotopu\uusd.exe,,Malware Staging | Network Outlier | Sigma Match,100,CRITICAL,T1036,Masquerading,127.0.0.1,,Execution from user-writable path: c:\users\public\pictures\kelotopu\uusd.exe ; High distinct destinations for uusd.exe ; Executable running from Users/ directory — possible dropper
306,"Jun 1, 2026 @ 14:24:04.303",AH-A2F547FF,TA0001,Initial Access,0,C:\Users\Public\Pictures\kelotopu\uusd.exe,,Malware Staging | Network Outlier | Sigma Match,80,CRITICAL,T1036,Masquerading,,,Execution from user-writable path: c:\users\public\pictures\kelotopu\uusd.exe ; High distinct destinations for uusd.exe ; Executable running from Users/ directory — possible dropper
307,"Jun 1, 2026 @ 14:24:04.305",AH-7088201D,TA0001,Initial Access,0,C:\Users\Public\Pictures\kelotopu\uusd.exe,,Malware Staging | Network Outlier | Sigma Match,80,CRITICAL,T1036,Masquerading,,,Execution from user-writable path: c:\users\public\pictures\kelotopu\uusd.exe ; High distinct destinations for uusd.exe ; Executable running from Users/ directory — possible dropper
308,"Jun 1, 2026 @ 14:24:04.329",AH-E5210C99,TA0001,Initial Access,0,C:\Users\Public\Pictures\kelotopu\uusd.exe,,Malware Staging | Network Outlier | Sigma Match,100,CRITICAL,T1036,Masquerading,127.0.0.1,,Execution from user-writable path: c:\users\public\pictures\kelotopu\uusd.exe ; High distinct destinations for uusd.exe ; Executable running from Users/ directory — possible dropper
309,"Jun 1, 2026 @ 14:24:15.348",AH-3290448C,TA0001,Initial Access,0,C:\Users\Public\Pictures\kelotopu\uusd.exe,,Malware Staging | Network Outlier | Sigma Match,80,CRITICAL,T1036,Masquerading,,,Execution from user-writable path: c:\users\public\pictures\kelotopu\uusd.exe ; High distinct destinations for uusd.exe ; Executable running from Users/ directory — possible dropper
310,"Jun 1, 2026 @ 14:24:15.351",AH-8CDE67A5,TA0001,Initial Access,0,C:\Users\Public\Pictures\kelotopu\uusd.exe,,Malware Staging | Network Outlier | Sigma Match,80,CRITICAL,T1036,Masquerading,,,Execution from user-writable path: c:\users\public\pictures\kelotopu\uusd.exe ; High distinct destinations for uusd.exe ; Executable running from Users/ directory — possible dropper
311,"Jun 1, 2026 @ 14:24:15.825",AH-CAFBDA2F,TA0001,Initial Access,0,C:\Users\Public\Pictures\kelotopu\uusd.exe,,Malware Staging | Network Outlier | Sigma Match,80,CRITICAL,T1036,Masquerading,,,Execution from user-writable path: c:\users\public\pictures\kelotopu\uusd.exe ; High distinct destinations for uusd.exe ; Executable running from Users/ directory — possible dropper
312,"Jun 1, 2026 @ 14:24:15.846",AH-65573E81,TA0001,Initial Access,0,C:\Users\Public\Pictures\kelotopu\uusd.exe,,Malware Staging | Network Outlier | Sigma Match,80,CRITICAL,T1036,Masquerading,,,Execution from user-writable path: c:\users\public\pictures\kelotopu\uusd.exe ; High distinct destinations for uusd.exe ; Executable running from Users/ directory — possible dropper
313,"Jun 1, 2026 @ 14:24:18.012",AH-3FF36FD4,TA0001,Initial Access,0,C:\Users\Public\Pictures\kelotopu\uusd.exe,,Malware Staging | Network Outlier | Sigma Match,80,CRITICAL,T1036,Masquerading,,,Execution from user-writable path: c:\users\public\pictures\kelotopu\uusd.exe ; High distinct destinations for uusd.exe ; Executable running from Users/ directory — possible dropper
314,"Jun 1, 2026 @ 14:24:18.082",AH-F3A26FE5,TA0001,Initial Access,0,C:\Users\Public\Pictures\kelotopu\uusd.exe,,Malware Staging | Network Outlier | Sigma Match,80,CRITICAL,T1036,Masquerading,,,Execution from user-writable path: c:\users\public\pictures\kelotopu\uusd.exe ; High distinct destinations for uusd.exe ; Executable running from Users/ directory — possible dropper
315,"Jun 1, 2026 @ 14:24:18.086",AH-583F6C83,TA0001,Initial Access,0,C:\Users\Public\Pictures\kelotopu\uusd.exe,,Malware Staging | Network Outlier | Sigma Match,80,CRITICAL,T1036,Masquerading,,,Execution from user-writable path: c:\users\public\pictures\kelotopu\uusd.exe ; High distinct destinations for uusd.exe ; Executable running from Users/ directory — possible dropper
316,"Jun 1, 2026 @ 14:24:34.224",AH-0F8FB670,TA0001,Initial Access,0,C:\Users\Public\Pictures\kelotopu\uusd.exe,,Malware Staging | Network Outlier | Sigma Match,80,CRITICAL,T1036,Masquerading,,,Execution from user-writable path: c:\users\public\pictures\kelotopu\uusd.exe ; High distinct destinations for uusd.exe ; Executable running from Users/ directory — possible dropper
317,"Jun 1, 2026 @ 14:24:48.323",AH-226BB071,TA0001,Initial Access,0,C:\Users\Public\Pictures\kelotopu\uusd.exe,,Malware Staging | Network Outlier | Sigma Match,80,CRITICAL,T1036,Masquerading,,,Execution from user-writable path: c:\users\public\pictures\kelotopu\uusd.exe ; High distinct destinations for uusd.exe ; Executable running from Users/ directory — possible dropper
318,"Jun 1, 2026 @ 14:24:48.327",AH-EF54AC35,TA0001,Initial Access,0,C:\Users\Public\Pictures\kelotopu\uusd.exe,,Malware Staging | Network Outlier | Sigma Match,80,CRITICAL,T1036,Masquerading,,,Execution from user-writable path: c:\users\public\pictures\kelotopu\uusd.exe ; High distinct destinations for uusd.exe ; Executable running from Users/ directory — possible dropper
319,"Jun 1, 2026 @ 14:24:48.334",AH-7A763644,TA0001,Initial Access,0,C:\Users\Public\Pictures\kelotopu\uusd.exe,,Malware Staging | Network Outlier | Sigma Match,80,CRITICAL,T1036,Masquerading,,,Execution from user-writable path: c:\users\public\pictures\kelotopu\uusd.exe ; High distinct destinations for uusd.exe ; Executable running from Users/ directory — possible dropper
320,"Jun 1, 2026 @ 14:24:49.767",AH-52283868,TA0001,Initial Access,0,C:\Users\Public\Pictures\kelotopu\uusd.exe,,Malware Staging | Network Outlier | Sigma Match,80,CRITICAL,T1036,Masquerading,,,Execution from user-writable path: c:\users\public\pictures\kelotopu\uusd.exe ; High distinct destinations for uusd.exe ; Executable running from Users/ directory — possible dropper
321,"Jun 1, 2026 @ 14:24:49.769",AH-F7F7E68E,TA0001,Initial Access,0,C:\Users\Public\Pictures\kelotopu\uusd.exe,,Malware Staging | Network Outlier | Sigma Match,80,CRITICAL,T1036,Masquerading,,,Execution from user-writable path: c:\users\public\pictures\kelotopu\uusd.exe ; High distinct destinations for uusd.exe ; Executable running from Users/ directory — possible dropper
322,"Jun 1, 2026 @ 14:24:49.776",AH-D1D435A0,TA0001,Initial Access,0,C:\Users\Public\Pictures\kelotopu\uusd.exe,,Malware Staging | Network Outlier | Sigma Match,80,CRITICAL,T1036,Masquerading,,,Execution from user-writable path: c:\users\public\pictures\kelotopu\uusd.exe ; High distinct destinations for uusd.exe ; Executable running from Users/ directory — possible dropper
323,"Jun 1, 2026 @ 14:24:52.501",AH-9168EEB0,TA0001,Initial Access,0,C:\Windows\System32\reg.exe,C:\Users\DELL\office_portable_x3.exe,EDR Rule Detection | LOLBin Abuse | Persistence | Sigma Match,100,CRITICAL,T1547.001,Registry Run Keys / Startup Folder,,HKLM\SOFTWARE\Microsoft\Windows\CurrentVersion\Run\xuvotopo,"Security rule fired on: reg.exe | reg add HKLM\Software\Microsoft\Windows\CurrentVersion\Run /v xuvotopo /t REG_SZ /d ""wscript.exe \""C ; Living-off-the-land binary: reg.exe ; Persistence registry path: hklm\software\microsoft\windows\currentversion\run\xuvotopo ; reg.exe adding a Run key entry"
324,"Jun 1, 2026 @ 14:24:52.504",AH-329AF738,TA0001,Initial Access,0,C:\Windows\System32\wscript.exe,C:\Windows\System32\svchost.exe,EDR Rule Detection | LOLBin Abuse | Sigma Match | Suspicious Parent-Child | Svchost Script Spawn,100,CRITICAL,T1059.005,Visual Basic,,,"Security rule fired on: wscript.exe | ""C:\Windows\System32\wscript.exe"" C:\Users\Public\Pictures\kelotopu\xuvotopo.js ; Living-off-the-land binary: wscript.exe ; Suspicious spawn: svchost.exe → wscript.exe ; svchost spawned script engine with suspicious path: ""c:\windows\system32\wscript.exe"" c:\users\public\pictures\kelotopu\xuvotopo.js"
325,"Jun 1, 2026 @ 14:24:52.508",AH-CE80C87B,TA0001,Initial Access,0,C:\Windows\System32\wscript.exe,C:\Windows\System32\svchost.exe,EDR Rule Detection | LOLBin Abuse | Sigma Match | Suspicious Parent-Child | Svchost Script Spawn,100,CRITICAL,T1059.005,Visual Basic,,,"Security rule fired on: wscript.exe | ""C:\Windows\System32\wscript.exe"" C:\Users\Public\Pictures\kelotopu\xuvotopo.js ; Living-off-the-land binary: wscript.exe ; Suspicious spawn: svchost.exe → wscript.exe ; svchost spawned script engine with suspicious path: ""c:\windows\system32\wscript.exe"" c:\users\public\pictures\kelotopu\xuvotopo.js"
326,"Jun 1, 2026 @ 14:24:52.510",AH-9C84DAE0,TA0001,Initial Access,0,C:\Windows\System32\wscript.exe,C:\Windows\System32\svchost.exe,EDR Rule Detection | LOLBin Abuse | Sigma Match | Suspicious Parent-Child | Svchost Script Spawn,100,CRITICAL,T1059.005,Visual Basic,,,"Security rule fired on: wscript.exe | ""C:\Windows\System32\wscript.exe"" C:\Users\Public\Pictures\kelotopu\xuvotopo.js ; Living-off-the-land binary: wscript.exe ; Suspicious spawn: svchost.exe → wscript.exe ; svchost spawned script engine with suspicious path: ""c:\windows\system32\wscript.exe"" c:\users\public\pictures\kelotopu\xuvotopo.js"
327,"Jun 1, 2026 @ 14:24:52.513",AH-6E3AF984,TA0001,Initial Access,0,C:\Windows\System32\wscript.exe,C:\Windows\System32\svchost.exe,EDR Rule Detection | LOLBin Abuse | Sigma Match | Suspicious Parent-Child | Svchost Script Spawn,100,CRITICAL,T1059.005,Visual Basic,,,"Security rule fired on: wscript.exe | ""C:\Windows\System32\wscript.exe"" C:\Users\Public\Pictures\kelotopu\xuvotopo.js ; Living-off-the-land binary: wscript.exe ; Suspicious spawn: svchost.exe → wscript.exe ; svchost spawned script engine with suspicious path: ""c:\windows\system32\wscript.exe"" c:\users\public\pictures\kelotopu\xuvotopo.js"
328,"Jun 1, 2026 @ 14:24:52.516",AH-4D937D62,TA0001,Initial Access,0,C:\Users\Public\Pictures\kelotopu\uusd.exe,C:\Windows\System32\wscript.exe,EDR Rule Detection | Malware Staging | Network Outlier | Sigma Match,100,CRITICAL,T1036,Masquerading,,,"Security rule fired on: uusd.exe | ""C:\Users\Public\Pictures\kelotopu\uusd.exe""  ; Execution from user-writable path: c:\users\public\pictures\kelotopu\uusd.exe ; High distinct destinations for uusd.exe ; Executable running from Users/ directory — possible dropper"
329,"Jun 1, 2026 @ 14:21:04.987",AH-9D0A74B2,TA0002,Execution,1,C:\Windows\System32\schtasks.exe,C:\Program Files\Common Files\microsoft shared\ClickToRun\OfficeClickToRun.exe,LOLBin Abuse,25,LOW,T1053.005,Scheduled Task,,,Living-off-the-land binary: schtasks.exe
330,"Jun 1, 2026 @ 14:21:05.079",AH-B5B20B63,TA0002,Execution,1,C:\Windows\System32\schtasks.exe,,LOLBin Abuse,25,LOW,T1053.005,Scheduled Task,,,Living-off-the-land binary: schtasks.exe
331,"Jun 1, 2026 @ 14:21:05.093",AH-BD49F417,TA0002,Execution,1,C:\Windows\System32\schtasks.exe,C:\Program Files\Common Files\microsoft shared\ClickToRun\OfficeClickToRun.exe,LOLBin Abuse,25,LOW,T1053.005,Scheduled Task,,,Living-off-the-land binary: schtasks.exe
332,"Jun 1, 2026 @ 14:21:05.098",AH-9CA88BAD,TA0002,Execution,1,C:\Windows\System32\schtasks.exe,C:\Program Files\Common Files\microsoft shared\ClickToRun\OfficeClickToRun.exe,LOLBin Abuse,25,LOW,T1053.005,Scheduled Task,,,Living-off-the-land binary: schtasks.exe
333,"Jun 1, 2026 @ 14:21:05.144",AH-4966BFBD,TA0002,Execution,1,C:\Windows\System32\schtasks.exe,,LOLBin Abuse,25,LOW,T1053.005,Scheduled Task,,,Living-off-the-land binary: schtasks.exe
334,"Jun 1, 2026 @ 14:21:05.147",AH-2E0F5CCF,TA0002,Execution,1,C:\Windows\System32\schtasks.exe,C:\Program Files\Common Files\microsoft shared\ClickToRun\OfficeClickToRun.exe,LOLBin Abuse,25,LOW,T1053.005,Scheduled Task,,,Living-off-the-land binary: schtasks.exe
335,"Jun 1, 2026 @ 14:21:05.153",AH-3BCAC74A,TA0002,Execution,1,C:\Windows\System32\schtasks.exe,C:\Program Files\Common Files\microsoft shared\ClickToRun\OfficeClickToRun.exe,LOLBin Abuse | Sigma Match,60,HIGH,T1053.005,Scheduled Task,,,Living-off-the-land binary: schtasks.exe ; schtasks creating a task
336,"Jun 1, 2026 @ 14:21:05.226",AH-C5854538,TA0002,Execution,1,C:\Windows\System32\schtasks.exe,,LOLBin Abuse,25,LOW,T1053.005,Scheduled Task,,,Living-off-the-land binary: schtasks.exe
337,"Jun 1, 2026 @ 14:21:05.415",AH-7C57DEEC,TA0002,Execution,1,C:\Windows\System32\schtasks.exe,C:\Program Files\Common Files\microsoft shared\ClickToRun\OfficeClickToRun.exe,LOLBin Abuse | Sigma Match,60,HIGH,T1053.005,Scheduled Task,,,Living-off-the-land binary: schtasks.exe ; schtasks creating a task
338,"Jun 1, 2026 @ 14:21:05.421",AH-2EF393B6,TA0002,Execution,1,C:\Windows\System32\schtasks.exe,C:\Program Files\Common Files\microsoft shared\ClickToRun\OfficeClickToRun.exe,LOLBin Abuse,25,LOW,T1053.005,Scheduled Task,,,Living-off-the-land binary: schtasks.exe
339,"Jun 1, 2026 @ 14:21:05.504",AH-176B1A00,TA0002,Execution,1,C:\Windows\System32\schtasks.exe,,LOLBin Abuse,25,LOW,T1053.005,Scheduled Task,,,Living-off-the-land binary: schtasks.exe
340,"Jun 1, 2026 @ 14:21:05.513",AH-F2F00176,TA0002,Execution,1,C:\Windows\System32\schtasks.exe,C:\Program Files\Common Files\microsoft shared\ClickToRun\OfficeClickToRun.exe,LOLBin Abuse,25,LOW,T1053.005,Scheduled Task,,,Living-off-the-land binary: schtasks.exe
341,"Jun 1, 2026 @ 14:21:05.517",AH-A5F28C48,TA0002,Execution,1,C:\Windows\System32\schtasks.exe,C:\Program Files\Common Files\microsoft shared\ClickToRun\OfficeClickToRun.exe,LOLBin Abuse,25,LOW,T1053.005,Scheduled Task,,,Living-off-the-land binary: schtasks.exe
342,"Jun 1, 2026 @ 14:21:05.585",AH-E8B8F647,TA0002,Execution,1,C:\Windows\System32\schtasks.exe,,LOLBin Abuse,25,LOW,T1053.005,Scheduled Task,,,Living-off-the-land binary: schtasks.exe
343,"Jun 1, 2026 @ 14:21:05.589",AH-E0BD7F6B,TA0002,Execution,1,C:\Windows\System32\schtasks.exe,C:\Program Files\Common Files\microsoft shared\ClickToRun\OfficeClickToRun.exe,LOLBin Abuse,25,LOW,T1053.005,Scheduled Task,,,Living-off-the-land binary: schtasks.exe
344,"Jun 1, 2026 @ 14:21:05.598",AH-892E5916,TA0002,Execution,1,C:\Windows\System32\schtasks.exe,C:\Program Files\Common Files\microsoft shared\ClickToRun\OfficeClickToRun.exe,LOLBin Abuse,25,LOW,T1053.005,Scheduled Task,,,Living-off-the-land binary: schtasks.exe
345,"Jun 1, 2026 @ 14:21:05.666",AH-8A88CAE3,TA0002,Execution,1,C:\Windows\System32\schtasks.exe,,LOLBin Abuse,25,LOW,T1053.005,Scheduled Task,,,Living-off-the-land binary: schtasks.exe
346,"Jun 1, 2026 @ 14:21:05.681",AH-495EDB80,TA0002,Execution,1,C:\Windows\System32\schtasks.exe,C:\Program Files\Common Files\microsoft shared\ClickToRun\OfficeClickToRun.exe,LOLBin Abuse,25,LOW,T1053.005,Scheduled Task,,,Living-off-the-land binary: schtasks.exe
347,"Jun 1, 2026 @ 14:21:05.685",AH-64247AE4,TA0002,Execution,1,C:\Windows\System32\schtasks.exe,C:\Program Files\Common Files\microsoft shared\ClickToRun\OfficeClickToRun.exe,LOLBin Abuse,25,LOW,T1053.005,Scheduled Task,,,Living-off-the-land binary: schtasks.exe
348,"Jun 1, 2026 @ 14:21:05.952",AH-DF39522A,TA0002,Execution,1,C:\Windows\System32\schtasks.exe,,LOLBin Abuse,25,LOW,T1053.005,Scheduled Task,,,Living-off-the-land binary: schtasks.exe
349,"Jun 1, 2026 @ 14:21:06.097",AH-AE37DA87,TA0002,Execution,1,C:\Windows\System32\schtasks.exe,C:\Program Files\Common Files\microsoft shared\ClickToRun\OfficeClickToRun.exe,LOLBin Abuse,25,LOW,T1053.005,Scheduled Task,,,Living-off-the-land binary: schtasks.exe
350,"Jun 1, 2026 @ 14:21:06.112",AH-552E204E,TA0002,Execution,1,C:\Windows\System32\schtasks.exe,C:\Program Files\Common Files\microsoft shared\ClickToRun\OfficeClickToRun.exe,LOLBin Abuse | Sigma Match,60,HIGH,T1053.005,Scheduled Task,,,Living-off-the-land binary: schtasks.exe ; schtasks creating a task
351,"Jun 1, 2026 @ 14:21:06.249",AH-FC6ABC54,TA0002,Execution,1,C:\Windows\System32\sppsvc.exe,C:\Windows\System32\services.exe,Rare Parent-Child,15,INFO,,,,,Rare process pair: services.exe->sppsvc.exe
352,"Jun 1, 2026 @ 14:21:06.264",AH-E6B80EEF,TA0002,Execution,1,C:\Windows\System32\schtasks.exe,,LOLBin Abuse,25,LOW,T1053.005,Scheduled Task,,,Living-off-the-land binary: schtasks.exe
353,"Jun 1, 2026 @ 14:21:06.399",AH-C19DE018,TA0002,Execution,1,C:\Windows\System32\schtasks.exe,C:\Program Files\Common Files\microsoft shared\ClickToRun\OfficeClickToRun.exe,LOLBin Abuse | Sigma Match,60,HIGH,T1053.005,Scheduled Task,,,Living-off-the-land binary: schtasks.exe ; schtasks creating a task
354,"Jun 1, 2026 @ 14:21:06.429",AH-C7D42911,TA0002,Execution,1,C:\Windows\System32\schtasks.exe,C:\Program Files\Common Files\microsoft shared\ClickToRun\OfficeClickToRun.exe,LOLBin Abuse,25,LOW,T1053.005,Scheduled Task,,,Living-off-the-land binary: schtasks.exe
355,"Jun 1, 2026 @ 14:21:06.554",AH-ED12F7C2,TA0002,Execution,1,C:\Windows\System32\schtasks.exe,,LOLBin Abuse,25,LOW,T1053.005,Scheduled Task,,,Living-off-the-land binary: schtasks.exe
356,"Jun 1, 2026 @ 14:21:06.564",AH-9AB512AA,TA0002,Execution,1,C:\Windows\System32\schtasks.exe,C:\Program Files\Common Files\microsoft shared\ClickToRun\OfficeClickToRun.exe,LOLBin Abuse,25,LOW,T1053.005,Scheduled Task,,,Living-off-the-land binary: schtasks.exe
357,"Jun 1, 2026 @ 14:21:11.231",AH-D5A0D068,TA0002,Execution,1,C:\Windows\SystemApps\Microsoft.LockApp_cw5n1h2txyewy\LockApp.exe,C:\Windows\System32\svchost.exe,Rare Parent-Child | Rare Process,30,LOW,,,,,Process seen only 2 time(s): lockapp.exe ; Rare process pair: svchost.exe->lockapp.exe
358,"Jun 1, 2026 @ 14:21:17.111",AH-D5986304,TA0002,Execution,1,C:\Windows\System32\schtasks.exe,C:\Program Files\Microsoft Office\root\Integration\Integrator.exe,LOLBin Abuse,25,LOW,T1053.005,Scheduled Task,,,Living-off-the-land binary: schtasks.exe
359,"Jun 1, 2026 @ 14:21:17.155",AH-50B51E79,TA0002,Execution,1,C:\Windows\System32\schtasks.exe,,LOLBin Abuse,25,LOW,T1053.005,Scheduled Task,,,Living-off-the-land binary: schtasks.exe
360,"Jun 1, 2026 @ 14:21:17.165",AH-1376C19D,TA0002,Execution,1,C:\Windows\System32\schtasks.exe,C:\Program Files\Microsoft Office\root\Integration\Integrator.exe,LOLBin Abuse,25,LOW,T1053.005,Scheduled Task,,,Living-off-the-land binary: schtasks.exe
361,"Jun 1, 2026 @ 14:21:17.212",AH-EBA7AC17,TA0002,Execution,1,C:\Windows\System32\schtasks.exe,C:\Program Files\Microsoft Office\root\Integration\Integrator.exe,LOLBin Abuse | Sigma Match,60,HIGH,T1053.005,Scheduled Task,,,Living-off-the-land binary: schtasks.exe ; schtasks creating a task
362,"Jun 1, 2026 @ 14:21:17.262",AH-F4C2554C,TA0002,Execution,1,C:\Windows\System32\schtasks.exe,,LOLBin Abuse,25,LOW,T1053.005,Scheduled Task,,,Living-off-the-land binary: schtasks.exe
363,"Jun 1, 2026 @ 14:21:17.312",AH-D4F26863,TA0002,Execution,1,C:\Windows\System32\schtasks.exe,C:\Program Files\Microsoft Office\root\Integration\Integrator.exe,LOLBin Abuse | Sigma Match,60,HIGH,T1053.005,Scheduled Task,,,Living-off-the-land binary: schtasks.exe ; schtasks creating a task
364,"Jun 1, 2026 @ 14:21:17.315",AH-536758F4,TA0002,Execution,1,C:\Windows\System32\schtasks.exe,C:\Program Files\Microsoft Office\root\Integration\Integrator.exe,LOLBin Abuse,25,LOW,T1053.005,Scheduled Task,,,Living-off-the-land binary: schtasks.exe
365,"Jun 1, 2026 @ 14:21:17.352",AH-BFE7A21C,TA0002,Execution,1,C:\Windows\System32\schtasks.exe,,LOLBin Abuse,25,LOW,T1053.005,Scheduled Task,,,Living-off-the-land binary: schtasks.exe
366,"Jun 1, 2026 @ 14:21:17.360",AH-6F8510CB,TA0002,Execution,1,C:\Windows\System32\schtasks.exe,C:\Program Files\Microsoft Office\root\Integration\Integrator.exe,LOLBin Abuse,25,LOW,T1053.005,Scheduled Task,,,Living-off-the-land binary: schtasks.exe
367,"Jun 1, 2026 @ 14:21:17.403",AH-5B6FB890,TA0002,Execution,1,C:\Windows\System32\schtasks.exe,C:\Program Files\Microsoft Office\root\Integration\Integrator.exe,LOLBin Abuse | Sigma Match,60,HIGH,T1053.005,Scheduled Task,,,Living-off-the-land binary: schtasks.exe ; schtasks creating a task
368,"Jun 1, 2026 @ 14:21:17.441",AH-84FF4FBF,TA0002,Execution,1,C:\Windows\System32\schtasks.exe,,LOLBin Abuse,25,LOW,T1053.005,Scheduled Task,,,Living-off-the-land binary: schtasks.exe
369,"Jun 1, 2026 @ 14:21:17.497",AH-FE8B6216,TA0002,Execution,1,C:\Windows\System32\schtasks.exe,C:\Program Files\Microsoft Office\root\Integration\Integrator.exe,LOLBin Abuse | Sigma Match,60,HIGH,T1053.005,Scheduled Task,,,Living-off-the-land binary: schtasks.exe ; schtasks creating a task
370,"Jun 1, 2026 @ 14:21:17.522",AH-A2C997D2,TA0002,Execution,1,C:\Windows\System32\schtasks.exe,C:\Program Files\Microsoft Office\root\Integration\Integrator.exe,LOLBin Abuse,25,LOW,T1053.005,Scheduled Task,,,Living-off-the-land binary: schtasks.exe
371,"Jun 1, 2026 @ 14:21:17.570",AH-3B0EC820,TA0002,Execution,1,C:\Windows\System32\schtasks.exe,,LOLBin Abuse,25,LOW,T1053.005,Scheduled Task,,,Living-off-the-land binary: schtasks.exe
372,"Jun 1, 2026 @ 14:21:17.580",AH-B852DBFF,TA0002,Execution,1,C:\Windows\System32\schtasks.exe,C:\Program Files\Microsoft Office\root\Integration\Integrator.exe,LOLBin Abuse,25,LOW,T1053.005,Scheduled Task,,,Living-off-the-land binary: schtasks.exe
373,"Jun 1, 2026 @ 14:21:17.622",AH-45AD48AF,TA0002,Execution,1,C:\Windows\System32\schtasks.exe,C:\Program Files\Microsoft Office\root\Integration\Integrator.exe,LOLBin Abuse | Sigma Match,60,HIGH,T1053.005,Scheduled Task,,,Living-off-the-land binary: schtasks.exe ; schtasks creating a task
374,"Jun 1, 2026 @ 14:21:17.677",AH-4AC481C6,TA0002,Execution,1,C:\Windows\System32\schtasks.exe,,LOLBin Abuse,25,LOW,T1053.005,Scheduled Task,,,Living-off-the-land binary: schtasks.exe
375,"Jun 1, 2026 @ 14:21:17.730",AH-FC61899A,TA0002,Execution,1,C:\Windows\System32\schtasks.exe,C:\Program Files\Microsoft Office\root\Integration\Integrator.exe,LOLBin Abuse | Sigma Match,60,HIGH,T1053.005,Scheduled Task,,,Living-off-the-land binary: schtasks.exe ; schtasks creating a task
376,"Jun 1, 2026 @ 14:21:17.737",AH-5012BB8A,TA0002,Execution,1,C:\Windows\System32\schtasks.exe,C:\Program Files\Microsoft Office\root\Integration\Integrator.exe,LOLBin Abuse,25,LOW,T1053.005,Scheduled Task,,,Living-off-the-land binary: schtasks.exe
377,"Jun 1, 2026 @ 14:21:17.776",AH-F05FD18F,TA0002,Execution,1,C:\Windows\System32\schtasks.exe,,LOLBin Abuse,25,LOW,T1053.005,Scheduled Task,,,Living-off-the-land binary: schtasks.exe
378,"Jun 1, 2026 @ 14:21:17.783",AH-422AB0C0,TA0002,Execution,1,C:\Windows\System32\schtasks.exe,C:\Program Files\Microsoft Office\root\Integration\Integrator.exe,LOLBin Abuse,25,LOW,T1053.005,Scheduled Task,,,Living-off-the-land binary: schtasks.exe
379,"Jun 1, 2026 @ 14:21:17.827",AH-B2BFA110,TA0002,Execution,1,C:\Windows\System32\schtasks.exe,C:\Program Files\Microsoft Office\root\Integration\Integrator.exe,LOLBin Abuse | Sigma Match,60,HIGH,T1053.005,Scheduled Task,,,Living-off-the-land binary: schtasks.exe ; schtasks creating a task
380,"Jun 1, 2026 @ 14:21:17.885",AH-C06F697D,TA0002,Execution,1,C:\Windows\System32\schtasks.exe,,LOLBin Abuse,25,LOW,T1053.005,Scheduled Task,,,Living-off-the-land binary: schtasks.exe
381,"Jun 1, 2026 @ 14:21:17.938",AH-CDA4912F,TA0002,Execution,1,C:\Windows\System32\schtasks.exe,C:\Program Files\Microsoft Office\root\Integration\Integrator.exe,LOLBin Abuse | Sigma Match,60,HIGH,T1053.005,Scheduled Task,,,Living-off-the-land binary: schtasks.exe ; schtasks creating a task
382,"Jun 1, 2026 @ 14:21:17.943",AH-81EA480A,TA0002,Execution,1,C:\Windows\System32\schtasks.exe,C:\Program Files\Microsoft Office\root\Integration\Integrator.exe,LOLBin Abuse,25,LOW,T1053.005,Scheduled Task,,,Living-off-the-land binary: schtasks.exe
383,"Jun 1, 2026 @ 14:21:17.980",AH-20CC185D,TA0002,Execution,1,C:\Windows\System32\schtasks.exe,,LOLBin Abuse,25,LOW,T1053.005,Scheduled Task,,,Living-off-the-land binary: schtasks.exe
384,"Jun 1, 2026 @ 14:21:17.987",AH-86D42D67,TA0002,Execution,1,C:\Windows\System32\schtasks.exe,C:\Program Files\Microsoft Office\root\Integration\Integrator.exe,LOLBin Abuse,25,LOW,T1053.005,Scheduled Task,,,Living-off-the-land binary: schtasks.exe
385,"Jun 1, 2026 @ 14:21:18.032",AH-3F644C76,TA0002,Execution,1,C:\Windows\System32\schtasks.exe,C:\Program Files\Microsoft Office\root\Integration\Integrator.exe,LOLBin Abuse | Sigma Match,60,HIGH,T1053.005,Scheduled Task,,,Living-off-the-land binary: schtasks.exe ; schtasks creating a task
386,"Jun 1, 2026 @ 14:21:18.067",AH-812109CA,TA0002,Execution,1,C:\Windows\System32\schtasks.exe,,LOLBin Abuse,25,LOW,T1053.005,Scheduled Task,,,Living-off-the-land binary: schtasks.exe
387,"Jun 1, 2026 @ 14:21:18.116",AH-D44B6BDC,TA0002,Execution,1,C:\Windows\System32\schtasks.exe,C:\Program Files\Microsoft Office\root\Integration\Integrator.exe,LOLBin Abuse | Sigma Match,60,HIGH,T1053.005,Scheduled Task,,,Living-off-the-land binary: schtasks.exe ; schtasks creating a task
388,"Jun 1, 2026 @ 14:21:20.831",AH-6A3D4405,TA0002,Execution,1,C:\Windows\System32\SearchProtocolHost.exe,C:\Windows\System32\SearchIndexer.exe,Rare Parent-Child | Rare Process,30,LOW,,,,,Process seen only 2 time(s): searchprotocolhost.exe ; Rare process pair: searchindexer.exe->searchprotocolhost.exe
389,"Jun 1, 2026 @ 14:21:23.421",AH-45FC36E0,TA0002,Execution,1,C:\Program Files\Microsoft OneDrive\OneDriveStandaloneUpdater.exe,C:\Windows\System32\svchost.exe,Rare Parent-Child,15,INFO,,,,,Rare process pair: svchost.exe->onedrivestandaloneupdater.exe
390,"Jun 1, 2026 @ 14:21:23.446",AH-A7119D1A,TA0002,Execution,1,C:\Program Files\Microsoft OneDrive\OneDriveStandaloneUpdater.exe,C:\Windows\System32\svchost.exe,Rare Parent-Child,15,INFO,,,,,Rare process pair: svchost.exe->onedrivestandaloneupdater.exe
391,"Jun 1, 2026 @ 14:21:27.737",AH-CB67E4CC,TA0002,Execution,1,C:\Windows\SystemApps\Microsoft.LockApp_cw5n1h2txyewy\LockApp.exe,C:\Windows\System32\svchost.exe,Rare Parent-Child | Rare Process,30,LOW,,,,,Process seen only 2 time(s): lockapp.exe ; Rare process pair: svchost.exe->lockapp.exe
392,"Jun 1, 2026 @ 14:21:37.792",AH-CECAAECE,TA0002,Execution,1,C:\Windows\System32\msiexec.exe,C:\Windows\System32\services.exe,LOLBin Abuse | PowerShell Payload | Rare Parent-Child,65,HIGH,T1218,PowerShell,,,Rare process pair: services.exe->msiexec.exe ; Living-off-the-land binary: msiexec.exe ; Suspicious PowerShell keyword in command
393,"Jun 1, 2026 @ 14:21:37.955",AH-02EE41BB,TA0002,Execution,1,C:\Windows\System32\msiexec.exe,,LOLBin Abuse,25,LOW,T1218,,,,Living-off-the-land binary: msiexec.exe
394,"Jun 1, 2026 @ 14:21:38.092",AH-16C3C66A,TA0002,Execution,1,C:\Windows\System32\msiexec.exe,,LOLBin Abuse,25,LOW,T1218,,,,Living-off-the-land binary: msiexec.exe
395,"Jun 1, 2026 @ 14:21:38.098",AH-364541E1,TA0002,Execution,1,C:\Windows\SysWOW64\msiexec.exe,C:\Windows\System32\msiexec.exe,LOLBin Abuse | PowerShell Payload,50,MEDIUM,T1218,PowerShell,,,Living-off-the-land binary: msiexec.exe ; Suspicious PowerShell keyword in command
396,"Jun 1, 2026 @ 14:21:38.218",AH-537ACA17,TA0002,Execution,1,C:\Windows\SysWOW64\msiexec.exe,,LOLBin Abuse,25,LOW,T1218,,,,Living-off-the-land binary: msiexec.exe
397,"Jun 1, 2026 @ 14:21:38.223",AH-73A7549E,TA0002,Execution,1,C:\Windows\System32\msiexec.exe,,LOLBin Abuse,25,LOW,T1218,,,,Living-off-the-land binary: msiexec.exe
398,"Jun 1, 2026 @ 14:21:38.537",AH-D11C00FC,TA0002,Execution,1,C:\Windows\System32\msiexec.exe,,LOLBin Abuse,25,LOW,T1218,,,,Living-off-the-land binary: msiexec.exe
399,"Jun 1, 2026 @ 14:21:38.539",AH-EA0310D2,TA0002,Execution,1,C:\Windows\System32\msiexec.exe,C:\Windows\System32\msiexec.exe,LOLBin Abuse | PowerShell Payload,50,MEDIUM,T1218,PowerShell,,,Living-off-the-land binary: msiexec.exe ; Suspicious PowerShell keyword in command
400,"Jun 1, 2026 @ 14:21:38.615",AH-B5284896,TA0002,Execution,1,C:\Windows\System32\msiexec.exe,,LOLBin Abuse,25,LOW,T1218,,,,Living-off-the-land binary: msiexec.exe
401,"Jun 1, 2026 @ 14:21:38.811",AH-617EAB3A,TA0002,Execution,1,C:\Windows\System32\msiexec.exe,,LOLBin Abuse,25,LOW,T1218,,,,Living-off-the-land binary: msiexec.exe
402,"Jun 1, 2026 @ 14:21:39.506",AH-A73C9FD8,TA0002,Execution,1,C:\Windows\System32\msiexec.exe,,LOLBin Abuse,25,LOW,T1218,,,,Living-off-the-land binary: msiexec.exe
403,"Jun 1, 2026 @ 14:21:39.508",AH-01D8392A,TA0002,Execution,1,C:\Windows\System32\msiexec.exe,,LOLBin Abuse,50,MEDIUM,T1218,,,,Living-off-the-land binary: msiexec.exe
404,"Jun 1, 2026 @ 14:21:39.509",AH-C31E8F74,TA0002,Execution,1,C:\Windows\System32\msiexec.exe,,LOLBin Abuse,50,MEDIUM,T1218,,,,Living-off-the-land binary: msiexec.exe
405,"Jun 1, 2026 @ 14:21:39.510",AH-91049CC4,TA0002,Execution,1,C:\Windows\System32\msiexec.exe,,LOLBin Abuse,50,MEDIUM,T1218,,,,Living-off-the-land binary: msiexec.exe
406,"Jun 1, 2026 @ 14:21:39.513",AH-A8B01B85,TA0002,Execution,1,C:\Windows\System32\msiexec.exe,,LOLBin Abuse,25,LOW,T1218,,,,Living-off-the-land binary: msiexec.exe
407,"Jun 1, 2026 @ 14:21:39.773",AH-1FD18F6D,TA0002,Execution,1,C:\Windows\System32\msiexec.exe,,LOLBin Abuse,25,LOW,T1218,,,,Living-off-the-land binary: msiexec.exe
408,"Jun 1, 2026 @ 14:21:39.777",AH-D6471651,TA0002,Execution,1,C:\Windows\System32\msiexec.exe,,LOLBin Abuse,25,LOW,T1218,,,,Living-off-the-land binary: msiexec.exe
409,"Jun 1, 2026 @ 14:21:39.780",AH-3CA6DD40,TA0002,Execution,1,C:\Windows\System32\msiexec.exe,,LOLBin Abuse,100,CRITICAL,T1218,,,,Living-off-the-land binary: msiexec.exe
410,"Jun 1, 2026 @ 14:21:39.784",AH-71176096,TA0002,Execution,1,C:\Windows\System32\msiexec.exe,,LOLBin Abuse,100,CRITICAL,T1218,,,,Living-off-the-land binary: msiexec.exe
411,"Jun 1, 2026 @ 14:21:39.789",AH-1A1D84D1,TA0002,Execution,1,C:\Windows\System32\msiexec.exe,,LOLBin Abuse,25,LOW,T1218,,,,Living-off-the-land binary: msiexec.exe
412,"Jun 1, 2026 @ 14:21:39.821",AH-404A262C,TA0002,Execution,1,C:\Windows\System32\msiexec.exe,,LOLBin Abuse,25,LOW,T1218,,,,Living-off-the-land binary: msiexec.exe
413,"Jun 1, 2026 @ 14:21:39.824",AH-CF77B52F,TA0002,Execution,1,C:\Windows\System32\msiexec.exe,,LOLBin Abuse,25,LOW,T1218,,,,Living-off-the-land binary: msiexec.exe
414,"Jun 1, 2026 @ 14:21:39.826",AH-429D93FF,TA0002,Execution,1,C:\Windows\System32\msiexec.exe,,LOLBin Abuse,25,LOW,T1218,,,,Living-off-the-land binary: msiexec.exe
415,"Jun 1, 2026 @ 14:21:39.861",AH-232A1B80,TA0002,Execution,1,C:\Windows\System32\msiexec.exe,,LOLBin Abuse,25,LOW,T1218,,,,Living-off-the-land binary: msiexec.exe
416,"Jun 1, 2026 @ 14:21:39.865",AH-52BBF30F,TA0002,Execution,1,C:\Windows\System32\msiexec.exe,,LOLBin Abuse,25,LOW,T1218,,,,Living-off-the-land binary: msiexec.exe
417,"Jun 1, 2026 @ 14:21:39.867",AH-ECFB5711,TA0002,Execution,1,C:\Windows\System32\msiexec.exe,,LOLBin Abuse,25,LOW,T1218,,,,Living-off-the-land binary: msiexec.exe
418,"Jun 1, 2026 @ 14:21:40.684",AH-FF4ECBB4,TA0002,Execution,1,C:\Windows\System32\msiexec.exe,,LOLBin Abuse,25,LOW,T1218,,,,Living-off-the-land binary: msiexec.exe
419,"Jun 1, 2026 @ 14:21:40.687",AH-E45497FD,TA0002,Execution,1,C:\Windows\System32\msiexec.exe,,LOLBin Abuse,25,LOW,T1218,,,,Living-off-the-land binary: msiexec.exe
420,"Jun 1, 2026 @ 14:21:40.962",AH-E3B16541,TA0002,Execution,1,C:\Windows\System32\msiexec.exe,,LOLBin Abuse,25,LOW,T1218,,,,Living-off-the-land binary: msiexec.exe
421,"Jun 1, 2026 @ 14:21:40.968",AH-1B422589,TA0002,Execution,1,C:\Windows\System32\msiexec.exe,,LOLBin Abuse,50,MEDIUM,T1218,,,,Living-off-the-land binary: msiexec.exe
422,"Jun 1, 2026 @ 14:21:40.970",AH-A59D41CF,TA0002,Execution,1,C:\Windows\System32\msiexec.exe,,LOLBin Abuse,25,LOW,T1218,,,,Living-off-the-land binary: msiexec.exe
423,"Jun 1, 2026 @ 14:21:40.978",AH-6F60B70B,TA0002,Execution,1,C:\Windows\System32\msiexec.exe,,LOLBin Abuse,75,HIGH,T1218,,,,Living-off-the-land binary: msiexec.exe
424,"Jun 1, 2026 @ 14:21:40.989",AH-38382216,TA0002,Execution,1,C:\Windows\System32\msiexec.exe,,LOLBin Abuse,100,CRITICAL,T1218,,,,Living-off-the-land binary: msiexec.exe
425,"Jun 1, 2026 @ 14:21:40.994",AH-121FCB8C,TA0002,Execution,1,C:\Windows\System32\msiexec.exe,,LOLBin Abuse,100,CRITICAL,T1218,,,,Living-off-the-land binary: msiexec.exe
426,"Jun 1, 2026 @ 14:21:40.995",AH-CE7371C3,TA0002,Execution,1,C:\Windows\System32\msiexec.exe,,LOLBin Abuse,25,LOW,T1218,,,,Living-off-the-land binary: msiexec.exe
427,"Jun 1, 2026 @ 14:21:41.000",AH-53835A8A,TA0002,Execution,1,C:\Windows\System32\msiexec.exe,C:\Windows\System32\msiexec.exe,LOLBin Abuse | PowerShell Payload,50,MEDIUM,T1218,PowerShell,,,Living-off-the-land binary: msiexec.exe ; Suspicious PowerShell keyword in command
428,"Jun 1, 2026 @ 14:21:41.008",AH-03E12AB4,TA0002,Execution,1,C:\Windows\SysWOW64\msiexec.exe,C:\Windows\System32\msiexec.exe,LOLBin Abuse | PowerShell Payload,50,MEDIUM,T1218,PowerShell,,,Living-off-the-land binary: msiexec.exe ; Suspicious PowerShell keyword in command
429,"Jun 1, 2026 @ 14:21:41.262",AH-DBF9AA01,TA0002,Execution,1,C:\Windows\System32\msiexec.exe,,LOLBin Abuse,25,LOW,T1218,,,,Living-off-the-land binary: msiexec.exe
430,"Jun 1, 2026 @ 14:21:41.269",AH-3BAFE7F2,TA0002,Execution,1,C:\Windows\SysWOW64\msiexec.exe,C:\Windows\System32\msiexec.exe,LOLBin Abuse | PowerShell Payload,50,MEDIUM,T1218,PowerShell,,,Living-off-the-land binary: msiexec.exe ; Suspicious PowerShell keyword in command
431,"Jun 1, 2026 @ 14:21:41.365",AH-C33B0D48,TA0002,Execution,1,C:\Windows\SysWOW64\msiexec.exe,,LOLBin Abuse,25,LOW,T1218,,,,Living-off-the-land binary: msiexec.exe
432,"Jun 1, 2026 @ 14:21:41.368",AH-151E1CE0,TA0002,Execution,1,C:\Windows\System32\msiexec.exe,,LOLBin Abuse,25,LOW,T1218,,,,Living-off-the-land binary: msiexec.exe
433,"Jun 1, 2026 @ 14:21:41.673",AH-29CDBFC8,TA0002,Execution,1,C:\Windows\System32\msiexec.exe,,LOLBin Abuse,25,LOW,T1218,,,,Living-off-the-land binary: msiexec.exe
434,"Jun 1, 2026 @ 14:21:41.675",AH-B1DD9025,TA0002,Execution,1,C:\Windows\System32\msiexec.exe,C:\Windows\System32\msiexec.exe,LOLBin Abuse | PowerShell Payload,50,MEDIUM,T1218,PowerShell,,,Living-off-the-land binary: msiexec.exe ; Suspicious PowerShell keyword in command
435,"Jun 1, 2026 @ 14:21:41.803",AH-C52F95D6,TA0002,Execution,1,C:\Windows\System32\msiexec.exe,,LOLBin Abuse,25,LOW,T1218,,,,Living-off-the-land binary: msiexec.exe
436,"Jun 1, 2026 @ 14:21:42.181",AH-39395D50,TA0002,Execution,1,C:\Windows\System32\msiexec.exe,,LOLBin Abuse,25,LOW,T1218,,,,Living-off-the-land binary: msiexec.exe
437,"Jun 1, 2026 @ 14:21:42.914",AH-889BCE95,TA0002,Execution,1,C:\Windows\System32\msiexec.exe,,LOLBin Abuse,25,LOW,T1218,,,,Living-off-the-land binary: msiexec.exe
438,"Jun 1, 2026 @ 14:21:42.916",AH-1DD61115,TA0002,Execution,1,C:\Windows\System32\msiexec.exe,,LOLBin Abuse,100,CRITICAL,T1218,,,,Living-off-the-land binary: msiexec.exe
439,"Jun 1, 2026 @ 14:21:42.918",AH-63A6B420,TA0002,Execution,1,C:\Windows\System32\msiexec.exe,,LOLBin Abuse,50,MEDIUM,T1218,,,,Living-off-the-land binary: msiexec.exe
440,"Jun 1, 2026 @ 14:21:42.919",AH-FC3C8B1C,TA0002,Execution,1,C:\Windows\System32\msiexec.exe,,LOLBin Abuse,25,LOW,T1218,,,,Living-off-the-land binary: msiexec.exe
441,"Jun 1, 2026 @ 14:21:43.236",AH-2BA454BE,TA0002,Execution,1,C:\Windows\System32\msiexec.exe,,LOLBin Abuse,25,LOW,T1218,,,,Living-off-the-land binary: msiexec.exe
442,"Jun 1, 2026 @ 14:21:43.238",AH-9DF65C00,TA0002,Execution,1,C:\Windows\System32\msiexec.exe,,LOLBin Abuse,25,LOW,T1218,,,,Living-off-the-land binary: msiexec.exe
443,"Jun 1, 2026 @ 14:21:43.241",AH-2F6978CC,TA0002,Execution,1,C:\Windows\System32\msiexec.exe,,LOLBin Abuse,100,CRITICAL,T1218,,,,Living-off-the-land binary: msiexec.exe
444,"Jun 1, 2026 @ 14:21:43.245",AH-2ADC4E91,TA0002,Execution,1,C:\Windows\System32\msiexec.exe,,LOLBin Abuse,50,MEDIUM,T1218,,,,Living-off-the-land binary: msiexec.exe
445,"Jun 1, 2026 @ 14:21:43.246",AH-675005A4,TA0002,Execution,1,C:\Windows\System32\msiexec.exe,,LOLBin Abuse,50,MEDIUM,T1218,,,,Living-off-the-land binary: msiexec.exe
446,"Jun 1, 2026 @ 14:21:43.251",AH-0FD53423,TA0002,Execution,1,C:\Windows\System32\msiexec.exe,,LOLBin Abuse,25,LOW,T1218,,,,Living-off-the-land binary: msiexec.exe
447,"Jun 1, 2026 @ 14:21:43.283",AH-07BE8570,TA0002,Execution,1,C:\Windows\System32\msiexec.exe,,LOLBin Abuse,25,LOW,T1218,,,,Living-off-the-land binary: msiexec.exe
448,"Jun 1, 2026 @ 14:21:43.287",AH-0B554B65,TA0002,Execution,1,C:\Windows\System32\msiexec.exe,,LOLBin Abuse,25,LOW,T1218,,,,Living-off-the-land binary: msiexec.exe
449,"Jun 1, 2026 @ 14:21:43.290",AH-BC9834DC,TA0002,Execution,1,C:\Windows\System32\msiexec.exe,,LOLBin Abuse,25,LOW,T1218,,,,Living-off-the-land binary: msiexec.exe
450,"Jun 1, 2026 @ 14:21:43.322",AH-6ADD96FD,TA0002,Execution,1,C:\Windows\System32\msiexec.exe,,LOLBin Abuse,25,LOW,T1218,,,,Living-off-the-land binary: msiexec.exe
451,"Jun 1, 2026 @ 14:21:43.326",AH-6D4DDE0A,TA0002,Execution,1,C:\Windows\System32\msiexec.exe,,LOLBin Abuse,25,LOW,T1218,,,,Living-off-the-land binary: msiexec.exe
452,"Jun 1, 2026 @ 14:21:43.328",AH-CB5B4025,TA0002,Execution,1,C:\Windows\System32\msiexec.exe,,LOLBin Abuse,25,LOW,T1218,,,,Living-off-the-land binary: msiexec.exe
453,"Jun 1, 2026 @ 14:21:43.944",AH-51EC1479,TA0002,Execution,1,C:\Windows\System32\msiexec.exe,,LOLBin Abuse,25,LOW,T1218,,,,Living-off-the-land binary: msiexec.exe
454,"Jun 1, 2026 @ 14:21:43.947",AH-74A43D88,TA0002,Execution,1,C:\Windows\System32\msiexec.exe,,LOLBin Abuse,25,LOW,T1218,,,,Living-off-the-land binary: msiexec.exe
455,"Jun 1, 2026 @ 14:21:44.227",AH-A7FD5AB4,TA0002,Execution,1,C:\Windows\System32\msiexec.exe,,LOLBin Abuse,25,LOW,T1218,,,,Living-off-the-land binary: msiexec.exe
456,"Jun 1, 2026 @ 14:21:44.232",AH-53F8EA0C,TA0002,Execution,1,C:\Windows\System32\msiexec.exe,,LOLBin Abuse,50,MEDIUM,T1218,,,,Living-off-the-land binary: msiexec.exe
457,"Jun 1, 2026 @ 14:21:44.234",AH-34B4A761,TA0002,Execution,1,C:\Windows\System32\msiexec.exe,,LOLBin Abuse,25,LOW,T1218,,,,Living-off-the-land binary: msiexec.exe
458,"Jun 1, 2026 @ 14:21:44.241",AH-6CE0489F,TA0002,Execution,1,C:\Windows\System32\msiexec.exe,,LOLBin Abuse,50,MEDIUM,T1218,,,,Living-off-the-land binary: msiexec.exe
459,"Jun 1, 2026 @ 14:21:44.242",AH-709FBF50,TA0002,Execution,1,C:\Windows\System32\msiexec.exe,,LOLBin Abuse,25,LOW,T1218,,,,Living-off-the-land binary: msiexec.exe
460,"Jun 1, 2026 @ 14:21:44.249",AH-CEC5588F,TA0002,Execution,1,C:\Windows\System32\msiexec.exe,,LOLBin Abuse,100,CRITICAL,T1218,,,,Living-off-the-land binary: msiexec.exe
461,"Jun 1, 2026 @ 14:21:44.253",AH-9AE38043,TA0002,Execution,1,C:\Windows\System32\msiexec.exe,,LOLBin Abuse,100,CRITICAL,T1218,,,,Living-off-the-land binary: msiexec.exe
462,"Jun 1, 2026 @ 14:21:44.255",AH-5C099863,TA0002,Execution,1,C:\Windows\System32\msiexec.exe,,LOLBin Abuse,25,LOW,T1218,,,,Living-off-the-land binary: msiexec.exe
463,"Jun 1, 2026 @ 14:21:44.259",AH-FE4641AB,TA0002,Execution,1,C:\Windows\SysWOW64\msiexec.exe,C:\Windows\System32\msiexec.exe,LOLBin Abuse | PowerShell Payload,50,MEDIUM,T1218,PowerShell,,,Living-off-the-land binary: msiexec.exe ; Suspicious PowerShell keyword in command
464,"Jun 1, 2026 @ 14:21:44.260",AH-A973EF64,TA0002,Execution,1,C:\Windows\System32\msiexec.exe,C:\Windows\System32\msiexec.exe,LOLBin Abuse | PowerShell Payload,50,MEDIUM,T1218,PowerShell,,,Living-off-the-land binary: msiexec.exe ; Suspicious PowerShell keyword in command
465,"Jun 1, 2026 @ 14:21:44.385",AH-8761F950,TA0002,Execution,1,C:\Program Files\Microsoft Office\root\Integration\Addons\vc_redist.x64.exe,C:\Program Files\Common Files\microsoft shared\ClickToRun\OfficeClickToRun.exe,Rare Parent-Child,15,INFO,,,,,Rare process pair: officeclicktorun.exe->vc_redist.x64.exe
466,"Jun 1, 2026 @ 14:21:45.478",AH-72110BA7,TA0002,Execution,1,C:\Windows\System32\dllhost.exe,C:\Windows\System32\svchost.exe,Rare Parent-Child,15,INFO,,,,,Rare process pair: svchost.exe->dllhost.exe
467,"Jun 1, 2026 @ 14:21:45.566",AH-13E98A04,TA0002,Execution,1,C:\Windows\System32\dllhost.exe,,Rare Parent-Child,15,INFO,,,,,Rare process pair: -->dllhost.exe
468,"Jun 1, 2026 @ 14:21:45.577",AH-874B5103,TA0002,Execution,1,C:\Windows\System32\VSSVC.exe,C:\Windows\System32\services.exe,Rare Parent-Child | Rare Process,30,LOW,,,,,Process seen only 2 time(s): vssvc.exe ; Rare process pair: services.exe->vssvc.exe
469,"Jun 1, 2026 @ 14:21:45.864",AH-FE2929E7,TA0002,Execution,1,C:\Program Files\Microsoft Office\root\Integration\Addons\vc_redist.x64.exe,C:\Program Files\Common Files\microsoft shared\ClickToRun\OfficeClickToRun.exe,Rare Parent-Child,15,INFO,,,,,Rare process pair: officeclicktorun.exe->vc_redist.x64.exe
470,"Jun 1, 2026 @ 14:21:45.882",AH-B379404B,TA0002,Execution,1,C:\Program Files\Microsoft Office\root\Integration\Addons\vc_redist.x86.exe,C:\Program Files\Common Files\microsoft shared\ClickToRun\OfficeClickToRun.exe,Rare Parent-Child,15,INFO,,,,,Rare process pair: officeclicktorun.exe->vc_redist.x86.exe
471,"Jun 1, 2026 @ 14:21:46.196",AH-1054BA6F,TA0002,Execution,1,C:\Windows\System32\sppsvc.exe,C:\Windows\System32\services.exe,Rare Parent-Child,15,INFO,,,,,Rare process pair: services.exe->sppsvc.exe
472,"Jun 1, 2026 @ 14:21:47.420",AH-5BEA3CF0,TA0002,Execution,1,C:\Program Files\Microsoft Office\root\Integration\Addons\vc_redist.x86.exe,C:\Program Files\Common Files\microsoft shared\ClickToRun\OfficeClickToRun.exe,Rare Parent-Child,15,INFO,,,,,Rare process pair: officeclicktorun.exe->vc_redist.x86.exe
473,"Jun 1, 2026 @ 14:21:52.350",AH-D4D7472B,TA0002,Execution,1,C:\Windows\System32\dllhost.exe,C:\Windows\System32\svchost.exe,Rare Parent-Child,15,INFO,,,,,Rare process pair: svchost.exe->dllhost.exe
474,"Jun 1, 2026 @ 14:21:56.516",AH-FF1EC4D1,TA0002,Execution,1,C:\Windows\System32\schtasks.exe,C:\Program Files\Common Files\microsoft shared\ClickToRun\OfficeClickToRun.exe,LOLBin Abuse,25,LOW,T1053.005,Scheduled Task,,,Living-off-the-land binary: schtasks.exe
475,"Jun 1, 2026 @ 14:21:56.712",AH-B72A7184,TA0002,Execution,1,C:\Windows\System32\schtasks.exe,,LOLBin Abuse,25,LOW,T1053.005,Scheduled Task,,,Living-off-the-land binary: schtasks.exe
476,"Jun 1, 2026 @ 14:21:56.769",AH-D0090E88,TA0002,Execution,1,C:\Windows\System32\schtasks.exe,C:\Program Files\Common Files\microsoft shared\ClickToRun\OfficeClickToRun.exe,LOLBin Abuse,25,LOW,T1053.005,Scheduled Task,,,Living-off-the-land binary: schtasks.exe
477,"Jun 1, 2026 @ 14:21:56.804",AH-E87DA1FF,TA0002,Execution,1,C:\Windows\System32\schtasks.exe,C:\Program Files\Common Files\microsoft shared\ClickToRun\OfficeClickToRun.exe,LOLBin Abuse,25,LOW,T1053.005,Scheduled Task,,,Living-off-the-land binary: schtasks.exe
478,"Jun 1, 2026 @ 14:21:56.915",AH-9C6E836F,TA0002,Execution,1,C:\Windows\System32\schtasks.exe,,LOLBin Abuse,25,LOW,T1053.005,Scheduled Task,,,Living-off-the-land binary: schtasks.exe
479,"Jun 1, 2026 @ 14:21:56.928",AH-B2C9C155,TA0002,Execution,1,C:\Windows\System32\schtasks.exe,C:\Program Files\Common Files\microsoft shared\ClickToRun\OfficeClickToRun.exe,LOLBin Abuse,25,LOW,T1053.005,Scheduled Task,,,Living-off-the-land binary: schtasks.exe
480,"Jun 1, 2026 @ 14:21:56.938",AH-F94E6838,TA0002,Execution,1,C:\Windows\System32\schtasks.exe,C:\Program Files\Common Files\microsoft shared\ClickToRun\OfficeClickToRun.exe,LOLBin Abuse,25,LOW,T1053.005,Scheduled Task,,,Living-off-the-land binary: schtasks.exe
481,"Jun 1, 2026 @ 14:21:57.030",AH-2B35266E,TA0002,Execution,1,C:\Windows\System32\schtasks.exe,,LOLBin Abuse,25,LOW,T1053.005,Scheduled Task,,,Living-off-the-land binary: schtasks.exe
482,"Jun 1, 2026 @ 14:21:57.035",AH-CB04FA41,TA0002,Execution,1,C:\Windows\System32\schtasks.exe,C:\Program Files\Common Files\microsoft shared\ClickToRun\OfficeClickToRun.exe,LOLBin Abuse,25,LOW,T1053.005,Scheduled Task,,,Living-off-the-land binary: schtasks.exe
483,"Jun 1, 2026 @ 14:21:57.046",AH-D56A2A89,TA0002,Execution,1,C:\Windows\System32\schtasks.exe,C:\Program Files\Common Files\microsoft shared\ClickToRun\OfficeClickToRun.exe,LOLBin Abuse | Sigma Match,60,HIGH,T1053.005,Scheduled Task,,,Living-off-the-land binary: schtasks.exe ; schtasks creating a task
484,"Jun 1, 2026 @ 14:21:57.122",AH-695A992B,TA0002,Execution,1,C:\Windows\System32\schtasks.exe,,LOLBin Abuse,25,LOW,T1053.005,Scheduled Task,,,Living-off-the-land binary: schtasks.exe
485,"Jun 1, 2026 @ 14:21:57.140",AH-632DDB4C,TA0002,Execution,1,C:\Windows\System32\schtasks.exe,C:\Program Files\Common Files\microsoft shared\ClickToRun\OfficeClickToRun.exe,LOLBin Abuse | Sigma Match,60,HIGH,T1053.005,Scheduled Task,,,Living-off-the-land binary: schtasks.exe ; schtasks creating a task
486,"Jun 1, 2026 @ 14:21:57.145",AH-02802B50,TA0002,Execution,1,C:\Windows\System32\schtasks.exe,C:\Program Files\Common Files\microsoft shared\ClickToRun\OfficeClickToRun.exe,LOLBin Abuse,25,LOW,T1053.005,Scheduled Task,,,Living-off-the-land binary: schtasks.exe
487,"Jun 1, 2026 @ 14:21:57.223",AH-B50B3B6E,TA0002,Execution,1,C:\Windows\System32\schtasks.exe,,LOLBin Abuse,25,LOW,T1053.005,Scheduled Task,,,Living-off-the-land binary: schtasks.exe
488,"Jun 1, 2026 @ 14:21:57.229",AH-EF1D4F7C,TA0002,Execution,1,C:\Windows\System32\schtasks.exe,C:\Program Files\Common Files\microsoft shared\ClickToRun\OfficeClickToRun.exe,LOLBin Abuse,25,LOW,T1053.005,Scheduled Task,,,Living-off-the-land binary: schtasks.exe
489,"Jun 1, 2026 @ 14:21:57.237",AH-3E4F3EC4,TA0002,Execution,1,C:\Program Files\Microsoft Office\root\vfs\ProgramFilesCommonX64\Microsoft Shared\Office16\OLicenseHeartbeat.exe,C:\Program Files\Common Files\microsoft shared\ClickToRun\OfficeClickToRun.exe,Rare Parent-Child,15,INFO,,,,,Rare process pair: officeclicktorun.exe->olicenseheartbeat.exe
490,"Jun 1, 2026 @ 14:22:00.125",AH-75657E38,TA0002,Execution,1,C:\Program Files\Microsoft Office\root\vfs\ProgramFilesCommonX64\Microsoft Shared\Office16\OLicenseHeartbeat.exe,C:\Program Files\Common Files\microsoft shared\ClickToRun\OfficeClickToRun.exe,Rare Parent-Child,15,INFO,,,,,Rare process pair: officeclicktorun.exe->olicenseheartbeat.exe
491,"Jun 1, 2026 @ 14:22:54.643",AH-085857AB,TA0002,Execution,1,C:\Windows\System32\WindowsPowerShell\v1.0\powershell.exe,,LOLBin Abuse,25,LOW,T1059.001,PowerShell,,,Living-off-the-land binary: powershell.exe
492,"Jun 1, 2026 @ 14:22:54.686",AH-03D43BB3,TA0002,Execution,1,C:\Windows\System32\WindowsPowerShell\v1.0\powershell.exe,,LOLBin Abuse,25,LOW,T1059.001,PowerShell,,,Living-off-the-land binary: powershell.exe
493,"Jun 1, 2026 @ 14:22:55.182",AH-628DE54F,TA0002,Execution,1,C:\Windows\System32\WindowsPowerShell\v1.0\powershell.exe,,LOLBin Abuse,25,LOW,T1059.001,PowerShell,,,Living-off-the-land binary: powershell.exe
494,"Jun 1, 2026 @ 14:22:55.195",AH-B1423A66,TA0002,Execution,1,C:\Windows\System32\WindowsPowerShell\v1.0\powershell.exe,,LOLBin Abuse,25,LOW,T1059.001,PowerShell,,,Living-off-the-land binary: powershell.exe
495,"Jun 1, 2026 @ 14:22:55.201",AH-DA9BFF63,TA0002,Execution,1,C:\Windows\System32\WindowsPowerShell\v1.0\powershell.exe,,LOLBin Abuse,25,LOW,T1059.001,PowerShell,,,Living-off-the-land binary: powershell.exe
496,"Jun 1, 2026 @ 14:22:55.208",AH-F9D12F82,TA0002,Execution,1,C:\Windows\System32\WindowsPowerShell\v1.0\powershell.exe,,LOLBin Abuse,25,LOW,T1059.001,PowerShell,,,Living-off-the-land binary: powershell.exe
497,"Jun 1, 2026 @ 14:22:55.212",AH-0CCC5785,TA0002,Execution,1,C:\Windows\System32\WindowsPowerShell\v1.0\powershell.exe,,LOLBin Abuse,25,LOW,T1059.001,PowerShell,,,Living-off-the-land binary: powershell.exe
498,"Jun 1, 2026 @ 14:22:55.234",AH-ED8948A6,TA0002,Execution,1,C:\Windows\System32\WindowsPowerShell\v1.0\powershell.exe,,LOLBin Abuse,25,LOW,T1059.001,PowerShell,,HKEY_USERS\S-1-5-21-3330616437-3750286687-2521933251-1001\Software\Microsoft\Windows\CurrentVersion\Internet Settings\ZoneMap\ProxyBypass,Living-off-the-land binary: powershell.exe
499,"Jun 1, 2026 @ 14:22:55.239",AH-F83FA1A8,TA0002,Execution,1,C:\Windows\System32\WindowsPowerShell\v1.0\powershell.exe,,LOLBin Abuse,25,LOW,T1059.001,PowerShell,,HKEY_USERS\S-1-5-21-3330616437-3750286687-2521933251-1001\Software\Microsoft\Windows\CurrentVersion\Internet Settings\ZoneMap\IntranetName,Living-off-the-land binary: powershell.exe
500,"Jun 1, 2026 @ 14:22:55.242",AH-DC91E538,TA0002,Execution,1,C:\Windows\System32\WindowsPowerShell\v1.0\powershell.exe,,LOLBin Abuse,25,LOW,T1059.001,PowerShell,,HKEY_USERS\S-1-5-21-3330616437-3750286687-2521933251-1001\Software\Microsoft\Windows\CurrentVersion\Internet Settings\ZoneMap\UNCAsIntranet,Living-off-the-land binary: powershell.exe
501,"Jun 1, 2026 @ 14:22:55.246",AH-89BA8DB7,TA0002,Execution,1,C:\Windows\System32\WindowsPowerShell\v1.0\powershell.exe,,LOLBin Abuse,25,LOW,T1059.001,PowerShell,,HKEY_USERS\S-1-5-21-3330616437-3750286687-2521933251-1001\Software\Microsoft\Windows\CurrentVersion\Internet Settings\ZoneMap\AutoDetect,Living-off-the-land binary: powershell.exe
502,"Jun 1, 2026 @ 14:22:55.868",AH-64E13B31,TA0002,Execution,1,C:\Windows\System32\WindowsPowerShell\v1.0\powershell.exe,,LOLBin Abuse,25,LOW,T1059.001,PowerShell,,,Living-off-the-land binary: powershell.exe
503,"Jun 1, 2026 @ 14:22:56.022",AH-98206B71,TA0002,Execution,1,C:\Windows\System32\WindowsPowerShell\v1.0\powershell.exe,,LOLBin Abuse,25,LOW,T1059.001,PowerShell,,,Living-off-the-land binary: powershell.exe
504,"Jun 1, 2026 @ 14:22:56.643",AH-FC1B2B89,TA0002,Execution,1,C:\Windows\System32\WindowsPowerShell\v1.0\powershell.exe,,LOLBin Abuse,25,LOW,T1059.001,PowerShell,,,Living-off-the-land binary: powershell.exe
505,"Jun 1, 2026 @ 14:22:58.472",AH-ABDFF352,TA0002,Execution,1,C:\Windows\System32\WindowsPowerShell\v1.0\powershell.exe,,LOLBin Abuse,25,LOW,T1059.001,PowerShell,,,Living-off-the-land binary: powershell.exe
506,"Jun 1, 2026 @ 14:22:58.483",AH-6040AB77,TA0002,Execution,1,C:\Windows\System32\WindowsPowerShell\v1.0\powershell.exe,C:\Windows\System32\WindowsPowerShell\v1.0\powershell.exe,Download Execute | LOLBin Abuse | PowerShell Payload | Rare Parent-Child | Sigma Match | Suspicious User-Agent / Tool,100,CRITICAL,T1059.001,PowerShell,,,Rare process pair: powershell.exe->powershell.exe ; Living-off-the-land binary: powershell.exe ; Suspicious PowerShell keyword in command ; Download-then-execute pattern detected
507,"Jun 1, 2026 @ 14:22:59.709",AH-2C6E772F,TA0002,Execution,1,C:\Windows\System32\SearchProtocolHost.exe,C:\Windows\System32\SearchIndexer.exe,Rare Parent-Child | Rare Process,30,LOW,,,,,Process seen only 2 time(s): searchprotocolhost.exe ; Rare process pair: searchindexer.exe->searchprotocolhost.exe
508,"Jun 1, 2026 @ 14:23:01.316",AH-A3361E8B,TA0002,Execution,1,C:\Windows\System32\consent.exe,C:\Windows\System32\svchost.exe,Rare Parent-Child,15,INFO,,,,,Rare process pair: svchost.exe->consent.exe
509,"Jun 1, 2026 @ 14:23:04.442",AH-D9259F73,TA0002,Execution,1,C:\Windows\System32\consent.exe,C:\Windows\System32\svchost.exe,Rare Parent-Child,15,INFO,,,,,Rare process pair: svchost.exe->consent.exe
510,"Jun 1, 2026 @ 14:23:04.480",AH-001E4171,TA0002,Execution,1,C:\Windows\System32\cmd.exe,C:\Users\DELL\office_portable_x3.exe,LOLBin Abuse,25,LOW,T1059.003,Windows Command Shell,,,Living-off-the-land binary: cmd.exe
511,"Jun 1, 2026 @ 14:23:10.706",AH-99A17D98,TA0002,Execution,1,C:\Windows\System32\WindowsPowerShell\v1.0\powershell.exe,,LOLBin Abuse,25,LOW,T1059.001,PowerShell,,,Living-off-the-land binary: powershell.exe
512,"Jun 1, 2026 @ 14:23:10.729",AH-93EB7405,TA0002,Execution,1,C:\Windows\System32\WindowsPowerShell\v1.0\powershell.exe,,LOLBin Abuse,25,LOW,T1059.001,PowerShell,,,Living-off-the-land binary: powershell.exe
513,"Jun 1, 2026 @ 14:23:10.735",AH-58419245,TA0002,Execution,1,C:\Windows\System32\WindowsPowerShell\v1.0\powershell.exe,,LOLBin Abuse,25,LOW,T1059.001,PowerShell,,,Living-off-the-land binary: powershell.exe
514,"Jun 1, 2026 @ 14:23:10.737",AH-9E801E2B,TA0002,Execution,1,C:\Windows\System32\WindowsPowerShell\v1.0\powershell.exe,,LOLBin Abuse,25,LOW,T1059.001,PowerShell,,,Living-off-the-land binary: powershell.exe
515,"Jun 1, 2026 @ 14:23:10.754",AH-DAF79D67,TA0002,Execution,1,C:\Windows\System32\WindowsPowerShell\v1.0\powershell.exe,,LOLBin Abuse,25,LOW,T1059.001,PowerShell,,,Living-off-the-land binary: powershell.exe
516,"Jun 1, 2026 @ 14:23:10.791",AH-B649CECC,TA0002,Execution,1,C:\Windows\System32\WindowsPowerShell\v1.0\powershell.exe,,LOLBin Abuse,25,LOW,T1059.001,PowerShell,,,Living-off-the-land binary: powershell.exe
517,"Jun 1, 2026 @ 14:23:10.801",AH-E942346A,TA0002,Execution,1,C:\Windows\System32\WindowsPowerShell\v1.0\powershell.exe,,LOLBin Abuse,25,LOW,T1059.001,PowerShell,,,Living-off-the-land binary: powershell.exe
518,"Jun 1, 2026 @ 14:23:10.805",AH-E4A31BCF,TA0002,Execution,1,C:\Windows\System32\WindowsPowerShell\v1.0\powershell.exe,,LOLBin Abuse,25,LOW,T1059.001,PowerShell,,,Living-off-the-land binary: powershell.exe
519,"Jun 1, 2026 @ 14:23:10.808",AH-289A648C,TA0002,Execution,1,C:\Windows\System32\WindowsPowerShell\v1.0\powershell.exe,,LOLBin Abuse,25,LOW,T1059.001,PowerShell,,,Living-off-the-land binary: powershell.exe
520,"Jun 1, 2026 @ 14:23:10.831",AH-C6C9308A,TA0002,Execution,1,C:\Windows\System32\WindowsPowerShell\v1.0\powershell.exe,,LOLBin Abuse,25,LOW,T1059.001,PowerShell,,,Living-off-the-land binary: powershell.exe
521,"Jun 1, 2026 @ 14:23:10.834",AH-FB5C24DF,TA0002,Execution,1,C:\Windows\System32\WindowsPowerShell\v1.0\powershell.exe,,LOLBin Abuse,50,MEDIUM,T1059.001,PowerShell,,,Living-off-the-land binary: powershell.exe
522,"Jun 1, 2026 @ 14:23:10.859",AH-2B25B609,TA0002,Execution,1,C:\Windows\System32\WindowsPowerShell\v1.0\powershell.exe,,LOLBin Abuse,25,LOW,T1059.001,PowerShell,,,Living-off-the-land binary: powershell.exe
523,"Jun 1, 2026 @ 14:23:10.862",AH-DB137CCC,TA0002,Execution,1,C:\Windows\System32\WindowsPowerShell\v1.0\powershell.exe,,LOLBin Abuse,25,LOW,T1059.001,PowerShell,,,Living-off-the-land binary: powershell.exe
524,"Jun 1, 2026 @ 14:23:10.877",AH-C19D85FB,TA0002,Execution,1,C:\Windows\System32\WindowsPowerShell\v1.0\powershell.exe,,LOLBin Abuse,25,LOW,T1059.001,PowerShell,,,Living-off-the-land binary: powershell.exe
525,"Jun 1, 2026 @ 14:23:10.935",AH-E904AA96,TA0002,Execution,1,C:\Windows\System32\WindowsPowerShell\v1.0\powershell.exe,,LOLBin Abuse,25,LOW,T1059.001,PowerShell,,,Living-off-the-land binary: powershell.exe
526,"Jun 1, 2026 @ 14:23:10.940",AH-AA3416E0,TA0002,Execution,1,C:\Windows\System32\WindowsPowerShell\v1.0\powershell.exe,,LOLBin Abuse,25,LOW,T1059.001,PowerShell,,,Living-off-the-land binary: powershell.exe
527,"Jun 1, 2026 @ 14:23:11.067",AH-2665007F,TA0002,Execution,1,C:\Windows\System32\WindowsPowerShell\v1.0\powershell.exe,,LOLBin Abuse,25,LOW,T1059.001,PowerShell,,,Living-off-the-land binary: powershell.exe
528,"Jun 1, 2026 @ 14:23:11.774",AH-313B3349,TA0002,Execution,1,C:\Windows\System32\WindowsPowerShell\v1.0\powershell.exe,,LOLBin Abuse,25,LOW,T1059.001,PowerShell,,,Living-off-the-land binary: powershell.exe
529,"Jun 1, 2026 @ 14:23:11.847",AH-469341AA,TA0002,Execution,1,C:\Windows\System32\WindowsPowerShell\v1.0\powershell.exe,,LOLBin Abuse,50,MEDIUM,T1059.001,PowerShell,,,Living-off-the-land binary: powershell.exe
530,"Jun 1, 2026 @ 14:23:11.851",AH-F734FE45,TA0002,Execution,1,C:\Windows\System32\WindowsPowerShell\v1.0\powershell.exe,,LOLBin Abuse,25,LOW,T1059.001,PowerShell,,,Living-off-the-land binary: powershell.exe
531,"Jun 1, 2026 @ 14:23:11.860",AH-90E1A8AC,TA0002,Execution,1,C:\Windows\System32\WindowsPowerShell\v1.0\powershell.exe,,LOLBin Abuse,25,LOW,T1059.001,PowerShell,,,Living-off-the-land binary: powershell.exe
532,"Jun 1, 2026 @ 14:23:12.140",AH-F6AE60ED,TA0002,Execution,1,C:\Windows\System32\WindowsPowerShell\v1.0\powershell.exe,,LOLBin Abuse,25,LOW,T1059.001,PowerShell,,,Living-off-the-land binary: powershell.exe
533,"Jun 1, 2026 @ 14:23:12.256",AH-D6352A91,TA0002,Execution,1,C:\Windows\System32\WindowsPowerShell\v1.0\powershell.exe,,LOLBin Abuse,25,LOW,T1059.001,PowerShell,,,Living-off-the-land binary: powershell.exe
534,"Jun 1, 2026 @ 14:23:12.276",AH-BEAB64E1,TA0002,Execution,1,C:\Windows\System32\WindowsPowerShell\v1.0\powershell.exe,,LOLBin Abuse,25,LOW,T1059.001,PowerShell,,,Living-off-the-land binary: powershell.exe
535,"Jun 1, 2026 @ 14:23:12.279",AH-A35C9BCE,TA0002,Execution,1,C:\Windows\System32\WindowsPowerShell\v1.0\powershell.exe,,LOLBin Abuse,25,LOW,T1059.001,PowerShell,,,Living-off-the-land binary: powershell.exe
536,"Jun 1, 2026 @ 14:23:12.281",AH-1990FDCB,TA0002,Execution,1,C:\Windows\System32\WindowsPowerShell\v1.0\powershell.exe,,LOLBin Abuse,25,LOW,T1059.001,PowerShell,,,Living-off-the-land binary: powershell.exe
537,"Jun 1, 2026 @ 14:23:12.293",AH-D7E6C848,TA0002,Execution,1,C:\Windows\System32\WindowsPowerShell\v1.0\powershell.exe,,LOLBin Abuse,25,LOW,T1059.001,PowerShell,,,Living-off-the-land binary: powershell.exe
538,"Jun 1, 2026 @ 14:23:12.331",AH-5D759A95,TA0002,Execution,1,C:\Windows\System32\WindowsPowerShell\v1.0\powershell.exe,,LOLBin Abuse,25,LOW,T1059.001,PowerShell,,,Living-off-the-land binary: powershell.exe
539,"Jun 1, 2026 @ 14:23:12.336",AH-6C823A1F,TA0002,Execution,1,C:\Windows\System32\WindowsPowerShell\v1.0\powershell.exe,,LOLBin Abuse,25,LOW,T1059.001,PowerShell,,,Living-off-the-land binary: powershell.exe
540,"Jun 1, 2026 @ 14:23:12.339",AH-65881A73,TA0002,Execution,1,C:\Windows\System32\WindowsPowerShell\v1.0\powershell.exe,,LOLBin Abuse,50,MEDIUM,T1059.001,PowerShell,,,Living-off-the-land binary: powershell.exe
541,"Jun 1, 2026 @ 14:23:12.342",AH-007F7F6D,TA0002,Execution,1,C:\Windows\System32\WindowsPowerShell\v1.0\powershell.exe,,LOLBin Abuse,50,MEDIUM,T1059.001,PowerShell,,,Living-off-the-land binary: powershell.exe
542,"Jun 1, 2026 @ 14:23:12.361",AH-745B4BFE,TA0002,Execution,1,C:\Windows\System32\WindowsPowerShell\v1.0\powershell.exe,,LOLBin Abuse,25,LOW,T1059.001,PowerShell,,,Living-off-the-land binary: powershell.exe
543,"Jun 1, 2026 @ 14:23:12.366",AH-FF4ACC35,TA0002,Execution,1,C:\Windows\System32\WindowsPowerShell\v1.0\powershell.exe,,LOLBin Abuse,25,LOW,T1059.001,PowerShell,,,Living-off-the-land binary: powershell.exe
544,"Jun 1, 2026 @ 14:23:12.368",AH-8C4298AD,TA0002,Execution,1,C:\Windows\System32\WindowsPowerShell\v1.0\powershell.exe,,LOLBin Abuse,25,LOW,T1059.001,PowerShell,,,Living-off-the-land binary: powershell.exe
545,"Jun 1, 2026 @ 14:23:12.379",AH-668B8B99,TA0002,Execution,1,C:\Windows\System32\WindowsPowerShell\v1.0\powershell.exe,,LOLBin Abuse,25,LOW,T1059.001,PowerShell,,,Living-off-the-land binary: powershell.exe
546,"Jun 1, 2026 @ 14:23:12.427",AH-F41DECBD,TA0002,Execution,1,C:\Windows\System32\WindowsPowerShell\v1.0\powershell.exe,,LOLBin Abuse,25,LOW,T1059.001,PowerShell,,,Living-off-the-land binary: powershell.exe
547,"Jun 1, 2026 @ 14:23:12.431",AH-C5E41817,TA0002,Execution,1,C:\Windows\System32\WindowsPowerShell\v1.0\powershell.exe,,LOLBin Abuse,25,LOW,T1059.001,PowerShell,,,Living-off-the-land binary: powershell.exe
548,"Jun 1, 2026 @ 14:23:12.552",AH-715C73BF,TA0002,Execution,1,C:\Windows\System32\WindowsPowerShell\v1.0\powershell.exe,,LOLBin Abuse,25,LOW,T1059.001,PowerShell,,,Living-off-the-land binary: powershell.exe
549,"Jun 1, 2026 @ 14:23:13.157",AH-B0FFFDF6,TA0002,Execution,1,C:\Windows\System32\WindowsPowerShell\v1.0\powershell.exe,,LOLBin Abuse,25,LOW,T1059.001,PowerShell,,,Living-off-the-land binary: powershell.exe
550,"Jun 1, 2026 @ 14:23:13.169",AH-5BAB9DCF,TA0002,Execution,1,C:\Windows\System32\WindowsPowerShell\v1.0\powershell.exe,,LOLBin Abuse,50,MEDIUM,T1059.001,PowerShell,,,Living-off-the-land binary: powershell.exe
551,"Jun 1, 2026 @ 14:23:13.172",AH-C9A3F4AC,TA0002,Execution,1,C:\Windows\System32\WindowsPowerShell\v1.0\powershell.exe,,LOLBin Abuse,25,LOW,T1059.001,PowerShell,,,Living-off-the-land binary: powershell.exe
552,"Jun 1, 2026 @ 14:23:13.178",AH-41DAAF76,TA0002,Execution,1,C:\Windows\System32\WindowsPowerShell\v1.0\powershell.exe,,LOLBin Abuse,25,LOW,T1059.001,PowerShell,,,Living-off-the-land binary: powershell.exe
553,"Jun 1, 2026 @ 14:23:13.314",AH-65F33CA8,TA0002,Execution,1,C:\Windows\System32\WindowsPowerShell\v1.0\powershell.exe,,LOLBin Abuse,25,LOW,T1059.001,PowerShell,,,Living-off-the-land binary: powershell.exe
554,"Jun 1, 2026 @ 14:23:13.426",AH-7951E899,TA0002,Execution,1,C:\Windows\System32\WindowsPowerShell\v1.0\powershell.exe,,LOLBin Abuse,25,LOW,T1059.001,PowerShell,,,Living-off-the-land binary: powershell.exe
555,"Jun 1, 2026 @ 14:23:13.444",AH-51D2BC2D,TA0002,Execution,1,C:\Windows\System32\WindowsPowerShell\v1.0\powershell.exe,,LOLBin Abuse,25,LOW,T1059.001,PowerShell,,,Living-off-the-land binary: powershell.exe
556,"Jun 1, 2026 @ 14:23:13.448",AH-9B62392D,TA0002,Execution,1,C:\Windows\System32\WindowsPowerShell\v1.0\powershell.exe,,LOLBin Abuse,25,LOW,T1059.001,PowerShell,,,Living-off-the-land binary: powershell.exe
557,"Jun 1, 2026 @ 14:23:13.450",AH-87EFB1CB,TA0002,Execution,1,C:\Windows\System32\WindowsPowerShell\v1.0\powershell.exe,,LOLBin Abuse,25,LOW,T1059.001,PowerShell,,,Living-off-the-land binary: powershell.exe
558,"Jun 1, 2026 @ 14:23:13.464",AH-75BE1E3D,TA0002,Execution,1,C:\Windows\System32\WindowsPowerShell\v1.0\powershell.exe,,LOLBin Abuse,25,LOW,T1059.001,PowerShell,,,Living-off-the-land binary: powershell.exe
559,"Jun 1, 2026 @ 14:23:13.491",AH-EA1D79AD,TA0002,Execution,1,C:\Windows\System32\WindowsPowerShell\v1.0\powershell.exe,,LOLBin Abuse,25,LOW,T1059.001,PowerShell,,,Living-off-the-land binary: powershell.exe
560,"Jun 1, 2026 @ 14:23:13.499",AH-F9A19FDB,TA0002,Execution,1,C:\Windows\System32\WindowsPowerShell\v1.0\powershell.exe,,LOLBin Abuse,25,LOW,T1059.001,PowerShell,,,Living-off-the-land binary: powershell.exe
561,"Jun 1, 2026 @ 14:23:13.506",AH-64FD4449,TA0002,Execution,1,C:\Windows\System32\WindowsPowerShell\v1.0\powershell.exe,,LOLBin Abuse,25,LOW,T1059.001,PowerShell,,,Living-off-the-land binary: powershell.exe
562,"Jun 1, 2026 @ 14:23:13.508",AH-7EE42FA5,TA0002,Execution,1,C:\Windows\System32\WindowsPowerShell\v1.0\powershell.exe,,LOLBin Abuse,25,LOW,T1059.001,PowerShell,,,Living-off-the-land binary: powershell.exe
563,"Jun 1, 2026 @ 14:23:13.509",AH-CBAE6587,TA0002,Execution,1,C:\Windows\System32\WindowsPowerShell\v1.0\powershell.exe,,LOLBin Abuse,25,LOW,T1059.001,PowerShell,,,Living-off-the-land binary: powershell.exe
564,"Jun 1, 2026 @ 14:23:13.512",AH-A7058274,TA0002,Execution,1,C:\Windows\System32\WindowsPowerShell\v1.0\powershell.exe,,LOLBin Abuse,25,LOW,T1059.001,PowerShell,,,Living-off-the-land binary: powershell.exe
565,"Jun 1, 2026 @ 14:23:13.529",AH-9E2FD0F7,TA0002,Execution,1,C:\Windows\System32\WindowsPowerShell\v1.0\powershell.exe,,LOLBin Abuse,25,LOW,T1059.001,PowerShell,,,Living-off-the-land binary: powershell.exe
566,"Jun 1, 2026 @ 14:23:13.542",AH-7C6B33FF,TA0002,Execution,1,C:\Windows\System32\WindowsPowerShell\v1.0\powershell.exe,,LOLBin Abuse,25,LOW,T1059.001,PowerShell,,,Living-off-the-land binary: powershell.exe
567,"Jun 1, 2026 @ 14:23:13.545",AH-816B1BA8,TA0002,Execution,1,C:\Windows\System32\WindowsPowerShell\v1.0\powershell.exe,,LOLBin Abuse,25,LOW,T1059.001,PowerShell,,,Living-off-the-land binary: powershell.exe
568,"Jun 1, 2026 @ 14:23:13.554",AH-CF20BB6C,TA0002,Execution,1,C:\Windows\System32\WindowsPowerShell\v1.0\powershell.exe,,LOLBin Abuse,25,LOW,T1059.001,PowerShell,,,Living-off-the-land binary: powershell.exe
569,"Jun 1, 2026 @ 14:23:13.591",AH-F338A860,TA0002,Execution,1,C:\Windows\System32\WindowsPowerShell\v1.0\powershell.exe,,LOLBin Abuse,25,LOW,T1059.001,PowerShell,,,Living-off-the-land binary: powershell.exe
570,"Jun 1, 2026 @ 14:23:13.594",AH-0DD40C87,TA0002,Execution,1,C:\Windows\System32\WindowsPowerShell\v1.0\powershell.exe,,LOLBin Abuse,25,LOW,T1059.001,PowerShell,,,Living-off-the-land binary: powershell.exe
571,"Jun 1, 2026 @ 14:23:13.705",AH-E0602B4B,TA0002,Execution,1,C:\Windows\System32\WindowsPowerShell\v1.0\powershell.exe,,LOLBin Abuse,25,LOW,T1059.001,PowerShell,,,Living-off-the-land binary: powershell.exe
572,"Jun 1, 2026 @ 14:23:14.234",AH-116A2032,TA0002,Execution,1,C:\Windows\System32\WindowsPowerShell\v1.0\powershell.exe,,LOLBin Abuse,25,LOW,T1059.001,PowerShell,,,Living-off-the-land binary: powershell.exe
573,"Jun 1, 2026 @ 14:23:14.247",AH-5ED0B297,TA0002,Execution,1,C:\Windows\System32\WindowsPowerShell\v1.0\powershell.exe,,LOLBin Abuse,50,MEDIUM,T1059.001,PowerShell,,,Living-off-the-land binary: powershell.exe
574,"Jun 1, 2026 @ 14:23:14.250",AH-0510F35D,TA0002,Execution,1,C:\Windows\System32\WindowsPowerShell\v1.0\powershell.exe,,LOLBin Abuse,25,LOW,T1059.001,PowerShell,,,Living-off-the-land binary: powershell.exe
575,"Jun 1, 2026 @ 14:23:14.253",AH-04125BF5,TA0002,Execution,1,C:\Windows\System32\WindowsPowerShell\v1.0\powershell.exe,,LOLBin Abuse,25,LOW,T1059.001,PowerShell,,,Living-off-the-land binary: powershell.exe
576,"Jun 1, 2026 @ 14:23:14.380",AH-D7B45350,TA0002,Execution,1,C:\Windows\System32\WindowsPowerShell\v1.0\powershell.exe,,LOLBin Abuse,25,LOW,T1059.001,PowerShell,,,Living-off-the-land binary: powershell.exe
577,"Jun 1, 2026 @ 14:23:14.484",AH-01A159FE,TA0002,Execution,1,C:\Windows\System32\WindowsPowerShell\v1.0\powershell.exe,,LOLBin Abuse,25,LOW,T1059.001,PowerShell,,,Living-off-the-land binary: powershell.exe
578,"Jun 1, 2026 @ 14:23:14.501",AH-BE87E188,TA0002,Execution,1,C:\Windows\System32\WindowsPowerShell\v1.0\powershell.exe,,LOLBin Abuse,25,LOW,T1059.001,PowerShell,,,Living-off-the-land binary: powershell.exe
579,"Jun 1, 2026 @ 14:23:14.505",AH-88FE9375,TA0002,Execution,1,C:\Windows\System32\WindowsPowerShell\v1.0\powershell.exe,,LOLBin Abuse,25,LOW,T1059.001,PowerShell,,,Living-off-the-land binary: powershell.exe
580,"Jun 1, 2026 @ 14:23:14.507",AH-DAA653BF,TA0002,Execution,1,C:\Windows\System32\WindowsPowerShell\v1.0\powershell.exe,,LOLBin Abuse,25,LOW,T1059.001,PowerShell,,,Living-off-the-land binary: powershell.exe
581,"Jun 1, 2026 @ 14:23:14.519",AH-143BB598,TA0002,Execution,1,C:\Windows\System32\WindowsPowerShell\v1.0\powershell.exe,,LOLBin Abuse,25,LOW,T1059.001,PowerShell,,,Living-off-the-land binary: powershell.exe
582,"Jun 1, 2026 @ 14:23:14.559",AH-2ACD26AB,TA0002,Execution,1,C:\Windows\System32\WindowsPowerShell\v1.0\powershell.exe,,LOLBin Abuse,25,LOW,T1059.001,PowerShell,,,Living-off-the-land binary: powershell.exe
583,"Jun 1, 2026 @ 14:23:14.563",AH-207C6C84,TA0002,Execution,1,C:\Windows\System32\WindowsPowerShell\v1.0\powershell.exe,,LOLBin Abuse,25,LOW,T1059.001,PowerShell,,,Living-off-the-land binary: powershell.exe
584,"Jun 1, 2026 @ 14:23:14.568",AH-72CA4EEC,TA0002,Execution,1,C:\Windows\System32\WindowsPowerShell\v1.0\powershell.exe,,LOLBin Abuse,25,LOW,T1059.001,PowerShell,,,Living-off-the-land binary: powershell.exe
585,"Jun 1, 2026 @ 14:23:14.570",AH-40AF39DD,TA0002,Execution,1,C:\Windows\System32\WindowsPowerShell\v1.0\powershell.exe,,LOLBin Abuse,25,LOW,T1059.001,PowerShell,,,Living-off-the-land binary: powershell.exe
586,"Jun 1, 2026 @ 14:23:14.571",AH-DBD45088,TA0002,Execution,1,C:\Windows\System32\WindowsPowerShell\v1.0\powershell.exe,,LOLBin Abuse,25,LOW,T1059.001,PowerShell,,,Living-off-the-land binary: powershell.exe
587,"Jun 1, 2026 @ 14:23:14.576",AH-E76E3BA9,TA0002,Execution,1,C:\Windows\System32\WindowsPowerShell\v1.0\powershell.exe,,LOLBin Abuse,25,LOW,T1059.001,PowerShell,,,Living-off-the-land binary: powershell.exe
588,"Jun 1, 2026 @ 14:23:14.583",AH-4BD0BD93,TA0002,Execution,1,C:\Windows\System32\WindowsPowerShell\v1.0\powershell.exe,,LOLBin Abuse,25,LOW,T1059.001,PowerShell,,,Living-off-the-land binary: powershell.exe
589,"Jun 1, 2026 @ 14:23:14.602",AH-CFBE7B11,TA0002,Execution,1,C:\Windows\System32\WindowsPowerShell\v1.0\powershell.exe,,LOLBin Abuse,25,LOW,T1059.001,PowerShell,,,Living-off-the-land binary: powershell.exe
590,"Jun 1, 2026 @ 14:23:14.604",AH-B9518EDA,TA0002,Execution,1,C:\Windows\System32\WindowsPowerShell\v1.0\powershell.exe,,LOLBin Abuse,25,LOW,T1059.001,PowerShell,,,Living-off-the-land binary: powershell.exe
591,"Jun 1, 2026 @ 14:23:14.614",AH-8773B748,TA0002,Execution,1,C:\Windows\System32\WindowsPowerShell\v1.0\powershell.exe,,LOLBin Abuse,25,LOW,T1059.001,PowerShell,,,Living-off-the-land binary: powershell.exe
592,"Jun 1, 2026 @ 14:23:14.651",AH-57669D98,TA0002,Execution,1,C:\Windows\System32\WindowsPowerShell\v1.0\powershell.exe,,LOLBin Abuse,25,LOW,T1059.001,PowerShell,,,Living-off-the-land binary: powershell.exe
593,"Jun 1, 2026 @ 14:23:14.654",AH-081BD3EC,TA0002,Execution,1,C:\Windows\System32\WindowsPowerShell\v1.0\powershell.exe,,LOLBin Abuse,25,LOW,T1059.001,PowerShell,,,Living-off-the-land binary: powershell.exe
594,"Jun 1, 2026 @ 14:23:14.757",AH-8DF417A9,TA0002,Execution,1,C:\Windows\System32\WindowsPowerShell\v1.0\powershell.exe,,LOLBin Abuse,25,LOW,T1059.001,PowerShell,,,Living-off-the-land binary: powershell.exe
595,"Jun 1, 2026 @ 14:23:15.305",AH-A8B8256D,TA0002,Execution,1,C:\Windows\System32\WindowsPowerShell\v1.0\powershell.exe,,LOLBin Abuse,25,LOW,T1059.001,PowerShell,,,Living-off-the-land binary: powershell.exe
596,"Jun 1, 2026 @ 14:23:15.317",AH-309A65F9,TA0002,Execution,1,C:\Windows\System32\WindowsPowerShell\v1.0\powershell.exe,,LOLBin Abuse,50,MEDIUM,T1059.001,PowerShell,,,Living-off-the-land binary: powershell.exe
597,"Jun 1, 2026 @ 14:23:15.321",AH-1A58EEEF,TA0002,Execution,1,C:\Windows\System32\WindowsPowerShell\v1.0\powershell.exe,,LOLBin Abuse,25,LOW,T1059.001,PowerShell,,,Living-off-the-land binary: powershell.exe
598,"Jun 1, 2026 @ 14:23:15.325",AH-012A247A,TA0002,Execution,1,C:\Windows\System32\WindowsPowerShell\v1.0\powershell.exe,,LOLBin Abuse,25,LOW,T1059.001,PowerShell,,,Living-off-the-land binary: powershell.exe
599,"Jun 1, 2026 @ 14:23:15.456",AH-FB903E2A,TA0002,Execution,1,C:\Windows\System32\WindowsPowerShell\v1.0\powershell.exe,,LOLBin Abuse,25,LOW,T1059.001,PowerShell,,,Living-off-the-land binary: powershell.exe
600,"Jun 1, 2026 @ 14:23:15.569",AH-336B4CC6,TA0002,Execution,1,C:\Windows\System32\WindowsPowerShell\v1.0\powershell.exe,,LOLBin Abuse,25,LOW,T1059.001,PowerShell,,,Living-off-the-land binary: powershell.exe
601,"Jun 1, 2026 @ 14:23:15.588",AH-DF5A0F7C,TA0002,Execution,1,C:\Windows\System32\WindowsPowerShell\v1.0\powershell.exe,,LOLBin Abuse,25,LOW,T1059.001,PowerShell,,,Living-off-the-land binary: powershell.exe
602,"Jun 1, 2026 @ 14:23:15.592",AH-DD1CFE8E,TA0002,Execution,1,C:\Windows\System32\WindowsPowerShell\v1.0\powershell.exe,,LOLBin Abuse,25,LOW,T1059.001,PowerShell,,,Living-off-the-land binary: powershell.exe
603,"Jun 1, 2026 @ 14:23:15.593",AH-094D037D,TA0002,Execution,1,C:\Windows\System32\WindowsPowerShell\v1.0\powershell.exe,,LOLBin Abuse,25,LOW,T1059.001,PowerShell,,,Living-off-the-land binary: powershell.exe
604,"Jun 1, 2026 @ 14:23:15.605",AH-9BF45FC1,TA0002,Execution,1,C:\Windows\System32\WindowsPowerShell\v1.0\powershell.exe,,LOLBin Abuse,25,LOW,T1059.001,PowerShell,,,Living-off-the-land binary: powershell.exe
605,"Jun 1, 2026 @ 14:23:15.633",AH-48D28A63,TA0002,Execution,1,C:\Windows\System32\WindowsPowerShell\v1.0\powershell.exe,,LOLBin Abuse,25,LOW,T1059.001,PowerShell,,,Living-off-the-land binary: powershell.exe
606,"Jun 1, 2026 @ 14:23:15.639",AH-3C77E43E,TA0002,Execution,1,C:\Windows\System32\WindowsPowerShell\v1.0\powershell.exe,,LOLBin Abuse,25,LOW,T1059.001,PowerShell,,,Living-off-the-land binary: powershell.exe
607,"Jun 1, 2026 @ 14:23:15.642",AH-AA996E20,TA0002,Execution,1,C:\Windows\System32\WindowsPowerShell\v1.0\powershell.exe,,LOLBin Abuse,50,MEDIUM,T1059.001,PowerShell,,,Living-off-the-land binary: powershell.exe
608,"Jun 1, 2026 @ 14:23:15.645",AH-E0AFE489,TA0002,Execution,1,C:\Windows\System32\WindowsPowerShell\v1.0\powershell.exe,,LOLBin Abuse,50,MEDIUM,T1059.001,PowerShell,,,Living-off-the-land binary: powershell.exe
609,"Jun 1, 2026 @ 14:23:15.677",AH-041BF8B3,TA0002,Execution,1,C:\Windows\System32\WindowsPowerShell\v1.0\powershell.exe,,LOLBin Abuse,25,LOW,T1059.001,PowerShell,,,Living-off-the-land binary: powershell.exe
610,"Jun 1, 2026 @ 14:23:15.679",AH-57B6AFF9,TA0002,Execution,1,C:\Windows\System32\WindowsPowerShell\v1.0\powershell.exe,,LOLBin Abuse,25,LOW,T1059.001,PowerShell,,,Living-off-the-land binary: powershell.exe
611,"Jun 1, 2026 @ 14:23:15.681",AH-6F43D795,TA0002,Execution,1,C:\Windows\System32\WindowsPowerShell\v1.0\powershell.exe,,LOLBin Abuse,25,LOW,T1059.001,PowerShell,,,Living-off-the-land binary: powershell.exe
612,"Jun 1, 2026 @ 14:23:15.694",AH-8E592E12,TA0002,Execution,1,C:\Windows\System32\WindowsPowerShell\v1.0\powershell.exe,,LOLBin Abuse,25,LOW,T1059.001,PowerShell,,,Living-off-the-land binary: powershell.exe
613,"Jun 1, 2026 @ 14:23:15.741",AH-275A2ADE,TA0002,Execution,1,C:\Windows\System32\WindowsPowerShell\v1.0\powershell.exe,,LOLBin Abuse,25,LOW,T1059.001,PowerShell,,,Living-off-the-land binary: powershell.exe
614,"Jun 1, 2026 @ 14:23:15.744",AH-E0472F92,TA0002,Execution,1,C:\Windows\System32\WindowsPowerShell\v1.0\powershell.exe,,LOLBin Abuse,25,LOW,T1059.001,PowerShell,,,Living-off-the-land binary: powershell.exe
615,"Jun 1, 2026 @ 14:23:15.843",AH-6182B582,TA0002,Execution,1,C:\Windows\System32\WindowsPowerShell\v1.0\powershell.exe,,LOLBin Abuse,25,LOW,T1059.001,PowerShell,,,Living-off-the-land binary: powershell.exe
616,"Jun 1, 2026 @ 14:23:16.458",AH-03EDC294,TA0002,Execution,1,C:\Windows\System32\WindowsPowerShell\v1.0\powershell.exe,,LOLBin Abuse,25,LOW,T1059.001,PowerShell,,,Living-off-the-land binary: powershell.exe
617,"Jun 1, 2026 @ 14:23:16.472",AH-22B4B5B4,TA0002,Execution,1,C:\Windows\System32\WindowsPowerShell\v1.0\powershell.exe,,LOLBin Abuse,50,MEDIUM,T1059.001,PowerShell,,,Living-off-the-land binary: powershell.exe
618,"Jun 1, 2026 @ 14:23:16.475",AH-70650351,TA0002,Execution,1,C:\Windows\System32\WindowsPowerShell\v1.0\powershell.exe,,LOLBin Abuse,25,LOW,T1059.001,PowerShell,,,Living-off-the-land binary: powershell.exe
619,"Jun 1, 2026 @ 14:23:16.478",AH-A3087282,TA0002,Execution,1,C:\Windows\System32\WindowsPowerShell\v1.0\powershell.exe,,LOLBin Abuse,25,LOW,T1059.001,PowerShell,,,Living-off-the-land binary: powershell.exe
620,"Jun 1, 2026 @ 14:23:16.601",AH-20240D6B,TA0002,Execution,1,C:\Windows\System32\WindowsPowerShell\v1.0\powershell.exe,,LOLBin Abuse,25,LOW,T1059.001,PowerShell,,,Living-off-the-land binary: powershell.exe
621,"Jun 1, 2026 @ 14:23:19.684",AH-50EEF7A3,TA0002,Execution,1,C:\Windows\System32\curl.exe,C:\Users\DELL\office_portable_x3.exe,LOLBin Abuse | Recon / IP Discovery,55,MEDIUM,T1016,System Network Config Discovery,,,Living-off-the-land binary: curl.exe ; Recon tool query: curl -s --max-time 10 https://ipinfo.io/country
622,"Jun 1, 2026 @ 14:23:19.748",AH-6D1291D3,TA0002,Execution,1,C:\Windows\System32\curl.exe,,LOLBin Abuse,50,MEDIUM,T1016,System Network Config Discovery,127.0.0.1,,Living-off-the-land binary: curl.exe
623,"Jun 1, 2026 @ 14:23:19.753",AH-1CE9E09F,TA0002,Execution,1,C:\Windows\System32\curl.exe,,LOLBin Abuse | Recon / IP Discovery,55,MEDIUM,T1016,System Network Config Discovery,,,Living-off-the-land binary: curl.exe ; Recon DNS query: ipinfo.io
624,"Jun 1, 2026 @ 14:23:19.773",AH-41EEFF19,TA0002,Execution,1,C:\Windows\System32\curl.exe,,LOLBin Abuse | Recon / IP Discovery,55,MEDIUM,T1016,System Network Config Discovery,,,Living-off-the-land binary: curl.exe ; Recon DNS query: ipinfo.io
625,"Jun 1, 2026 @ 14:23:19.774",AH-F9F97D76,TA0002,Execution,1,C:\Windows\System32\curl.exe,,LOLBin Abuse,50,MEDIUM,T1016,System Network Config Discovery,127.0.0.1,,Living-off-the-land binary: curl.exe
626,"Jun 1, 2026 @ 14:23:19.992",AH-DF59AB28,TA0002,Execution,1,C:\Windows\System32\lsass.exe,,Sigma Match,90,CRITICAL,T1003.001,,,,Unusual process accessing LSASS memory
627,"Jun 1, 2026 @ 14:23:20.066",AH-EBE7BABB,TA0002,Execution,1,C:\Windows\System32\lsass.exe,,Sigma Match,45,MEDIUM,T1003.001,,,,Unusual process accessing LSASS memory
628,"Jun 1, 2026 @ 14:23:20.080",AH-D1FF4094,TA0002,Execution,1,C:\Windows\System32\lsass.exe,,Sigma Match,45,MEDIUM,T1003.001,,,,Unusual process accessing LSASS memory
629,"Jun 1, 2026 @ 14:23:20.146",AH-649C26CE,TA0002,Execution,1,C:\Windows\System32\lsass.exe,,Sigma Match,90,CRITICAL,T1003.001,,,,Unusual process accessing LSASS memory
630,"Jun 1, 2026 @ 14:23:20.157",AH-8FB5CB0E,TA0002,Execution,1,C:\Windows\System32\lsass.exe,,Sigma Match,45,MEDIUM,T1003.001,,,,Unusual process accessing LSASS memory
631,"Jun 1, 2026 @ 14:23:20.172",AH-C977B647,TA0002,Execution,1,C:\Windows\System32\lsass.exe,,Sigma Match,45,MEDIUM,T1003.001,,,,Unusual process accessing LSASS memory
632,"Jun 1, 2026 @ 14:23:20.205",AH-226D6C3C,TA0002,Execution,1,C:\Windows\System32\SearchFilterHost.exe,C:\Windows\System32\SearchIndexer.exe,Rare Parent-Child,15,INFO,,,,,Rare process pair: searchindexer.exe->searchfilterhost.exe
633,"Jun 1, 2026 @ 14:23:20.470",AH-6F1662D7,TA0002,Execution,1,C:\Windows\System32\lsass.exe,,Sigma Match,90,CRITICAL,T1003.001,,,,Unusual process accessing LSASS memory
634,"Jun 1, 2026 @ 14:23:20.786",AH-F87AF2D7,TA0002,Execution,1,C:\Windows\System32\curl.exe,C:\Users\DELL\office_portable_x3.exe,LOLBin Abuse | Recon / IP Discovery,55,MEDIUM,T1016,System Network Config Discovery,,,Living-off-the-land binary: curl.exe ; Recon tool query: curl -s --max-time 10 https://ipinfo.io/country
635,"Jun 1, 2026 @ 14:23:22.923",AH-A57CD02A,TA0002,Execution,1,C:\Windows\System32\WindowsPowerShell\v1.0\powershell.exe,,LOLBin Abuse,25,LOW,T1059.001,PowerShell,,,Living-off-the-land binary: powershell.exe
636,"Jun 1, 2026 @ 14:23:22.935",AH-2471283C,TA0002,Execution,1,C:\Windows\System32\WindowsPowerShell\v1.0\powershell.exe,C:\Program Files\WindowsApps\Microsoft.WindowsTerminal_1.24.11321.0_x64__8wekyb3d8bbwe\WindowsTerminal.exe,LOLBin Abuse | Rare Parent-Child | Suspicious User-Agent / Tool,70,HIGH,T1059.001,PowerShell,,,Rare process pair: windowsterminal.exe->powershell.exe ; Living-off-the-land binary: powershell.exe ; Tool signature in user-agent/command: powershell
637,"Jun 1, 2026 @ 14:23:22.978",AH-04012947,TA0002,Execution,1,C:\Windows\System32\schtasks.exe,C:\Users\DELL\office_portable_x3.exe,LOLBin Abuse | Persistence via Cmdline | Rare Parent-Child | Sigma Match,100,CRITICAL,T1053.005,Scheduled Task,,,Rare process pair: office_portable_x3.exe->schtasks.exe ; Living-off-the-land binary: schtasks.exe ; Persistence command: schtasks /create /tn xuvotopo /xml c:\users\public\pictures\kelotopu\xuvotopo.xml /f ; schtasks creating a task
638,"Jun 1, 2026 @ 14:23:23.175",AH-1D49DA0B,TA0002,Execution,1,C:\Windows\System32\schtasks.exe,,LOLBin Abuse,25,LOW,T1053.005,Scheduled Task,,,Living-off-the-land binary: schtasks.exe
639,"Jun 1, 2026 @ 14:23:23.205",AH-D1899406,TA0002,Execution,1,C:\Windows\System32\schtasks.exe,C:\Users\DELL\office_portable_x3.exe,LOLBin Abuse | Persistence via Cmdline | Rare Parent-Child | Sigma Match,100,CRITICAL,T1053.005,Scheduled Task,,,Rare process pair: office_portable_x3.exe->schtasks.exe ; Living-off-the-land binary: schtasks.exe ; Persistence command: schtasks /create /tn xuvotopo /xml c:\users\public\pictures\kelotopu\xuvotopo.xml /f ; schtasks creating a task
640,"Jun 1, 2026 @ 14:23:25.346",AH-95B6821C,TA0002,Execution,1,C:\Windows\System32\reg.exe,C:\Users\DELL\office_portable_x3.exe,LOLBin Abuse | Sigma Match,70,HIGH,T1547.001,Registry Run Keys / Startup Folder,,,Living-off-the-land binary: reg.exe ; reg.exe adding a Run key entry
641,"Jun 1, 2026 @ 14:23:25.848",AH-9A816A30,TA0002,Execution,1,C:\Windows\System32\reg.exe,,LOLBin Abuse | Persistence | Rare Parent-Child,80,CRITICAL,T1547.001,Registry Run Keys / Startup Folder,,HKLM\SOFTWARE\Microsoft\Windows\CurrentVersion\Run\xuvotopo,Rare process pair: -->reg.exe ; Living-off-the-land binary: reg.exe ; Persistence registry path: hklm\software\microsoft\windows\currentversion\run\xuvotopo
642,"Jun 1, 2026 @ 14:23:25.852",AH-F99FA65F,TA0002,Execution,1,C:\Windows\System32\reg.exe,C:\Users\DELL\office_portable_x3.exe,LOLBin Abuse | Sigma Match,70,HIGH,T1547.001,Registry Run Keys / Startup Folder,,,Living-off-the-land binary: reg.exe ; reg.exe adding a Run key entry
643,"Jun 1, 2026 @ 14:23:27.278",AH-F05E1ED1,TA0002,Execution,1,C:\Windows\System32\cmd.exe,C:\Users\DELL\office_portable_x3.exe,LOLBin Abuse,25,LOW,T1059.003,Windows Command Shell,,,Living-off-the-land binary: cmd.exe
644,"Jun 1, 2026 @ 14:23:36.367",AH-56B970D1,TA0002,Execution,1,C:\Windows\System32\lsass.exe,,Sigma Match,45,MEDIUM,T1003.001,,,,Unusual process accessing LSASS memory
645,"Jun 1, 2026 @ 14:23:36.386",AH-5C567604,TA0002,Execution,1,C:\Windows\System32\lsass.exe,,Sigma Match,45,MEDIUM,T1003.001,,,,Unusual process accessing LSASS memory
646,"Jun 1, 2026 @ 14:23:37.003",AH-033A82F3,TA0002,Execution,1,C:\Windows\System32\lsass.exe,,Sigma Match,45,MEDIUM,T1003.001,,,,Unusual process accessing LSASS memory
647,"Jun 1, 2026 @ 14:23:37.022",AH-A2427871,TA0002,Execution,1,C:\Windows\System32\lsass.exe,,Sigma Match,45,MEDIUM,T1003.001,,,,Unusual process accessing LSASS memory
648,"Jun 1, 2026 @ 14:23:40.941",AH-4B4761F2,TA0002,Execution,1,C:\Windows\System32\lsass.exe,,Sigma Match,45,MEDIUM,T1003.001,,,,Unusual process accessing LSASS memory
649,"Jun 1, 2026 @ 14:23:41.030",AH-61F3B6B9,TA0002,Execution,1,C:\Windows\System32\lsass.exe,,Sigma Match,45,MEDIUM,T1003.001,,,,Unusual process accessing LSASS memory
650,"Jun 1, 2026 @ 14:23:58.528",AH-3DEC82ED,TA0002,Execution,1,C:\Windows\System32\lsass.exe,,Sigma Match,45,MEDIUM,T1003.001,,,,Unusual process accessing LSASS memory
651,"Jun 1, 2026 @ 14:23:58.890",AH-799B852B,TA0002,Execution,1,C:\Windows\System32\lsass.exe,,Sigma Match,45,MEDIUM,T1003.001,,,,Unusual process accessing LSASS memory
652,"Jun 1, 2026 @ 14:23:59.533",AH-BAD17DAE,TA0002,Execution,1,C:\Windows\System32\SearchFilterHost.exe,C:\Windows\System32\SearchIndexer.exe,Rare Parent-Child,15,INFO,,,,,Rare process pair: searchindexer.exe->searchfilterhost.exe
653,"Jun 1, 2026 @ 14:24:01.280",AH-539F1F08,TA0002,Execution,1,C:\Windows\System32\SearchFilterHost.exe,,Rare Parent-Child,15,INFO,,,,,Rare process pair: -->searchfilterhost.exe
654,"Jun 1, 2026 @ 14:24:02.219",AH-C6C7A2B2,TA0002,Execution,1,C:\Windows\System32\wscript.exe,C:\Windows\System32\svchost.exe,LOLBin Abuse | Sigma Match | Suspicious Parent-Child | Svchost Script Spawn,100,CRITICAL,T1059.005,Visual Basic,,,"Living-off-the-land binary: wscript.exe ; Suspicious spawn: svchost.exe → wscript.exe ; svchost spawned script engine with suspicious path: ""c:\windows\system32\wscript.exe"" c:\users\public\pictures\kelotopu\xuvotopo.js ; svchost.exe launching a script interpreter"
655,"Jun 1, 2026 @ 14:24:02.346",AH-FE2E5198,TA0002,Execution,1,C:\Windows\System32\wscript.exe,,LOLBin Abuse,25,LOW,T1059.005,Visual Basic,,,Living-off-the-land binary: wscript.exe
656,"Jun 1, 2026 @ 14:24:02.371",AH-B27A8364,TA0002,Execution,1,C:\Windows\System32\wscript.exe,,LOLBin Abuse,25,LOW,T1059.005,Visual Basic,,,Living-off-the-land binary: wscript.exe
657,"Jun 1, 2026 @ 14:24:02.640",AH-3DB717C8,TA0002,Execution,1,C:\Windows\System32\wscript.exe,,LOLBin Abuse,25,LOW,T1059.005,Visual Basic,,,Living-off-the-land binary: wscript.exe
658,"Jun 1, 2026 @ 14:24:02.650",AH-6C6A16E4,TA0002,Execution,1,C:\Windows\System32\wscript.exe,,LOLBin Abuse,25,LOW,T1059.005,Visual Basic,,,Living-off-the-land binary: wscript.exe
659,"Jun 1, 2026 @ 14:24:02.652",AH-5D66969F,TA0002,Execution,1,C:\Windows\System32\wscript.exe,,LOLBin Abuse,25,LOW,T1059.005,Visual Basic,,,Living-off-the-land binary: wscript.exe
660,"Jun 1, 2026 @ 14:24:02.662",AH-AA87ECA9,TA0002,Execution,1,C:\Windows\System32\wscript.exe,,LOLBin Abuse,25,LOW,T1059.005,Visual Basic,,,Living-off-the-land binary: wscript.exe
661,"Jun 1, 2026 @ 14:24:02.664",AH-F9EFD5DA,TA0002,Execution,1,C:\Windows\System32\wscript.exe,,LOLBin Abuse,25,LOW,T1059.005,Visual Basic,,,Living-off-the-land binary: wscript.exe
662,"Jun 1, 2026 @ 14:24:02.674",AH-C7D29042,TA0002,Execution,1,C:\Windows\System32\wscript.exe,,LOLBin Abuse,25,LOW,T1059.005,Visual Basic,,,Living-off-the-land binary: wscript.exe
663,"Jun 1, 2026 @ 14:24:02.678",AH-1E7B89F7,TA0002,Execution,1,C:\Windows\System32\wscript.exe,,LOLBin Abuse,25,LOW,T1059.005,Visual Basic,,,Living-off-the-land binary: wscript.exe
664,"Jun 1, 2026 @ 14:24:03.156",AH-B467142E,TA0002,Execution,1,C:\Windows\System32\wscript.exe,,LOLBin Abuse,50,MEDIUM,T1059.005,Visual Basic,,HKEY_USERS\S-1-5-21-3330616437-3750286687-2521933251-1002\Software\Microsoft\Windows\CurrentVersion\Internet Settings\ZoneMap\ProxyBypass,Living-off-the-land binary: wscript.exe
665,"Jun 1, 2026 @ 14:24:03.157",AH-E0E4288A,TA0002,Execution,1,C:\Windows\System32\wscript.exe,,LOLBin Abuse,50,MEDIUM,T1059.005,Visual Basic,,HKEY_USERS\S-1-5-21-3330616437-3750286687-2521933251-1002\Software\Microsoft\Windows\CurrentVersion\Internet Settings\ZoneMap\UNCAsIntranet,Living-off-the-land binary: wscript.exe
666,"Jun 1, 2026 @ 14:24:11.980",AH-C434713A,TA0002,Execution,1,C:\Windows\System32\smartscreen.exe,C:\Windows\System32\svchost.exe,Rare Parent-Child,15,INFO,,,,,Rare process pair: svchost.exe->smartscreen.exe
667,"Jun 1, 2026 @ 14:24:47.400",AH-F3E6C428,TA0002,Execution,1,C:\Windows\System32\VSSVC.exe,C:\Windows\System32\services.exe,Rare Parent-Child | Rare Process,30,LOW,,,,,Process seen only 2 time(s): vssvc.exe ; Rare process pair: services.exe->vssvc.exe
668,"Jun 1, 2026 @ 14:23:10.561",AH-BF3B4EF1,TA0005,Defense Evasion,2,C:\Windows\System32\cmd.exe,C:\Users\DELL\office_portable_x3.exe,Defense Evasion | LOLBin Abuse | PowerShell Payload | Sigma Match | Suspicious User-Agent / Tool,100,CRITICAL,T1059.003,Windows Command Shell,,,Living-off-the-land binary: cmd.exe ; Suspicious PowerShell keyword in command ; Defense evasion keyword: 'add-mppreference -exclusionpath' ; Tool signature in user-agent/command: powershell
669,"Jun 1, 2026 @ 14:23:10.601",AH-C61B50CB,TA0005,Defense Evasion,2,C:\Windows\System32\cmd.exe,C:\Users\DELL\office_portable_x3.exe,Defense Evasion | EDR Rule Detection | LOLBin Abuse | PowerShell Payload | Sigma Match | Suspicious User-Agent / Tool,100,CRITICAL,T1059.003,Windows Command Shell,,,"Security rule fired on: cmd.exe | C:\Windows\system32\cmd.exe /c ""powershell -Command ""Add-MpPreference -ExclusionPath 'C:\Users\DELL' ; Living-off-the-land binary: cmd.exe ; Suspicious PowerShell keyword in command ; Defense evasion keyword: 'add-mppreference -exclusionpath'"
670,"Jun 1, 2026 @ 14:23:10.672",AH-0ADA40AD,TA0005,Defense Evasion,2,C:\Windows\System32\WindowsPowerShell\v1.0\powershell.exe,C:\Windows\System32\cmd.exe,Defense Evasion | LOLBin Abuse | PowerShell Payload | Sigma Match | Suspicious User-Agent / Tool,100,CRITICAL,T1059.001,PowerShell,,,Living-off-the-land binary: powershell.exe ; Suspicious PowerShell keyword in command ; Defense evasion keyword: 'add-mppreference -exclusionpath' ; Tool signature in user-agent/command: powershell
671,"Jun 1, 2026 @ 14:23:11.974",AH-BB2B2507,TA0005,Defense Evasion,2,C:\Windows\System32\WindowsPowerShell\v1.0\powershell.exe,C:\Windows\System32\cmd.exe,Defense Evasion | EDR Rule Detection | LOLBin Abuse | PowerShell Payload | Sigma Match | Suspicious User-Agent / Tool,100,CRITICAL,T1059.001,PowerShell,,,"Security rule fired on: powershell.exe | powershell  -Command ""Add-MpPreference -ExclusionPath 'C:\Users\DELL'"" ; Living-off-the-land binary: powershell.exe ; Suspicious PowerShell keyword in command ; Defense evasion keyword: 'add-mppreference -exclusionpath'"
672,"Jun 1, 2026 @ 14:23:12.144",AH-65B8243B,TA0005,Defense Evasion,2,C:\Windows\System32\WindowsPowerShell\v1.0\powershell.exe,C:\Windows\System32\cmd.exe,Defense Evasion | LOLBin Abuse | PowerShell Payload | Sigma Match | Suspicious User-Agent / Tool,100,CRITICAL,T1059.001,PowerShell,,,Living-off-the-land binary: powershell.exe ; Suspicious PowerShell keyword in command ; Defense evasion keyword: 'add-mppreference -exclusionpath' ; Tool signature in user-agent/command: powershell
673,"Jun 1, 2026 @ 14:23:12.163",AH-E10068CA,TA0005,Defense Evasion,2,C:\Windows\System32\cmd.exe,C:\Users\DELL\office_portable_x3.exe,Defense Evasion | LOLBin Abuse | PowerShell Payload | Sigma Match | Suspicious User-Agent / Tool,100,CRITICAL,T1059.003,Windows Command Shell,,,Living-off-the-land binary: cmd.exe ; Suspicious PowerShell keyword in command ; Defense evasion keyword: 'add-mppreference -exclusionpath' ; Tool signature in user-agent/command: powershell
674,"Jun 1, 2026 @ 14:23:12.166",AH-F669406F,TA0005,Defense Evasion,2,C:\Windows\System32\cmd.exe,C:\Users\DELL\office_portable_x3.exe,Defense Evasion | LOLBin Abuse | PowerShell Payload | Sigma Match | Suspicious User-Agent / Tool,100,CRITICAL,T1059.003,Windows Command Shell,,,Living-off-the-land binary: cmd.exe ; Suspicious PowerShell keyword in command ; Defense evasion keyword: 'add-mppreference -exclusionpath' ; Tool signature in user-agent/command: powershell
675,"Jun 1, 2026 @ 14:23:12.231",AH-3D080498,TA0005,Defense Evasion,2,C:\Windows\System32\WindowsPowerShell\v1.0\powershell.exe,C:\Windows\System32\cmd.exe,Defense Evasion | LOLBin Abuse | PowerShell Payload | Sigma Match | Suspicious User-Agent / Tool,100,CRITICAL,T1059.001,PowerShell,,,Living-off-the-land binary: powershell.exe ; Suspicious PowerShell keyword in command ; Defense evasion keyword: 'add-mppreference -exclusionpath' ; Tool signature in user-agent/command: powershell
676,"Jun 1, 2026 @ 14:23:13.210",AH-B7B39EC2,TA0005,Defense Evasion,2,C:\Windows\System32\WindowsPowerShell\v1.0\powershell.exe,C:\Windows\System32\cmd.exe,Defense Evasion | EDR Rule Detection | LOLBin Abuse | PowerShell Payload | Sigma Match | Suspicious User-Agent / Tool,100,CRITICAL,T1059.001,PowerShell,,,"Security rule fired on: powershell.exe | powershell  -Command ""Add-MpPreference -ExclusionPath 'C:\Users\Public\Pictures\kelotopu'"" ; Living-off-the-land binary: powershell.exe ; Suspicious PowerShell keyword in command ; Defense evasion keyword: 'add-mppreference -exclusionpath'"
677,"Jun 1, 2026 @ 14:23:13.317",AH-4791C22C,TA0005,Defense Evasion,2,C:\Windows\System32\WindowsPowerShell\v1.0\powershell.exe,C:\Windows\System32\cmd.exe,Defense Evasion | LOLBin Abuse | PowerShell Payload | Sigma Match | Suspicious User-Agent / Tool,100,CRITICAL,T1059.001,PowerShell,,,Living-off-the-land binary: powershell.exe ; Suspicious PowerShell keyword in command ; Defense evasion keyword: 'add-mppreference -exclusionpath' ; Tool signature in user-agent/command: powershell
678,"Jun 1, 2026 @ 14:23:13.334",AH-85F7557A,TA0005,Defense Evasion,2,C:\Windows\System32\cmd.exe,C:\Users\DELL\office_portable_x3.exe,Defense Evasion | LOLBin Abuse | PowerShell Payload | Sigma Match | Suspicious User-Agent / Tool,100,CRITICAL,T1059.003,Windows Command Shell,,,Living-off-the-land binary: cmd.exe ; Suspicious PowerShell keyword in command ; Defense evasion keyword: 'add-mppreference -exclusionpath' ; Tool signature in user-agent/command: powershell
679,"Jun 1, 2026 @ 14:23:13.336",AH-57518A36,TA0005,Defense Evasion,2,C:\Windows\System32\cmd.exe,C:\Users\DELL\office_portable_x3.exe,Defense Evasion | LOLBin Abuse | PowerShell Payload | Sigma Match | Suspicious User-Agent / Tool,100,CRITICAL,T1059.003,Windows Command Shell,,,Living-off-the-land binary: cmd.exe ; Suspicious PowerShell keyword in command ; Defense evasion keyword: 'add-mppreference -exclusionpath' ; Tool signature in user-agent/command: powershell
680,"Jun 1, 2026 @ 14:23:13.405",AH-58D05900,TA0005,Defense Evasion,2,C:\Windows\System32\WindowsPowerShell\v1.0\powershell.exe,C:\Windows\System32\cmd.exe,Defense Evasion | LOLBin Abuse | PowerShell Payload | Sigma Match | Suspicious User-Agent / Tool,100,CRITICAL,T1059.001,PowerShell,,,Living-off-the-land binary: powershell.exe ; Suspicious PowerShell keyword in command ; Defense evasion keyword: 'add-mppreference -exclusionpath' ; Tool signature in user-agent/command: powershell
681,"Jun 1, 2026 @ 14:23:14.385",AH-E7A7DB6A,TA0005,Defense Evasion,2,C:\Windows\System32\WindowsPowerShell\v1.0\powershell.exe,C:\Windows\System32\cmd.exe,Defense Evasion | LOLBin Abuse | PowerShell Payload | Sigma Match | Suspicious User-Agent / Tool,100,CRITICAL,T1059.001,PowerShell,,,Living-off-the-land binary: powershell.exe ; Suspicious PowerShell keyword in command ; Defense evasion keyword: 'add-mppreference -exclusionpath' ; Tool signature in user-agent/command: powershell
682,"Jun 1, 2026 @ 14:23:14.403",AH-0F8E9D79,TA0005,Defense Evasion,2,C:\Windows\System32\cmd.exe,C:\Users\DELL\office_portable_x3.exe,Defense Evasion | LOLBin Abuse | PowerShell Payload | Sigma Match | Suspicious User-Agent / Tool,100,CRITICAL,T1059.003,Windows Command Shell,,,Living-off-the-land binary: cmd.exe ; Suspicious PowerShell keyword in command ; Defense evasion keyword: 'add-mppreference -exclusionpath' ; Tool signature in user-agent/command: powershell
683,"Jun 1, 2026 @ 14:23:14.408",AH-1E9EDB7C,TA0005,Defense Evasion,2,C:\Windows\System32\cmd.exe,C:\Users\DELL\office_portable_x3.exe,Defense Evasion | LOLBin Abuse | PowerShell Payload | Suspicious User-Agent / Tool,100,CRITICAL,T1059.003,Windows Command Shell,,,Living-off-the-land binary: cmd.exe ; Suspicious PowerShell keyword in command ; Defense evasion keyword: 'add-mppreference -exclusionprocess' ; Tool signature in user-agent/command: powershell
684,"Jun 1, 2026 @ 14:23:14.466",AH-628A1ECC,TA0005,Defense Evasion,2,C:\Windows\System32\WindowsPowerShell\v1.0\powershell.exe,C:\Windows\System32\cmd.exe,Defense Evasion | LOLBin Abuse | PowerShell Payload | Suspicious User-Agent / Tool,100,CRITICAL,T1059.001,PowerShell,,,Living-off-the-land binary: powershell.exe ; Suspicious PowerShell keyword in command ; Defense evasion keyword: 'add-mppreference -exclusionprocess' ; Tool signature in user-agent/command: powershell
685,"Jun 1, 2026 @ 14:23:14.527",AH-33645CB7,TA0005,Defense Evasion,2,C:\Windows\System32\WindowsPowerShell\v1.0\powershell.exe,C:\Windows\System32\cmd.exe,Defense Evasion | EDR Rule Detection | LOLBin Abuse | PowerShell Payload | Sigma Match | Suspicious User-Agent / Tool,100,CRITICAL,T1059.001,PowerShell,,,"Security rule fired on: powershell.exe | powershell  -Command ""Add-MpPreference -ExclusionPath 'C:\Users\DELL\AppData\Local\Temp'"" ; Living-off-the-land binary: powershell.exe ; Suspicious PowerShell keyword in command ; Defense evasion keyword: 'add-mppreference -exclusionpath'"
686,"Jun 1, 2026 @ 14:23:15.461",AH-D80CD8E9,TA0005,Defense Evasion,2,C:\Windows\System32\WindowsPowerShell\v1.0\powershell.exe,C:\Windows\System32\cmd.exe,Defense Evasion | LOLBin Abuse | PowerShell Payload | Suspicious User-Agent / Tool,100,CRITICAL,T1059.001,PowerShell,,,Living-off-the-land binary: powershell.exe ; Suspicious PowerShell keyword in command ; Defense evasion keyword: 'add-mppreference -exclusionprocess' ; Tool signature in user-agent/command: powershell
687,"Jun 1, 2026 @ 14:23:15.469",AH-F5F882B3,TA0005,Defense Evasion,2,C:\Windows\System32\WindowsPowerShell\v1.0\powershell.exe,C:\Windows\System32\cmd.exe,Defense Evasion | EDR Rule Detection | LOLBin Abuse | PowerShell Payload | Suspicious User-Agent / Tool,100,CRITICAL,T1059.001,PowerShell,,,"Security rule fired on: powershell.exe | powershell  -Command ""Add-MpPreference -ExclusionProcess 'C:\Windows\System32\cmd.exe'"" ; Living-off-the-land binary: powershell.exe ; Suspicious PowerShell keyword in command ; Defense evasion keyword: 'add-mppreference -exclusionprocess'"
688,"Jun 1, 2026 @ 14:23:15.481",AH-9D807396,TA0005,Defense Evasion,2,C:\Windows\System32\cmd.exe,C:\Users\DELL\office_portable_x3.exe,Defense Evasion | LOLBin Abuse | PowerShell Payload | Suspicious User-Agent / Tool,100,CRITICAL,T1059.003,Windows Command Shell,,,Living-off-the-land binary: cmd.exe ; Suspicious PowerShell keyword in command ; Defense evasion keyword: 'add-mppreference -exclusionprocess' ; Tool signature in user-agent/command: powershell
689,"Jun 1, 2026 @ 14:23:15.485",AH-CA275B1E,TA0005,Defense Evasion,2,C:\Windows\System32\cmd.exe,C:\Users\DELL\office_portable_x3.exe,Defense Evasion | LOLBin Abuse | PowerShell Payload | Suspicious User-Agent / Tool,100,CRITICAL,T1059.003,Windows Command Shell,,,Living-off-the-land binary: cmd.exe ; Suspicious PowerShell keyword in command ; Defense evasion keyword: 'add-mppreference -exclusionprocess' ; Tool signature in user-agent/command: powershell
690,"Jun 1, 2026 @ 14:23:15.549",AH-58C9CB27,TA0005,Defense Evasion,2,C:\Windows\System32\WindowsPowerShell\v1.0\powershell.exe,C:\Windows\System32\cmd.exe,Defense Evasion | LOLBin Abuse | PowerShell Payload | Suspicious User-Agent / Tool,100,CRITICAL,T1059.001,PowerShell,,,Living-off-the-land binary: powershell.exe ; Suspicious PowerShell keyword in command ; Defense evasion keyword: 'add-mppreference -exclusionprocess' ; Tool signature in user-agent/command: powershell
691,"Jun 1, 2026 @ 14:23:16.607",AH-9A9685CA,TA0005,Defense Evasion,2,C:\Windows\System32\WindowsPowerShell\v1.0\powershell.exe,C:\Windows\System32\cmd.exe,Defense Evasion | LOLBin Abuse | PowerShell Payload | Suspicious User-Agent / Tool,100,CRITICAL,T1059.001,PowerShell,,,Living-off-the-land binary: powershell.exe ; Suspicious PowerShell keyword in command ; Defense evasion keyword: 'add-mppreference -exclusionprocess' ; Tool signature in user-agent/command: powershell
692,"Jun 1, 2026 @ 14:23:16.610",AH-8391357B,TA0005,Defense Evasion,2,C:\Windows\System32\WindowsPowerShell\v1.0\powershell.exe,C:\Windows\System32\cmd.exe,Defense Evasion | EDR Rule Detection | LOLBin Abuse | PowerShell Payload | Suspicious User-Agent / Tool,100,CRITICAL,T1059.001,PowerShell,,,"Security rule fired on: powershell.exe | powershell  -Command ""Add-MpPreference -ExclusionProcess 'C:\Windows\System32\clip.exe'"" ; Living-off-the-land binary: powershell.exe ; Suspicious PowerShell keyword in command ; Defense evasion keyword: 'add-mppreference -exclusionprocess'"
693,"Jun 1, 2026 @ 14:23:16.629",AH-BA9524A6,TA0005,Defense Evasion,2,C:\Windows\System32\cmd.exe,C:\Users\DELL\office_portable_x3.exe,Defense Evasion | LOLBin Abuse | PowerShell Payload | Suspicious User-Agent / Tool,100,CRITICAL,T1059.003,Windows Command Shell,,,Living-off-the-land binary: cmd.exe ; Suspicious PowerShell keyword in command ; Defense evasion keyword: 'add-mppreference -exclusionprocess' ; Tool signature in user-agent/command: powershell
694,"Jun 1, 2026 @ 14:23:53.301",AH-A0823433,TA0005,Defense Evasion,2,C:\Windows\System32\WindowsPowerShell\v1.0\powershell.exe,C:\Windows\System32\cmd.exe,Defense Evasion | EDR Rule Detection | LOLBin Abuse | PowerShell Payload | Sigma Match | Suspicious User-Agent / Tool,100,CRITICAL,T1059.001,PowerShell,,,"Security rule fired on: powershell.exe | powershell  -Command ""Add-MpPreference -ExclusionPath 'C:\Users\DELL'"" ; Living-off-the-land binary: powershell.exe ; Suspicious PowerShell keyword in command ; Defense evasion keyword: 'add-mppreference -exclusionpath'"
695,"Jun 1, 2026 @ 14:23:53.303",AH-D279226A,TA0005,Defense Evasion,2,C:\Windows\System32\WindowsPowerShell\v1.0\powershell.exe,C:\Windows\System32\cmd.exe,Defense Evasion | EDR Rule Detection | LOLBin Abuse | PowerShell Payload | Sigma Match | Suspicious User-Agent / Tool,100,CRITICAL,T1059.001,PowerShell,,,"Security rule fired on: powershell.exe | powershell  -Command ""Add-MpPreference -ExclusionPath 'C:\Users\Public\Pictures\kelotopu'"" ; Living-off-the-land binary: powershell.exe ; Suspicious PowerShell keyword in command ; Defense evasion keyword: 'add-mppreference -exclusionpath'"
696,"Jun 1, 2026 @ 14:23:53.306",AH-238B5D2D,TA0005,Defense Evasion,2,C:\Windows\System32\WindowsPowerShell\v1.0\powershell.exe,C:\Windows\System32\cmd.exe,Defense Evasion | EDR Rule Detection | LOLBin Abuse | PowerShell Payload | Sigma Match | Suspicious User-Agent / Tool,100,CRITICAL,T1059.001,PowerShell,,,"Security rule fired on: powershell.exe | powershell  -Command ""Add-MpPreference -ExclusionPath 'C:\Users\DELL\AppData\Local\Temp'"" ; Living-off-the-land binary: powershell.exe ; Suspicious PowerShell keyword in command ; Defense evasion keyword: 'add-mppreference -exclusionpath'"
697,"Jun 1, 2026 @ 14:23:53.308",AH-638A8C7B,TA0005,Defense Evasion,2,C:\Windows\System32\WindowsPowerShell\v1.0\powershell.exe,C:\Windows\System32\cmd.exe,Defense Evasion | EDR Rule Detection | LOLBin Abuse | PowerShell Payload | Suspicious User-Agent / Tool,100,CRITICAL,T1059.001,PowerShell,,,"Security rule fired on: powershell.exe | powershell  -Command ""Add-MpPreference -ExclusionProcess 'C:\Windows\System32\cmd.exe'"" ; Living-off-the-land binary: powershell.exe ; Suspicious PowerShell keyword in command ; Defense evasion keyword: 'add-mppreference -exclusionprocess'"
698,"Jun 1, 2026 @ 14:23:53.311",AH-B1AB19EA,TA0005,Defense Evasion,2,C:\Windows\System32\WindowsPowerShell\v1.0\powershell.exe,C:\Windows\System32\cmd.exe,Defense Evasion | EDR Rule Detection | LOLBin Abuse | PowerShell Payload | Suspicious User-Agent / Tool,100,CRITICAL,T1059.001,PowerShell,,,"Security rule fired on: powershell.exe | powershell  -Command ""Add-MpPreference -ExclusionProcess 'C:\Windows\System32\clip.exe'"" ; Living-off-the-land binary: powershell.exe ; Suspicious PowerShell keyword in command ; Defense evasion keyword: 'add-mppreference -exclusionprocess'"
699,"Jun 1, 2026 @ 14:21:16.667",AH-AD6296C9,TA0003,Persistence,3,C:\Program Files\Microsoft Office\root\Integration\Integrator.exe,,Persistence,40,MEDIUM,T1547.001,Registry Run Keys / Startup Folder,,HKLM\SOFTWARE\Microsoft\Windows NT\CurrentVersion\Image File Execution Options\winword.exe\MitigationOptions,Persistence registry path: hklm\software\microsoft\windows nt\currentversion\image file execution options\winword.exe\mitigationoptions
700,"Jun 1, 2026 @ 14:21:16.772",AH-D0825639,TA0003,Persistence,3,C:\Program Files\Microsoft Office\root\Integration\Integrator.exe,,Persistence,80,CRITICAL,T1547.001,Registry Run Keys / Startup Folder,,HKLM\SOFTWARE\Microsoft\Windows NT\CurrentVersion\Image File Execution Options\clview.exe\MitigationOptions,Persistence registry path: hklm\software\microsoft\windows nt\currentversion\image file execution options\clview.exe\mitigationoptions ; Persistence registry path: hklm\software\microsoft\windows nt\currentversion\image file execution options\graph.exe\mitigationoptions
701,"Jun 1, 2026 @ 14:21:16.773",AH-5540BC28,TA0003,Persistence,3,C:\Program Files\Microsoft Office\root\Integration\Integrator.exe,,Persistence,100,CRITICAL,T1547.001,Registry Run Keys / Startup Folder,,HKLM\SOFTWARE\Microsoft\Windows NT\CurrentVersion\Image File Execution Options\selfcert.exe\MitigationOptions,Persistence registry path: hklm\software\microsoft\windows nt\currentversion\image file execution options\selfcert.exe\mitigationoptions ; Persistence registry path: hklm\software\microsoft\windows nt\currentversion\image file execution options\msohtmed.exe\mitigationoptions ; Persistence registry path: hklm\software\microsoft\windows nt\currentversion\image file execution options\setlang.exe\mitigationoptions ; Persistence registry path: hklm\software\microsoft\windows nt\currentversion\image file execution options\msqry32.exe\mitigationoptions
702,"Jun 1, 2026 @ 14:21:16.774",AH-4D51C3D0,TA0003,Persistence,3,C:\Program Files\Microsoft Office\root\Integration\Integrator.exe,,Persistence,100,CRITICAL,T1547.001,Registry Run Keys / Startup Folder,,HKLM\SOFTWARE\Microsoft\Windows NT\CurrentVersion\Image File Execution Options\msoxmled.exe\MitigationOptions,Persistence registry path: hklm\software\microsoft\windows nt\currentversion\image file execution options\msoxmled.exe\mitigationoptions ; Persistence registry path: hklm\software\microsoft\windows nt\currentversion\image file execution options\excelcnv.exe\mitigationoptions ; Persistence registry path: hklm\software\microsoft\windows nt\currentversion\image file execution options\wordconv.exe\mitigationoptions
703,"Jun 1, 2026 @ 14:21:17.110",AH-0566DC90,TA0003,Persistence,3,C:\Program Files\Microsoft Office\root\Integration\Integrator.exe,,Persistence,40,MEDIUM,T1547.001,Registry Run Keys / Startup Folder,,HKLM\SOFTWARE\Microsoft\Windows NT\CurrentVersion\Image File Execution Options\sdxhelper.exe\MitigationOptions,Persistence registry path: hklm\software\microsoft\windows nt\currentversion\image file execution options\sdxhelper.exe\mitigationoptions
704,"Jun 1, 2026 @ 14:21:17.511",AH-A2A667CC,TA0003,Persistence,3,C:\Program Files\Microsoft Office\root\Integration\Integrator.exe,,Persistence,40,MEDIUM,T1547.001,Registry Run Keys / Startup Folder,,HKLM\SOFTWARE\Microsoft\Windows NT\CurrentVersion\Image File Execution Options\msoasb.exe\MitigationOptions,Persistence registry path: hklm\software\microsoft\windows nt\currentversion\image file execution options\msoasb.exe\mitigationoptions
705,"Jun 1, 2026 @ 14:21:17.516",AH-E33E6B06,TA0003,Persistence,3,C:\Program Files\Microsoft Office\root\Integration\Integrator.exe,,Persistence,40,MEDIUM,T1547.001,Registry Run Keys / Startup Folder,,HKLM\SOFTWARE\Microsoft\Windows NT\CurrentVersion\Image File Execution Options\msoadfsb.exe\MitigationOptions,Persistence registry path: hklm\software\microsoft\windows nt\currentversion\image file execution options\msoadfsb.exe\mitigationoptions
706,"Jun 1, 2026 @ 14:21:18.136",AH-36DD556C,TA0003,Persistence,3,C:\Program Files\Microsoft Office\root\Integration\Integrator.exe,,Persistence,40,MEDIUM,T1547.001,Registry Run Keys / Startup Folder,,HKLM\SOFTWARE\Microsoft\Windows NT\CurrentVersion\Image File Execution Options\mspub.exe\MitigationOptions,Persistence registry path: hklm\software\microsoft\windows nt\currentversion\image file execution options\mspub.exe\mitigationoptions
707,"Jun 1, 2026 @ 14:21:18.168",AH-E369DF94,TA0003,Persistence,3,C:\Program Files\Microsoft Office\root\Integration\Integrator.exe,,Persistence,40,MEDIUM,T1547.001,Registry Run Keys / Startup Folder,,HKLM\SOFTWARE\Microsoft\Windows NT\CurrentVersion\Image File Execution Options\orgchart.exe\MitigationOptions,Persistence registry path: hklm\software\microsoft\windows nt\currentversion\image file execution options\orgchart.exe\mitigationoptions
708,"Jun 1, 2026 @ 14:21:18.169",AH-D1010419,TA0003,Persistence,3,C:\Program Files\Microsoft Office\root\Integration\Integrator.exe,,Persistence,40,MEDIUM,T1547.001,Registry Run Keys / Startup Folder,,HKLM\SOFTWARE\Microsoft\Windows NT\CurrentVersion\Image File Execution Options\powerpnt.exe\MitigationOptions,Persistence registry path: hklm\software\microsoft\windows nt\currentversion\image file execution options\powerpnt.exe\mitigationoptions
709,"Jun 1, 2026 @ 14:21:18.171",AH-7B4669D8,TA0003,Persistence,3,C:\Program Files\Microsoft Office\root\Integration\Integrator.exe,,Persistence,40,MEDIUM,T1547.001,Registry Run Keys / Startup Folder,,HKLM\SOFTWARE\Microsoft\Windows NT\CurrentVersion\Image File Execution Options\msosrec.exe\MitigationOptions,Persistence registry path: hklm\software\microsoft\windows nt\currentversion\image file execution options\msosrec.exe\mitigationoptions
710,"Jun 1, 2026 @ 14:21:18.247",AH-C8A6804A,TA0003,Persistence,3,C:\Program Files\Microsoft Office\root\Integration\Integrator.exe,,Persistence,100,CRITICAL,T1547.001,Registry Run Keys / Startup Folder,,HKLM\SOFTWARE\Microsoft\Windows NT\CurrentVersion\Image File Execution Options\outlook.exe\MitigationOptions,Persistence registry path: hklm\software\microsoft\windows nt\currentversion\image file execution options\outlook.exe\mitigationoptions ; Persistence registry path: hklm\software\microsoft\windows nt\currentversion\image file execution options\cnfnot32.exe\mitigationoptions ; Persistence registry path: hklm\software\microsoft\windows nt\currentversion\image file execution options\scanost.exe\mitigationoptions
711,"Jun 1, 2026 @ 14:21:18.248",AH-4C27EDD1,TA0003,Persistence,3,C:\Program Files\Microsoft Office\root\Integration\Integrator.exe,,Persistence,40,MEDIUM,T1547.001,Registry Run Keys / Startup Folder,,HKLM\SOFTWARE\Microsoft\Windows NT\CurrentVersion\Image File Execution Options\scanpst.exe\MitigationOptions,Persistence registry path: hklm\software\microsoft\windows nt\currentversion\image file execution options\scanpst.exe\mitigationoptions
712,"Jun 1, 2026 @ 14:21:18.303",AH-4ADFAF1F,TA0003,Persistence,3,C:\Program Files\Microsoft Office\root\Integration\Integrator.exe,,Persistence,80,CRITICAL,T1547.001,Registry Run Keys / Startup Folder,,HKLM\SOFTWARE\Microsoft\Windows NT\CurrentVersion\Image File Execution Options\onenote.exe\MitigationOptions,Persistence registry path: hklm\software\microsoft\windows nt\currentversion\image file execution options\onenote.exe\mitigationoptions ; Persistence registry path: hklm\software\microsoft\windows nt\currentversion\image file execution options\onenotem.exe\mitigationoptions
713,"Jun 1, 2026 @ 14:21:18.607",AH-6AAB2EF1,TA0003,Persistence,3,C:\Program Files\Microsoft Office\root\Integration\Integrator.exe,,Persistence,40,MEDIUM,T1547.001,Registry Run Keys / Startup Folder,,HKLM\SOFTWARE\Microsoft\Windows NT\CurrentVersion\Image File Execution Options\lync.exe\MitigationOptions,Persistence registry path: hklm\software\microsoft\windows nt\currentversion\image file execution options\lync.exe\mitigationoptions
714,"Jun 1, 2026 @ 14:21:18.666",AH-35E24B82,TA0003,Persistence,3,C:\Program Files\Microsoft Office\root\Integration\Integrator.exe,,Persistence,40,MEDIUM,T1547.001,Registry Run Keys / Startup Folder,,HKLM\SOFTWARE\Microsoft\Windows NT\CurrentVersion\Image File Execution Options\excel.exe\MitigationOptions,Persistence registry path: hklm\software\microsoft\windows nt\currentversion\image file execution options\excel.exe\mitigationoptions
715,"Jun 1, 2026 @ 14:21:18.729",AH-DE789664,TA0003,Persistence,3,C:\Program Files\Microsoft Office\root\Integration\Integrator.exe,,Persistence,40,MEDIUM,T1547.001,Registry Run Keys / Startup Folder,,HKLM\SOFTWARE\Microsoft\Windows NT\CurrentVersion\Image File Execution Options\msaccess.exe\MitigationOptions,Persistence registry path: hklm\software\microsoft\windows nt\currentversion\image file execution options\msaccess.exe\mitigationoptions
716,"Jun 1, 2026 @ 14:21:23.426",AH-A35E4BA1,TA0011,Command and Control,9,C:\Program Files\Microsoft OneDrive\OneDriveStandaloneUpdater.exe,,External Communication,15,INFO,,,52.168.112.66,,Outbound to external IP: 52.168.112.66
717,"Jun 1, 2026 @ 14:21:23.447",AH-18EC4487,TA0011,Command and Control,9,C:\Program Files\Microsoft OneDrive\OneDriveStandaloneUpdater.exe,,External Communication,15,INFO,,,52.168.112.66,,Outbound to external IP: 52.168.112.66
718,"Jun 1, 2026 @ 14:21:58.960",AH-F3808581,TA0011,Command and Control,9,C:\Program Files\Microsoft Office\root\vfs\ProgramFilesCommonX64\Microsoft Shared\Office16\OLicenseHeartbeat.exe,,External Communication,15,INFO,,,20.42.65.90,,Outbound to external IP: 20.42.65.90
719,"Jun 1, 2026 @ 14:21:59.969",AH-77AA49B6,TA0011,Command and Control,9,C:\Program Files\Microsoft Office\root\vfs\ProgramFilesCommonX64\Microsoft Shared\Office16\OLicenseHeartbeat.exe,,External Communication,15,INFO,,,20.42.65.90,,Outbound to external IP: 20.42.65.90
720,"Jun 1, 2026 @ 14:22:58.474",AH-B0A732D9,TA0011,Command and Control,9,C:\Windows\System32\WindowsPowerShell\v1.0\powershell.exe,,External Communication | LOLBin Abuse,40,MEDIUM,T1059.001,PowerShell,217.160.0.149,,Living-off-the-land binary: powershell.exe ; Outbound to external IP: 217.160.0.149
721,"Jun 1, 2026 @ 14:23:19.842",AH-EAAA5B63,TA0011,Command and Control,9,C:\Windows\System32\curl.exe,,External Communication | LOLBin Abuse,40,MEDIUM,T1016,System Network Config Discovery,34.117.59.81,,Living-off-the-land binary: curl.exe ; Outbound to external IP: 34.117.59.81
722,"Jun 1, 2026 @ 14:23:20.035",AH-F62F6AD2,TA0011,Command and Control,9,C:\Windows\System32\lsass.exe,,External Communication | Sigma Match,60,HIGH,T1003.001,,103.243.115.105,,Outbound to external IP: 103.243.115.105 ; Unusual process accessing LSASS memory
723,"Jun 1, 2026 @ 14:23:20.048",AH-E95CEC62,TA0011,Command and Control,9,C:\Windows\System32\lsass.exe,,External Communication | Sigma Match,60,HIGH,T1003.001,,103.243.115.105,,Outbound to external IP: 103.243.115.105 ; Unusual process accessing LSASS memory
724,"Jun 1, 2026 @ 14:23:20.090",AH-72877E7A,TA0011,Command and Control,9,C:\Windows\System32\lsass.exe,,External Communication | Sigma Match,60,HIGH,T1003.001,,23.37.85.99,,Outbound to external IP: 23.37.85.99 ; Unusual process accessing LSASS memory
725,"Jun 1, 2026 @ 14:23:20.181",AH-DA8D6BE4,TA0011,Command and Control,9,C:\Windows\System32\lsass.exe,,External Communication | Sigma Match,60,HIGH,T1003.001,,104.18.20.213,,Outbound to external IP: 104.18.20.213 ; Unusual process accessing LSASS memory
726,"Jun 1, 2026 @ 14:23:34.052",AH-C7BC6DAC,TA0011,Command and Control,9,C:\Program Files\Microsoft Office\root\Office16\EXCEL.EXE,C:\Windows\explorer.exe,Network Outlier | Rare Parent-Child,30,LOW,,,,,Rare process pair: explorer.exe->excel.exe ; High distinct destinations for excel.exe
727,"Jun 1, 2026 @ 14:23:34.518",AH-0B9F7B5B,TA0011,Command and Control,9,C:\Program Files\Microsoft Office\root\Office16\EXCEL.EXE,,Network Outlier,15,INFO,,,,,High distinct destinations for excel.exe
728,"Jun 1, 2026 @ 14:23:34.564",AH-5DC5ACCB,TA0011,Command and Control,9,C:\Program Files\Microsoft Office\root\Office16\EXCEL.EXE,,Network Outlier,15,INFO,,,,,High distinct destinations for excel.exe
729,"Jun 1, 2026 @ 14:23:34.662",AH-1EF85EA1,TA0011,Command and Control,9,C:\Program Files\Microsoft Office\root\Office16\EXCEL.EXE,,Network Outlier,15,INFO,,,,,High distinct destinations for excel.exe
730,"Jun 1, 2026 @ 14:23:34.669",AH-87BABFEA,TA0011,Command and Control,9,C:\Program Files\Microsoft Office\root\Office16\EXCEL.EXE,,Network Outlier,15,INFO,,,,,High distinct destinations for excel.exe
731,"Jun 1, 2026 @ 14:23:34.849",AH-60888FE1,TA0011,Command and Control,9,C:\Program Files\Microsoft Office\root\Office16\EXCEL.EXE,,Network Outlier,15,INFO,,,,,High distinct destinations for excel.exe
732,"Jun 1, 2026 @ 14:23:34.853",AH-333E3CB2,TA0011,Command and Control,9,C:\Program Files\Microsoft Office\root\Office16\EXCEL.EXE,,Network Outlier,15,INFO,,,,,High distinct destinations for excel.exe
733,"Jun 1, 2026 @ 14:23:34.873",AH-C4C05ED8,TA0011,Command and Control,9,C:\Program Files\Microsoft Office\root\Office16\EXCEL.EXE,,Network Outlier,30,LOW,,,,HKEY_USERS\S-1-5-21-3330616437-3750286687-2521933251-1001\Software\Microsoft\Windows\CurrentVersion\Internet Settings\ZoneMap\ProxyBypass,High distinct destinations for excel.exe
734,"Jun 1, 2026 @ 14:23:34.874",AH-8559EC55,TA0011,Command and Control,9,C:\Program Files\Microsoft Office\root\Office16\EXCEL.EXE,,Network Outlier,15,INFO,,,,HKEY_USERS\S-1-5-21-3330616437-3750286687-2521933251-1001\Software\Microsoft\Windows\CurrentVersion\Internet Settings\ZoneMap\UNCAsIntranet,High distinct destinations for excel.exe
735,"Jun 1, 2026 @ 14:23:34.875",AH-F11BE5B4,TA0011,Command and Control,9,C:\Program Files\Microsoft Office\root\Office16\EXCEL.EXE,,Network Outlier,15,INFO,,,,HKEY_USERS\S-1-5-21-3330616437-3750286687-2521933251-1001\Software\Microsoft\Windows\CurrentVersion\Internet Settings\ZoneMap\AutoDetect,High distinct destinations for excel.exe
736,"Jun 1, 2026 @ 14:23:34.876",AH-532A118A,TA0011,Command and Control,9,C:\Program Files\Microsoft Office\root\Office16\EXCEL.EXE,,Network Outlier,15,INFO,,,,,High distinct destinations for excel.exe
737,"Jun 1, 2026 @ 14:23:34.878",AH-638FDDC6,TA0011,Command and Control,9,C:\Program Files\Microsoft Office\root\Office16\EXCEL.EXE,,Network Outlier,15,INFO,,,,,High distinct destinations for excel.exe
738,"Jun 1, 2026 @ 14:23:34.892",AH-401C9844,TA0011,Command and Control,9,C:\Program Files\Microsoft Office\root\Office16\EXCEL.EXE,,Network Outlier,15,INFO,,,,,High distinct destinations for excel.exe
739,"Jun 1, 2026 @ 14:23:34.907",AH-A2B8B475,TA0011,Command and Control,9,C:\Program Files\Microsoft Office\root\Office16\EXCEL.EXE,,Network Outlier,15,INFO,,,,,High distinct destinations for excel.exe
740,"Jun 1, 2026 @ 14:23:34.913",AH-9313DF8D,TA0011,Command and Control,9,C:\Program Files\Microsoft Office\root\Office16\EXCEL.EXE,,Network Outlier,15,INFO,,,,,High distinct destinations for excel.exe
741,"Jun 1, 2026 @ 14:23:34.944",AH-0D042ABD,TA0011,Command and Control,9,C:\Program Files\Microsoft Office\root\Office16\EXCEL.EXE,,Network Outlier,15,INFO,,,,,High distinct destinations for excel.exe
742,"Jun 1, 2026 @ 14:23:35.049",AH-DE08BA84,TA0011,Command and Control,9,C:\Program Files\Microsoft Office\root\Office16\EXCEL.EXE,,Network Outlier,15,INFO,,,,,High distinct destinations for excel.exe
743,"Jun 1, 2026 @ 14:23:35.057",AH-F2C095AD,TA0011,Command and Control,9,C:\Program Files\Microsoft Office\root\Office16\EXCEL.EXE,,Network Outlier,15,INFO,,,,,High distinct destinations for excel.exe
744,"Jun 1, 2026 @ 14:23:35.104",AH-45B7F607,TA0011,Command and Control,9,C:\Program Files\Microsoft Office\root\Office16\EXCEL.EXE,,Network Outlier,15,INFO,,,,,High distinct destinations for excel.exe
745,"Jun 1, 2026 @ 14:23:35.121",AH-93477E90,TA0011,Command and Control,9,C:\Program Files\Microsoft Office\root\Office16\EXCEL.EXE,,Network Outlier,15,INFO,,,52.123.129.14,,High distinct destinations for excel.exe
746,"Jun 1, 2026 @ 14:23:35.253",AH-D77E2E61,TA0011,Command and Control,9,C:\Program Files\Microsoft Office\root\Office16\EXCEL.EXE,,Network Outlier,15,INFO,,,,,High distinct destinations for excel.exe
747,"Jun 1, 2026 @ 14:23:35.313",AH-6C4E206E,TA0011,Command and Control,9,C:\Program Files\Microsoft Office\root\Office16\EXCEL.EXE,,Network Outlier,15,INFO,,,,,High distinct destinations for excel.exe
748,"Jun 1, 2026 @ 14:23:35.319",AH-6B3DC0C4,TA0011,Command and Control,9,C:\Program Files\Microsoft Office\root\Office16\EXCEL.EXE,,Network Outlier,15,INFO,,,52.110.14.133,,High distinct destinations for excel.exe
749,"Jun 1, 2026 @ 14:23:35.632",AH-9C826612,TA0011,Command and Control,9,C:\Program Files\Microsoft Office\root\Office16\EXCEL.EXE,,Network Outlier,15,INFO,,,,,High distinct destinations for excel.exe
750,"Jun 1, 2026 @ 14:23:35.796",AH-7A950E9D,TA0011,Command and Control,9,C:\Program Files\Microsoft Office\root\Office16\EXCEL.EXE,,Network Outlier,15,INFO,,,,,High distinct destinations for excel.exe
751,"Jun 1, 2026 @ 14:23:36.117",AH-06B108AA,TA0011,Command and Control,9,C:\Program Files\Microsoft Office\root\Office16\EXCEL.EXE,,Network Outlier,15,INFO,,,,,High distinct destinations for excel.exe
752,"Jun 1, 2026 @ 14:23:36.179",AH-A54F18DE,TA0011,Command and Control,9,C:\Program Files\Microsoft Office\root\Office16\EXCEL.EXE,,Network Outlier,15,INFO,,,,,High distinct destinations for excel.exe
753,"Jun 1, 2026 @ 14:23:36.240",AH-C84E058A,TA0011,Command and Control,9,C:\Program Files\Microsoft Office\root\Office16\EXCEL.EXE,,Network Outlier,15,INFO,,,52.110.14.182,,High distinct destinations for excel.exe
754,"Jun 1, 2026 @ 14:23:36.319",AH-B745163B,TA0011,Command and Control,9,C:\Program Files\Microsoft Office\root\Office16\EXCEL.EXE,,Network Outlier,30,LOW,,,,,High distinct destinations for excel.exe
755,"Jun 1, 2026 @ 14:23:36.326",AH-4E02612E,TA0011,Command and Control,9,C:\Program Files\Microsoft Office\root\Office16\EXCEL.EXE,,External Communication | Network Outlier,30,LOW,,,103.243.115.105,,Outbound to external IP: 103.243.115.105 ; High distinct destinations for excel.exe
756,"Jun 1, 2026 @ 14:23:36.373",AH-98851EA4,TA0011,Command and Control,9,C:\Program Files\Microsoft Office\root\Office16\EXCEL.EXE,,External Communication | Network Outlier,30,LOW,,,103.243.115.105,,Outbound to external IP: 103.243.115.105 ; High distinct destinations for excel.exe
757,"Jun 1, 2026 @ 14:23:36.490",AH-1E6C3370,TA0011,Command and Control,9,C:\Program Files\Microsoft Office\root\Office16\EXCEL.EXE,,Network Outlier,15,INFO,,,,,High distinct destinations for excel.exe
758,"Jun 1, 2026 @ 14:23:36.517",AH-AF975223,TA0011,Command and Control,9,C:\Program Files\Microsoft Office\root\Office16\EXCEL.EXE,,Network Outlier,15,INFO,,,,,High distinct destinations for excel.exe
759,"Jun 1, 2026 @ 14:23:36.524",AH-1669FDA1,TA0011,Command and Control,9,C:\Program Files\Microsoft Office\root\Office16\EXCEL.EXE,,Network Outlier,30,LOW,,,,,High distinct destinations for excel.exe
760,"Jun 1, 2026 @ 14:23:36.527",AH-D8E42106,TA0011,Command and Control,9,C:\Program Files\Microsoft Office\root\Office16\EXCEL.EXE,,Network Outlier,15,INFO,,,,,High distinct destinations for excel.exe
761,"Jun 1, 2026 @ 14:23:36.532",AH-894D4EA0,TA0011,Command and Control,9,C:\Program Files\Microsoft Office\root\Office16\EXCEL.EXE,,Network Outlier,15,INFO,,,,,High distinct destinations for excel.exe
762,"Jun 1, 2026 @ 14:23:36.544",AH-BF1FAA29,TA0011,Command and Control,9,C:\Program Files\Microsoft Office\root\Office16\EXCEL.EXE,,Network Outlier,15,INFO,,,,,High distinct destinations for excel.exe
763,"Jun 1, 2026 @ 14:23:36.548",AH-B9106055,TA0011,Command and Control,9,C:\Program Files\Microsoft Office\root\Office16\EXCEL.EXE,,Network Outlier,15,INFO,,,,,High distinct destinations for excel.exe
764,"Jun 1, 2026 @ 14:23:36.553",AH-97D363D1,TA0011,Command and Control,9,C:\Program Files\Microsoft Office\root\Office16\EXCEL.EXE,,Network Outlier,15,INFO,,,,,High distinct destinations for excel.exe
765,"Jun 1, 2026 @ 14:23:36.584",AH-BD8BDC61,TA0011,Command and Control,9,C:\Program Files\Microsoft Office\root\Office16\EXCEL.EXE,,Network Outlier,15,INFO,,,,,High distinct destinations for excel.exe
766,"Jun 1, 2026 @ 14:23:36.588",AH-826B6317,TA0011,Command and Control,9,C:\Program Files\Microsoft Office\root\Office16\EXCEL.EXE,,Network Outlier,15,INFO,,,,,High distinct destinations for excel.exe
767,"Jun 1, 2026 @ 14:23:36.600",AH-92A4A688,TA0011,Command and Control,9,C:\Program Files\Microsoft Office\root\Office16\EXCEL.EXE,,Network Outlier,15,INFO,,,,,High distinct destinations for excel.exe
768,"Jun 1, 2026 @ 14:23:36.603",AH-0A692075,TA0011,Command and Control,9,C:\Program Files\Microsoft Office\root\Office16\EXCEL.EXE,,Network Outlier,15,INFO,,,,,High distinct destinations for excel.exe
769,"Jun 1, 2026 @ 14:23:36.925",AH-8781D4ED,TA0011,Command and Control,9,C:\Program Files\Microsoft Office\root\Office16\EXCEL.EXE,,Network Outlier,15,INFO,,,,,High distinct destinations for excel.exe
770,"Jun 1, 2026 @ 14:23:36.936",AH-F3A27DC1,TA0011,Command and Control,9,C:\Program Files\Microsoft Office\root\Office16\EXCEL.EXE,,Network Outlier,15,INFO,,,,,High distinct destinations for excel.exe
771,"Jun 1, 2026 @ 14:23:36.941",AH-1432A2B5,TA0011,Command and Control,9,C:\Program Files\Microsoft Office\root\Office16\EXCEL.EXE,,Network Outlier,15,INFO,,,,,High distinct destinations for excel.exe
772,"Jun 1, 2026 @ 14:23:36.964",AH-B06E1AB8,TA0011,Command and Control,9,C:\Program Files\Microsoft Office\root\Office16\EXCEL.EXE,,Network Outlier,15,INFO,,,,,High distinct destinations for excel.exe
773,"Jun 1, 2026 @ 14:23:37.156",AH-37783366,TA0011,Command and Control,9,C:\Program Files\Microsoft Office\root\Office16\EXCEL.EXE,,Network Outlier,15,INFO,,,,,High distinct destinations for excel.exe
774,"Jun 1, 2026 @ 14:23:37.213",AH-76ECC783,TA0011,Command and Control,9,C:\Program Files\Microsoft Office\root\Office16\EXCEL.EXE,,Network Outlier,15,INFO,,,,,High distinct destinations for excel.exe
775,"Jun 1, 2026 @ 14:23:37.216",AH-B30B639D,TA0011,Command and Control,9,C:\Program Files\Microsoft Office\root\Office16\EXCEL.EXE,,Network Outlier,15,INFO,,,,,High distinct destinations for excel.exe
776,"Jun 1, 2026 @ 14:23:37.222",AH-202DD697,TA0011,Command and Control,9,C:\Program Files\Microsoft Office\root\Office16\EXCEL.EXE,,Network Outlier,15,INFO,,,,,High distinct destinations for excel.exe
777,"Jun 1, 2026 @ 14:23:37.229",AH-126AFC14,TA0011,Command and Control,9,C:\Program Files\Microsoft Office\root\Office16\EXCEL.EXE,,Network Outlier,15,INFO,,,,HKEY_USERS\S-1-5-21-3330616437-3750286687-2521933251-1001\Software\Microsoft\Windows\CurrentVersion\Internet Settings\5.0\Cache\Content\CachePrefix,High distinct destinations for excel.exe
778,"Jun 1, 2026 @ 14:23:37.232",AH-D893A53D,TA0011,Command and Control,9,C:\Program Files\Microsoft Office\root\Office16\EXCEL.EXE,,Network Outlier,15,INFO,,,,HKEY_USERS\S-1-5-21-3330616437-3750286687-2521933251-1001\Software\Microsoft\Windows\CurrentVersion\Internet Settings\5.0\Cache\Cookies\CachePrefix,High distinct destinations for excel.exe
779,"Jun 1, 2026 @ 14:23:37.235",AH-DE5BDC46,TA0011,Command and Control,9,C:\Program Files\Microsoft Office\root\Office16\EXCEL.EXE,,Network Outlier,15,INFO,,,,HKEY_USERS\S-1-5-21-3330616437-3750286687-2521933251-1001\Software\Microsoft\Windows\CurrentVersion\Internet Settings\5.0\Cache\History\CachePrefix,High distinct destinations for excel.exe
780,"Jun 1, 2026 @ 14:23:37.248",AH-96380A9F,TA0011,Command and Control,9,C:\Program Files\Microsoft Office\root\Office16\EXCEL.EXE,,Network Outlier,15,INFO,,,,,High distinct destinations for excel.exe
781,"Jun 1, 2026 @ 14:23:37.283",AH-5B6FA362,TA0011,Command and Control,9,C:\Program Files\Microsoft Office\root\Office16\EXCEL.EXE,,Network Outlier,15,INFO,,,,,High distinct destinations for excel.exe
782,"Jun 1, 2026 @ 14:23:37.291",AH-A0245C54,TA0011,Command and Control,9,C:\Program Files\Microsoft Office\root\Office16\EXCEL.EXE,,Network Outlier,15,INFO,,,40.104.66.98,,High distinct destinations for excel.exe
783,"Jun 1, 2026 @ 14:23:37.295",AH-6E19BD5A,TA0011,Command and Control,9,C:\Program Files\Microsoft Office\root\Office16\EXCEL.EXE,,Network Outlier,15,INFO,,,40.104.66.98,,High distinct destinations for excel.exe
784,"Jun 1, 2026 @ 14:23:38.253",AH-5BF3B096,TA0011,Command and Control,9,C:\Program Files\Microsoft Office\root\Office16\EXCEL.EXE,,Network Outlier,15,INFO,,,,,High distinct destinations for excel.exe
785,"Jun 1, 2026 @ 14:23:38.427",AH-6E591700,TA0011,Command and Control,9,C:\Program Files\Microsoft Office\root\Office16\EXCEL.EXE,,Network Outlier,15,INFO,,,,HKLM\SYSTEM\ControlSet001\Control\SystemInformation\SystemManufacturer,High distinct destinations for excel.exe
786,"Jun 1, 2026 @ 14:23:38.477",AH-1A40DA0E,TA0011,Command and Control,9,C:\Program Files\Microsoft Office\root\Office16\EXCEL.EXE,,Network Outlier,15,INFO,,,52.110.14.182,,High distinct destinations for excel.exe
787,"Jun 1, 2026 @ 14:23:38.820",AH-97E99471,TA0011,Command and Control,9,C:\Program Files\Microsoft Office\root\Office16\EXCEL.EXE,,Network Outlier,15,INFO,,,,,High distinct destinations for excel.exe
788,"Jun 1, 2026 @ 14:23:39.499",AH-49ACCE73,TA0011,Command and Control,9,C:\Program Files\Microsoft Office\root\Office16\EXCEL.EXE,,Network Outlier,15,INFO,,,,,High distinct destinations for excel.exe
789,"Jun 1, 2026 @ 14:23:39.514",AH-92814DE8,TA0011,Command and Control,9,C:\Program Files\Microsoft Office\root\Office16\EXCEL.EXE,,Network Outlier,15,INFO,,,,,High distinct destinations for excel.exe
790,"Jun 1, 2026 @ 14:23:39.519",AH-6A09F033,TA0011,Command and Control,9,C:\Program Files\Microsoft Office\root\Office16\EXCEL.EXE,,Network Outlier,15,INFO,,,,,High distinct destinations for excel.exe
791,"Jun 1, 2026 @ 14:23:39.527",AH-4ADFB6EF,TA0011,Command and Control,9,C:\Program Files\Microsoft Office\root\Office16\EXCEL.EXE,,Network Outlier,15,INFO,,,,,High distinct destinations for excel.exe
792,"Jun 1, 2026 @ 14:23:39.592",AH-218D9BE3,TA0011,Command and Control,9,C:\Program Files\Microsoft Office\root\Office16\EXCEL.EXE,,Network Outlier,15,INFO,,,,,High distinct destinations for excel.exe
793,"Jun 1, 2026 @ 14:23:39.623",AH-6E9F111E,TA0011,Command and Control,9,C:\Program Files\Microsoft Office\root\Office16\EXCEL.EXE,,Network Outlier,15,INFO,,,52.110.14.134,,High distinct destinations for excel.exe
794,"Jun 1, 2026 @ 14:23:39.674",AH-E7D3F58D,TA0011,Command and Control,9,C:\Program Files\Microsoft Office\root\Office16\EXCEL.EXE,,Network Outlier,15,INFO,,,,,High distinct destinations for excel.exe
795,"Jun 1, 2026 @ 14:23:39.750",AH-A5B9BB65,TA0011,Command and Control,9,C:\Program Files\Microsoft Office\root\Office16\EXCEL.EXE,,Network Outlier,15,INFO,,,52.110.14.133,,High distinct destinations for excel.exe
796,"Jun 1, 2026 @ 14:23:39.859",AH-0130A28A,TA0011,Command and Control,9,C:\Program Files\Microsoft Office\root\Office16\EXCEL.EXE,,External Communication | Network Outlier,30,LOW,,,52.111.225.4,,Outbound to external IP: 52.111.225.4 ; High distinct destinations for excel.exe
797,"Jun 1, 2026 @ 14:23:40.419",AH-655E1992,TA0011,Command and Control,9,C:\Windows\System32\smartscreen.exe,,External Communication,15,INFO,,,20.18.192.154,,Outbound to external IP: 20.18.192.154
798,"Jun 1, 2026 @ 14:23:41.179",AH-CF3FC301,TA0011,Command and Control,9,C:\Windows\System32\smartscreen.exe,,External Communication,15,INFO,,,20.18.192.154,,Outbound to external IP: 20.18.192.154
799,"Jun 1, 2026 @ 14:23:41.462",AH-E02C2BE9,TA0011,Command and Control,9,C:\Program Files\Microsoft Office\root\Office16\EXCEL.EXE,,Network Outlier,15,INFO,,,,,High distinct destinations for excel.exe
800,"Jun 1, 2026 @ 14:23:41.811",AH-EA635B76,TA0011,Command and Control,9,C:\Program Files\Microsoft Office\root\Office16\EXCEL.EXE,,Network Outlier,15,INFO,,,,,High distinct destinations for excel.exe
801,"Jun 1, 2026 @ 14:23:41.917",AH-598D6469,TA0011,Command and Control,9,C:\Program Files\Microsoft Office\root\Office16\EXCEL.EXE,,Network Outlier,15,INFO,,,52.110.14.133,,High distinct destinations for excel.exe
802,"Jun 1, 2026 @ 14:23:42.488",AH-BBD7C01E,TA0011,Command and Control,9,C:\Program Files\Microsoft Office\root\Office16\EXCEL.EXE,,Network Outlier,15,INFO,,,,,High distinct destinations for excel.exe
803,"Jun 1, 2026 @ 14:23:42.603",AH-BA7C2D9C,TA0011,Command and Control,9,C:\Program Files\Microsoft Office\root\Office16\EXCEL.EXE,,Network Outlier,15,INFO,,,,,High distinct destinations for excel.exe
804,"Jun 1, 2026 @ 14:23:48.498",AH-272C0BDA,TA0011,Command and Control,9,C:\Program Files\Microsoft Office\root\Office16\EXCEL.EXE,,Network Outlier,15,INFO,,,,,High distinct destinations for excel.exe
805,"Jun 1, 2026 @ 14:23:48.505",AH-66A157ED,TA0011,Command and Control,9,C:\Program Files\Microsoft Office\root\Office16\EXCEL.EXE,,Network Outlier,15,INFO,,,,,High distinct destinations for excel.exe
806,"Jun 1, 2026 @ 14:23:48.511",AH-53383284,TA0011,Command and Control,9,C:\Program Files\Microsoft Office\root\Office16\EXCEL.EXE,,Network Outlier,15,INFO,,,40.104.66.242,,High distinct destinations for excel.exe
807,"Jun 1, 2026 @ 14:23:49.058",AH-3FD9AEE5,TA0011,Command and Control,9,C:\Program Files\Microsoft Office\root\Office16\EXCEL.EXE,,Network Outlier,15,INFO,,,,,High distinct destinations for excel.exe
808,"Jun 1, 2026 @ 14:23:49.067",AH-01349BF5,TA0011,Command and Control,9,C:\Program Files\Microsoft Office\root\Office16\EXCEL.EXE,,Network Outlier,15,INFO,,,,,High distinct destinations for excel.exe
809,"Jun 1, 2026 @ 14:23:49.093",AH-AE7D43DC,TA0011,Command and Control,9,C:\Program Files\Microsoft Office\root\Office16\EXCEL.EXE,,Network Outlier,15,INFO,,,,,High distinct destinations for excel.exe
810,"Jun 1, 2026 @ 14:23:49.099",AH-BDFB7BBD,TA0011,Command and Control,9,C:\Program Files\Microsoft Office\root\Office16\EXCEL.EXE,,Network Outlier,15,INFO,,,,,High distinct destinations for excel.exe
811,"Jun 1, 2026 @ 14:23:49.103",AH-F4589DD1,TA0011,Command and Control,9,C:\Program Files\Microsoft Office\root\Office16\EXCEL.EXE,,Network Outlier,15,INFO,,,,,High distinct destinations for excel.exe
812,"Jun 1, 2026 @ 14:23:49.105",AH-C528327D,TA0011,Command and Control,9,C:\Program Files\Microsoft Office\root\Office16\EXCEL.EXE,,Network Outlier,15,INFO,,,,,High distinct destinations for excel.exe
813,"Jun 1, 2026 @ 14:23:49.225",AH-D23A8070,TA0011,Command and Control,9,C:\Program Files\Microsoft Office\root\Office16\EXCEL.EXE,,External Communication | Network Outlier,30,LOW,,,40.74.98.192,,Outbound to external IP: 40.74.98.192 ; High distinct destinations for excel.exe
814,"Jun 1, 2026 @ 14:23:49.805",AH-5CA1B46D,TA0011,Command and Control,9,C:\Program Files\Microsoft Office\root\Office16\EXCEL.EXE,,Network Outlier,15,INFO,,,,,High distinct destinations for excel.exe
815,"Jun 1, 2026 @ 14:23:49.811",AH-87420F63,TA0011,Command and Control,9,C:\Program Files\Microsoft Office\root\Office16\EXCEL.EXE,,Network Outlier,15,INFO,,,,,High distinct destinations for excel.exe
816,"Jun 1, 2026 @ 14:23:49.815",AH-5545337C,TA0011,Command and Control,9,C:\Program Files\Microsoft Office\root\Office16\EXCEL.EXE,,Network Outlier,15,INFO,,,,,High distinct destinations for excel.exe
817,"Jun 1, 2026 @ 14:23:49.816",AH-EA2DF7BC,TA0011,Command and Control,9,C:\Program Files\Microsoft Office\root\Office16\EXCEL.EXE,,Network Outlier,15,INFO,,,,,High distinct destinations for excel.exe
818,"Jun 1, 2026 @ 14:23:49.818",AH-55CD4849,TA0011,Command and Control,9,C:\Program Files\Microsoft Office\root\Office16\EXCEL.EXE,,Network Outlier,15,INFO,,,,,High distinct destinations for excel.exe
819,"Jun 1, 2026 @ 14:23:50.130",AH-DB3DB75A,TA0011,Command and Control,9,C:\Program Files\Microsoft Office\root\Office16\EXCEL.EXE,,Network Outlier,15,INFO,,,,,High distinct destinations for excel.exe
820,"Jun 1, 2026 @ 14:23:50.158",AH-86295928,TA0011,Command and Control,9,C:\Program Files\Microsoft Office\root\Office16\EXCEL.EXE,,Network Outlier,15,INFO,,,,,High distinct destinations for excel.exe
821,"Jun 1, 2026 @ 14:23:50.408",AH-2D01E0FB,TA0011,Command and Control,9,C:\Program Files\Microsoft Office\root\Office16\EXCEL.EXE,,External Communication | Network Outlier,30,LOW,,,52.109.0.35,,Outbound to external IP: 52.109.0.35 ; High distinct destinations for excel.exe
822,"Jun 1, 2026 @ 14:23:51.253",AH-D5D87506,TA0011,Command and Control,9,C:\Program Files\Microsoft Office\root\Office16\EXCEL.EXE,,Network Outlier,15,INFO,,,,,High distinct destinations for excel.exe
823,"Jun 1, 2026 @ 14:23:51.265",AH-FC135ACE,TA0011,Command and Control,9,C:\Program Files\Microsoft Office\root\Office16\EXCEL.EXE,,Network Outlier,15,INFO,,,,,High distinct destinations for excel.exe
824,"Jun 1, 2026 @ 14:23:57.372",AH-BD9EEEFB,TA0011,Command and Control,9,C:\Program Files\Microsoft Office\root\Office16\EXCEL.EXE,,Network Outlier,15,INFO,,,,,High distinct destinations for excel.exe
825,"Jun 1, 2026 @ 14:23:57.375",AH-6ADF9A51,TA0011,Command and Control,9,C:\Program Files\Microsoft Office\root\Office16\EXCEL.EXE,,Network Outlier,15,INFO,,,,,High distinct destinations for excel.exe
826,"Jun 1, 2026 @ 14:23:57.395",AH-FD22C573,TA0011,Command and Control,9,C:\Program Files\Microsoft Office\root\Office16\EXCEL.EXE,,Network Outlier,15,INFO,,,,,High distinct destinations for excel.exe
827,"Jun 1, 2026 @ 14:23:57.946",AH-D98B1FE4,TA0011,Command and Control,9,C:\Program Files\Microsoft Office\root\Office16\EXCEL.EXE,,Network Outlier,15,INFO,,,,,High distinct destinations for excel.exe
828,"Jun 1, 2026 @ 14:23:57.953",AH-68AF7562,TA0011,Command and Control,9,C:\Program Files\Microsoft Office\root\Office16\EXCEL.EXE,,Network Outlier,15,INFO,,,,,High distinct destinations for excel.exe
829,"Jun 1, 2026 @ 14:23:57.961",AH-F94A537C,TA0011,Command and Control,9,C:\Program Files\Microsoft Office\root\Office16\EXCEL.EXE,,Network Outlier,15,INFO,,,,,High distinct destinations for excel.exe
830,"Jun 1, 2026 @ 14:23:57.965",AH-22F68B5D,TA0011,Command and Control,9,C:\Program Files\Microsoft Office\root\Office16\EXCEL.EXE,,Network Outlier,15,INFO,,,,,High distinct destinations for excel.exe
831,"Jun 1, 2026 @ 14:23:57.972",AH-D24861B7,TA0011,Command and Control,9,C:\Program Files\Microsoft Office\root\Office16\EXCEL.EXE,,Network Outlier,15,INFO,,,,,High distinct destinations for excel.exe
832,"Jun 1, 2026 @ 14:23:57.978",AH-8A2841F8,TA0011,Command and Control,9,C:\Program Files\Microsoft Office\root\Office16\EXCEL.EXE,,Network Outlier,15,INFO,,,,,High distinct destinations for excel.exe
833,"Jun 1, 2026 @ 14:23:58.056",AH-D826B8BC,TA0011,Command and Control,9,C:\Program Files\Microsoft Office\root\Office16\EXCEL.EXE,,Network Outlier,15,INFO,,,,,High distinct destinations for excel.exe
834,"Jun 1, 2026 @ 14:23:58.067",AH-6919AE07,TA0011,Command and Control,9,C:\Program Files\Microsoft Office\root\Office16\EXCEL.EXE,,Network Outlier,15,INFO,,,,,High distinct destinations for excel.exe
835,"Jun 1, 2026 @ 14:23:58.085",AH-328C6276,TA0011,Command and Control,9,C:\Program Files\Microsoft Office\root\Office16\EXCEL.EXE,,Network Outlier,30,LOW,,,,,High distinct destinations for excel.exe
836,"Jun 1, 2026 @ 14:23:58.107",AH-381D634E,TA0011,Command and Control,9,C:\Program Files\Microsoft Office\root\Office16\EXCEL.EXE,,Network Outlier,15,INFO,,,,,High distinct destinations for excel.exe
837,"Jun 1, 2026 @ 14:23:58.123",AH-DC0EA031,TA0011,Command and Control,9,C:\Program Files\Microsoft Office\root\Office16\EXCEL.EXE,,Network Outlier,15,INFO,,,,,High distinct destinations for excel.exe
838,"Jun 1, 2026 @ 14:23:58.166",AH-C2C04165,TA0011,Command and Control,9,C:\Program Files\Microsoft Office\root\Office16\EXCEL.EXE,,Network Outlier,15,INFO,,,,,High distinct destinations for excel.exe
839,"Jun 1, 2026 @ 14:23:58.167",AH-AD0CD0DE,TA0011,Command and Control,9,C:\Program Files\Microsoft Office\root\Office16\EXCEL.EXE,,Network Outlier,15,INFO,,,,,High distinct destinations for excel.exe
840,"Jun 1, 2026 @ 14:23:58.173",AH-FB8C1402,TA0011,Command and Control,9,C:\Program Files\Microsoft Office\root\Office16\EXCEL.EXE,,Network Outlier,15,INFO,,,,,High distinct destinations for excel.exe
841,"Jun 1, 2026 @ 14:23:58.174",AH-6397D903,TA0011,Command and Control,9,C:\Program Files\Microsoft Office\root\Office16\EXCEL.EXE,,Network Outlier,15,INFO,,,,,High distinct destinations for excel.exe
842,"Jun 1, 2026 @ 14:23:58.180",AH-E1BC0EE2,TA0011,Command and Control,9,C:\Program Files\Microsoft Office\root\Office16\EXCEL.EXE,,Network Outlier,15,INFO,,,,,High distinct destinations for excel.exe
843,"Jun 1, 2026 @ 14:23:58.181",AH-1C74C98D,TA0011,Command and Control,9,C:\Program Files\Microsoft Office\root\Office16\EXCEL.EXE,,Network Outlier,15,INFO,,,,,High distinct destinations for excel.exe
844,"Jun 1, 2026 @ 14:23:58.188",AH-9805D517,TA0011,Command and Control,9,C:\Program Files\Microsoft Office\root\Office16\EXCEL.EXE,,Network Outlier,15,INFO,,,,,High distinct destinations for excel.exe
845,"Jun 1, 2026 @ 14:23:58.189",AH-BBD218E8,TA0011,Command and Control,9,C:\Program Files\Microsoft Office\root\Office16\EXCEL.EXE,,Network Outlier,15,INFO,,,,,High distinct destinations for excel.exe
846,"Jun 1, 2026 @ 14:23:58.195",AH-BFA2AA8F,TA0011,Command and Control,9,C:\Program Files\Microsoft Office\root\Office16\EXCEL.EXE,,Network Outlier,15,INFO,,,,,High distinct destinations for excel.exe
847,"Jun 1, 2026 @ 14:23:58.196",AH-9D68B909,TA0011,Command and Control,9,C:\Program Files\Microsoft Office\root\Office16\EXCEL.EXE,,Network Outlier,15,INFO,,,,,High distinct destinations for excel.exe
848,"Jun 1, 2026 @ 14:23:58.203",AH-A1EAC080,TA0011,Command and Control,9,C:\Program Files\Microsoft Office\root\Office16\EXCEL.EXE,,Network Outlier,15,INFO,,,,,High distinct destinations for excel.exe
849,"Jun 1, 2026 @ 14:23:58.204",AH-0411161A,TA0011,Command and Control,9,C:\Program Files\Microsoft Office\root\Office16\EXCEL.EXE,,Network Outlier,15,INFO,,,,,High distinct destinations for excel.exe
850,"Jun 1, 2026 @ 14:23:58.210",AH-C8A44F8A,TA0011,Command and Control,9,C:\Program Files\Microsoft Office\root\Office16\EXCEL.EXE,,Network Outlier,15,INFO,,,,,High distinct destinations for excel.exe
851,"Jun 1, 2026 @ 14:23:58.211",AH-6AA9BE19,TA0011,Command and Control,9,C:\Program Files\Microsoft Office\root\Office16\EXCEL.EXE,,Network Outlier,15,INFO,,,,,High distinct destinations for excel.exe
852,"Jun 1, 2026 @ 14:23:58.217",AH-6B52A043,TA0011,Command and Control,9,C:\Program Files\Microsoft Office\root\Office16\EXCEL.EXE,,Network Outlier,15,INFO,,,,,High distinct destinations for excel.exe
853,"Jun 1, 2026 @ 14:23:58.218",AH-B227E412,TA0011,Command and Control,9,C:\Program Files\Microsoft Office\root\Office16\EXCEL.EXE,,Network Outlier,15,INFO,,,,,High distinct destinations for excel.exe
854,"Jun 1, 2026 @ 14:23:58.225",AH-B5E203C1,TA0011,Command and Control,9,C:\Program Files\Microsoft Office\root\Office16\EXCEL.EXE,,Network Outlier,30,LOW,,,,,High distinct destinations for excel.exe
855,"Jun 1, 2026 @ 14:23:58.232",AH-9918EF87,TA0011,Command and Control,9,C:\Program Files\Microsoft Office\root\Office16\EXCEL.EXE,,Network Outlier,15,INFO,,,,,High distinct destinations for excel.exe
856,"Jun 1, 2026 @ 14:23:58.233",AH-212C3974,TA0011,Command and Control,9,C:\Program Files\Microsoft Office\root\Office16\EXCEL.EXE,,Network Outlier,15,INFO,,,,,High distinct destinations for excel.exe
857,"Jun 1, 2026 @ 14:23:58.239",AH-8F3ED56B,TA0011,Command and Control,9,C:\Program Files\Microsoft Office\root\Office16\EXCEL.EXE,,Network Outlier,15,INFO,,,,,High distinct destinations for excel.exe
858,"Jun 1, 2026 @ 14:23:58.240",AH-D200BEC9,TA0011,Command and Control,9,C:\Program Files\Microsoft Office\root\Office16\EXCEL.EXE,,Network Outlier,15,INFO,,,,,High distinct destinations for excel.exe
859,"Jun 1, 2026 @ 14:23:58.246",AH-C5FD87C8,TA0011,Command and Control,9,C:\Program Files\Microsoft Office\root\Office16\EXCEL.EXE,,Network Outlier,15,INFO,,,,,High distinct destinations for excel.exe
860,"Jun 1, 2026 @ 14:23:58.247",AH-B694F8E7,TA0011,Command and Control,9,C:\Program Files\Microsoft Office\root\Office16\EXCEL.EXE,,Network Outlier,15,INFO,,,,,High distinct destinations for excel.exe
861,"Jun 1, 2026 @ 14:23:58.253",AH-09B04F53,TA0011,Command and Control,9,C:\Program Files\Microsoft Office\root\Office16\EXCEL.EXE,,Network Outlier,15,INFO,,,,,High distinct destinations for excel.exe
862,"Jun 1, 2026 @ 14:23:58.254",AH-D9D9B652,TA0011,Command and Control,9,C:\Program Files\Microsoft Office\root\Office16\EXCEL.EXE,,Network Outlier,15,INFO,,,,,High distinct destinations for excel.exe
863,"Jun 1, 2026 @ 14:23:58.261",AH-5669F3C0,TA0011,Command and Control,9,C:\Program Files\Microsoft Office\root\Office16\EXCEL.EXE,,Network Outlier,15,INFO,,,,,High distinct destinations for excel.exe
864,"Jun 1, 2026 @ 14:23:58.262",AH-6FED1E16,TA0011,Command and Control,9,C:\Program Files\Microsoft Office\root\Office16\EXCEL.EXE,,Network Outlier,15,INFO,,,,,High distinct destinations for excel.exe
865,"Jun 1, 2026 @ 14:23:58.270",AH-EAEF7F9E,TA0011,Command and Control,9,C:\Program Files\Microsoft Office\root\Office16\EXCEL.EXE,,Network Outlier,15,INFO,,,,,High distinct destinations for excel.exe
866,"Jun 1, 2026 @ 14:23:58.271",AH-C48436ED,TA0011,Command and Control,9,C:\Program Files\Microsoft Office\root\Office16\EXCEL.EXE,,Network Outlier,15,INFO,,,,,High distinct destinations for excel.exe
867,"Jun 1, 2026 @ 14:23:58.279",AH-62932BE2,TA0011,Command and Control,9,C:\Program Files\Microsoft Office\root\Office16\EXCEL.EXE,,Network Outlier,15,INFO,,,,,High distinct destinations for excel.exe
868,"Jun 1, 2026 @ 14:23:58.280",AH-319A722C,TA0011,Command and Control,9,C:\Program Files\Microsoft Office\root\Office16\EXCEL.EXE,,Network Outlier,15,INFO,,,,,High distinct destinations for excel.exe
869,"Jun 1, 2026 @ 14:23:58.288",AH-A2C90E6D,TA0011,Command and Control,9,C:\Program Files\Microsoft Office\root\Office16\EXCEL.EXE,,Network Outlier,30,LOW,,,,,High distinct destinations for excel.exe
870,"Jun 1, 2026 @ 14:23:58.296",AH-B33061C4,TA0011,Command and Control,9,C:\Program Files\Microsoft Office\root\Office16\EXCEL.EXE,,Network Outlier,30,LOW,,,,,High distinct destinations for excel.exe
871,"Jun 1, 2026 @ 14:23:58.305",AH-350F49BF,TA0011,Command and Control,9,C:\Program Files\Microsoft Office\root\Office16\EXCEL.EXE,,Network Outlier,30,LOW,,,,,High distinct destinations for excel.exe
872,"Jun 1, 2026 @ 14:23:58.312",AH-3F878830,TA0011,Command and Control,9,C:\Program Files\Microsoft Office\root\Office16\EXCEL.EXE,,Network Outlier,15,INFO,,,,,High distinct destinations for excel.exe
873,"Jun 1, 2026 @ 14:23:58.313",AH-65DB140F,TA0011,Command and Control,9,C:\Program Files\Microsoft Office\root\Office16\EXCEL.EXE,,Network Outlier,15,INFO,,,,,High distinct destinations for excel.exe
874,"Jun 1, 2026 @ 14:23:58.320",AH-B3CEC466,TA0011,Command and Control,9,C:\Program Files\Microsoft Office\root\Office16\EXCEL.EXE,,Network Outlier,15,INFO,,,,,High distinct destinations for excel.exe
875,"Jun 1, 2026 @ 14:23:58.321",AH-9BFFCC70,TA0011,Command and Control,9,C:\Program Files\Microsoft Office\root\Office16\EXCEL.EXE,,Network Outlier,15,INFO,,,,,High distinct destinations for excel.exe
876,"Jun 1, 2026 @ 14:23:58.327",AH-67F6449F,TA0011,Command and Control,9,C:\Program Files\Microsoft Office\root\Office16\EXCEL.EXE,,Network Outlier,30,LOW,,,,,High distinct destinations for excel.exe
877,"Jun 1, 2026 @ 14:23:58.329",AH-3FCAC396,TA0011,Command and Control,9,C:\Program Files\Microsoft Office\root\Office16\EXCEL.EXE,,Network Outlier,30,LOW,,,,,High distinct destinations for excel.exe
878,"Jun 1, 2026 @ 14:23:58.336",AH-94D1D696,TA0011,Command and Control,9,C:\Program Files\Microsoft Office\root\Office16\EXCEL.EXE,,Network Outlier,15,INFO,,,,,High distinct destinations for excel.exe
879,"Jun 1, 2026 @ 14:23:58.337",AH-5C048B98,TA0011,Command and Control,9,C:\Program Files\Microsoft Office\root\Office16\EXCEL.EXE,,Network Outlier,30,LOW,,,,,High distinct destinations for excel.exe
880,"Jun 1, 2026 @ 14:23:58.338",AH-E61B2E4D,TA0011,Command and Control,9,C:\Program Files\Microsoft Office\root\Office16\EXCEL.EXE,,Network Outlier,15,INFO,,,,,High distinct destinations for excel.exe
881,"Jun 1, 2026 @ 14:23:58.345",AH-8EB76E32,TA0011,Command and Control,9,C:\Program Files\Microsoft Office\root\Office16\EXCEL.EXE,,Network Outlier,30,LOW,,,,,High distinct destinations for excel.exe
882,"Jun 1, 2026 @ 14:23:58.346",AH-5F833288,TA0011,Command and Control,9,C:\Program Files\Microsoft Office\root\Office16\EXCEL.EXE,,Network Outlier,30,LOW,,,,,High distinct destinations for excel.exe
883,"Jun 1, 2026 @ 14:23:58.352",AH-1D83341E,TA0011,Command and Control,9,C:\Program Files\Microsoft Office\root\Office16\EXCEL.EXE,,Network Outlier,30,LOW,,,,,High distinct destinations for excel.exe
884,"Jun 1, 2026 @ 14:23:58.353",AH-51B436E6,TA0011,Command and Control,9,C:\Program Files\Microsoft Office\root\Office16\EXCEL.EXE,,Network Outlier,15,INFO,,,,,High distinct destinations for excel.exe
885,"Jun 1, 2026 @ 14:23:58.354",AH-84071BF4,TA0011,Command and Control,9,C:\Program Files\Microsoft Office\root\Office16\EXCEL.EXE,,Network Outlier,15,INFO,,,,,High distinct destinations for excel.exe
886,"Jun 1, 2026 @ 14:23:58.359",AH-A4BFC4BA,TA0011,Command and Control,9,C:\Program Files\Microsoft Office\root\Office16\EXCEL.EXE,,Network Outlier,15,INFO,,,,,High distinct destinations for excel.exe
887,"Jun 1, 2026 @ 14:23:58.360",AH-86550580,TA0011,Command and Control,9,C:\Program Files\Microsoft Office\root\Office16\EXCEL.EXE,,Network Outlier,15,INFO,,,,,High distinct destinations for excel.exe
888,"Jun 1, 2026 @ 14:23:58.361",AH-A40BAE5C,TA0011,Command and Control,9,C:\Program Files\Microsoft Office\root\Office16\EXCEL.EXE,,Network Outlier,30,LOW,,,,,High distinct destinations for excel.exe
889,"Jun 1, 2026 @ 14:23:58.366",AH-7214EA6F,TA0011,Command and Control,9,C:\Program Files\Microsoft Office\root\Office16\EXCEL.EXE,,Network Outlier,15,INFO,,,,,High distinct destinations for excel.exe
890,"Jun 1, 2026 @ 14:23:58.367",AH-6490836A,TA0011,Command and Control,9,C:\Program Files\Microsoft Office\root\Office16\EXCEL.EXE,,Network Outlier,30,LOW,,,,,High distinct destinations for excel.exe
891,"Jun 1, 2026 @ 14:23:58.368",AH-07062C50,TA0011,Command and Control,9,C:\Program Files\Microsoft Office\root\Office16\EXCEL.EXE,,Network Outlier,15,INFO,,,,,High distinct destinations for excel.exe
892,"Jun 1, 2026 @ 14:23:58.373",AH-CDA79553,TA0011,Command and Control,9,C:\Program Files\Microsoft Office\root\Office16\EXCEL.EXE,,Network Outlier,15,INFO,,,,,High distinct destinations for excel.exe
893,"Jun 1, 2026 @ 14:23:58.374",AH-D2C9991E,TA0011,Command and Control,9,C:\Program Files\Microsoft Office\root\Office16\EXCEL.EXE,,Network Outlier,15,INFO,,,,,High distinct destinations for excel.exe
894,"Jun 1, 2026 @ 14:23:58.375",AH-7ECE5130,TA0011,Command and Control,9,C:\Program Files\Microsoft Office\root\Office16\EXCEL.EXE,,Network Outlier,30,LOW,,,,,High distinct destinations for excel.exe
895,"Jun 1, 2026 @ 14:23:58.381",AH-0F574851,TA0011,Command and Control,9,C:\Program Files\Microsoft Office\root\Office16\EXCEL.EXE,,Network Outlier,15,INFO,,,,,High distinct destinations for excel.exe
896,"Jun 1, 2026 @ 14:23:58.382",AH-7C4722B0,TA0011,Command and Control,9,C:\Program Files\Microsoft Office\root\Office16\EXCEL.EXE,,Network Outlier,15,INFO,,,,,High distinct destinations for excel.exe
897,"Jun 1, 2026 @ 14:23:58.383",AH-CAC906F5,TA0011,Command and Control,9,C:\Program Files\Microsoft Office\root\Office16\EXCEL.EXE,,Network Outlier,15,INFO,,,,,High distinct destinations for excel.exe
898,"Jun 1, 2026 @ 14:23:58.384",AH-4D227B5E,TA0011,Command and Control,9,C:\Program Files\Microsoft Office\root\Office16\EXCEL.EXE,,Network Outlier,15,INFO,,,,,High distinct destinations for excel.exe
899,"Jun 1, 2026 @ 14:23:58.389",AH-BF331569,TA0011,Command and Control,9,C:\Program Files\Microsoft Office\root\Office16\EXCEL.EXE,,Network Outlier,15,INFO,,,,,High distinct destinations for excel.exe
900,"Jun 1, 2026 @ 14:23:58.390",AH-843ED482,TA0011,Command and Control,9,C:\Program Files\Microsoft Office\root\Office16\EXCEL.EXE,,Network Outlier,15,INFO,,,,,High distinct destinations for excel.exe
901,"Jun 1, 2026 @ 14:23:58.391",AH-71169846,TA0011,Command and Control,9,C:\Program Files\Microsoft Office\root\Office16\EXCEL.EXE,,Network Outlier,30,LOW,,,,,High distinct destinations for excel.exe
902,"Jun 1, 2026 @ 14:23:58.397",AH-4FDC77DC,TA0011,Command and Control,9,C:\Program Files\Microsoft Office\root\Office16\EXCEL.EXE,,Network Outlier,15,INFO,,,,,High distinct destinations for excel.exe
903,"Jun 1, 2026 @ 14:23:58.398",AH-26C28691,TA0011,Command and Control,9,C:\Program Files\Microsoft Office\root\Office16\EXCEL.EXE,,Network Outlier,15,INFO,,,,,High distinct destinations for excel.exe
904,"Jun 1, 2026 @ 14:23:58.399",AH-31F55893,TA0011,Command and Control,9,C:\Program Files\Microsoft Office\root\Office16\EXCEL.EXE,,Network Outlier,30,LOW,,,,,High distinct destinations for excel.exe
905,"Jun 1, 2026 @ 14:23:58.405",AH-82D4FD98,TA0011,Command and Control,9,C:\Program Files\Microsoft Office\root\Office16\EXCEL.EXE,,Network Outlier,15,INFO,,,,,High distinct destinations for excel.exe
906,"Jun 1, 2026 @ 14:23:58.406",AH-9665ED45,TA0011,Command and Control,9,C:\Program Files\Microsoft Office\root\Office16\EXCEL.EXE,,Network Outlier,45,MEDIUM,,,,,High distinct destinations for excel.exe
907,"Jun 1, 2026 @ 14:23:58.412",AH-E68719D9,TA0011,Command and Control,9,C:\Program Files\Microsoft Office\root\Office16\EXCEL.EXE,,Network Outlier,15,INFO,,,,,High distinct destinations for excel.exe
908,"Jun 1, 2026 @ 14:23:58.413",AH-D99F266E,TA0011,Command and Control,9,C:\Program Files\Microsoft Office\root\Office16\EXCEL.EXE,,Network Outlier,45,MEDIUM,,,,,High distinct destinations for excel.exe
909,"Jun 1, 2026 @ 14:23:58.420",AH-A619604F,TA0011,Command and Control,9,C:\Program Files\Microsoft Office\root\Office16\EXCEL.EXE,,Network Outlier,15,INFO,,,,,High distinct destinations for excel.exe
910,"Jun 1, 2026 @ 14:23:58.421",AH-FF8EE7AA,TA0011,Command and Control,9,C:\Program Files\Microsoft Office\root\Office16\EXCEL.EXE,,Network Outlier,45,MEDIUM,,,,,High distinct destinations for excel.exe
911,"Jun 1, 2026 @ 14:23:58.428",AH-861AEF47,TA0011,Command and Control,9,C:\Program Files\Microsoft Office\root\Office16\EXCEL.EXE,,Network Outlier,15,INFO,,,,,High distinct destinations for excel.exe
912,"Jun 1, 2026 @ 14:23:58.429",AH-B8E1AD00,TA0011,Command and Control,9,C:\Program Files\Microsoft Office\root\Office16\EXCEL.EXE,,Network Outlier,15,INFO,,,,,High distinct destinations for excel.exe
913,"Jun 1, 2026 @ 14:23:59.156",AH-64795623,TA0011,Command and Control,9,C:\Program Files\Microsoft Office\root\Office16\EXCEL.EXE,,Network Outlier,15,INFO,,,,,High distinct destinations for excel.exe
914,"Jun 1, 2026 @ 14:23:59.267",AH-E83E18B4,TA0011,Command and Control,9,C:\Program Files\Microsoft Office\root\Office16\EXCEL.EXE,,Network Outlier,15,INFO,,,,,High distinct destinations for excel.exe
915,"Jun 1, 2026 @ 14:23:59.548",AH-F1CDEFA6,TA0011,Command and Control,9,C:\Program Files\Microsoft Office\root\Office16\EXCEL.EXE,,Network Outlier,15,INFO,,,,,High distinct destinations for excel.exe
916,"Jun 1, 2026 @ 14:23:59.606",AH-97E18DD7,TA0011,Command and Control,9,C:\Program Files\Microsoft Office\root\Office16\EXCEL.EXE,,Network Outlier,15,INFO,,,,,High distinct destinations for excel.exe
917,"Jun 1, 2026 @ 14:23:59.610",AH-0A841EC3,TA0011,Command and Control,9,C:\Program Files\Microsoft Office\root\Office16\EXCEL.EXE,,Network Outlier,15,INFO,,,,,High distinct destinations for excel.exe
918,"Jun 1, 2026 @ 14:23:59.615",AH-E7B732BB,TA0011,Command and Control,9,C:\Program Files\Microsoft Office\root\Office16\EXCEL.EXE,,Network Outlier,15,INFO,,,,,High distinct destinations for excel.exe
919,"Jun 1, 2026 @ 14:23:59.728",AH-6D4E0E61,TA0011,Command and Control,9,C:\Program Files\Microsoft Office\root\Office16\EXCEL.EXE,,Network Outlier,15,INFO,,,,,High distinct destinations for excel.exe
920,"Jun 1, 2026 @ 14:23:59.740",AH-3A9A7D6F,TA0011,Command and Control,9,C:\Program Files\Microsoft Office\root\Office16\EXCEL.EXE,,Network Outlier,15,INFO,,,,,High distinct destinations for excel.exe
921,"Jun 1, 2026 @ 14:23:59.843",AH-E00A01ED,TA0011,Command and Control,9,C:\Program Files\Microsoft Office\root\Office16\EXCEL.EXE,,Network Outlier,15,INFO,,,150.171.23.11,,High distinct destinations for excel.exe
922,"Jun 1, 2026 @ 14:23:59.882",AH-B3FCEAD5,TA0011,Command and Control,9,C:\Program Files\Microsoft Office\root\Office16\EXCEL.EXE,,Network Outlier,15,INFO,,,,,High distinct destinations for excel.exe
923,"Jun 1, 2026 @ 14:23:59.900",AH-5042DE66,TA0011,Command and Control,9,C:\Program Files\Microsoft Office\root\Office16\EXCEL.EXE,,Network Outlier,15,INFO,,,,,High distinct destinations for excel.exe
924,"Jun 1, 2026 @ 14:24:00.267",AH-66D8E112,TA0011,Command and Control,9,C:\Program Files\Microsoft Office\root\Office16\EXCEL.EXE,,Network Outlier,15,INFO,,,,,High distinct destinations for excel.exe
925,"Jun 1, 2026 @ 14:24:00.278",AH-BB83C6B2,TA0011,Command and Control,9,C:\Program Files\Microsoft Office\root\Office16\EXCEL.EXE,,Network Outlier,15,INFO,,,,,High distinct destinations for excel.exe
926,"Jun 1, 2026 @ 14:24:00.317",AH-58310C3A,TA0011,Command and Control,9,C:\Program Files\Microsoft Office\root\Office16\EXCEL.EXE,,Network Outlier,15,INFO,,,,,High distinct destinations for excel.exe
927,"Jun 1, 2026 @ 14:24:00.322",AH-D727C4CF,TA0011,Command and Control,9,C:\Program Files\Microsoft Office\root\Office16\EXCEL.EXE,,Network Outlier,15,INFO,,,,,High distinct destinations for excel.exe
928,"Jun 1, 2026 @ 14:24:00.408",AH-8C3BEB81,TA0011,Command and Control,9,C:\Program Files\Microsoft Office\root\Office16\EXCEL.EXE,,Network Outlier,15,INFO,,,,HKEY_USERS\S-1-5-21-3330616437-3750286687-2521933251-1001\Software\Microsoft\Office\16.0\Excel\Security\Trusted Documents\TrustRecords\https://d.docs.live.net/b1c53643363b744d/Documents/Primus.xlsx,High distinct destinations for excel.exe
929,"Jun 1, 2026 @ 14:24:00.431",AH-413CDA35,TA0011,Command and Control,9,C:\Program Files\Microsoft Office\root\Office16\EXCEL.EXE,,Network Outlier,15,INFO,,,,,High distinct destinations for excel.exe
930,"Jun 1, 2026 @ 14:24:00.435",AH-FB697532,TA0011,Command and Control,9,C:\Program Files\Microsoft Office\root\Office16\EXCEL.EXE,,Network Outlier,30,LOW,,,150.171.23.11,,High distinct destinations for excel.exe
931,"Jun 1, 2026 @ 14:24:00.735",AH-466E29A7,TA0011,Command and Control,9,C:\Program Files\Microsoft Office\root\Office16\EXCEL.EXE,,Network Outlier,15,INFO,,,150.171.23.11,,High distinct destinations for excel.exe
932,"Jun 1, 2026 @ 14:24:01.980",AH-716A70AA,TA0011,Command and Control,9,C:\Program Files\Microsoft Office\root\Office16\EXCEL.EXE,,Network Outlier,30,LOW,,,,,High distinct destinations for excel.exe
933,"Jun 1, 2026 @ 14:24:01.981",AH-10EA1E12,TA0011,Command and Control,9,C:\Program Files\Microsoft Office\root\Office16\EXCEL.EXE,,Network Outlier,15,INFO,,,,,High distinct destinations for excel.exe
934,"Jun 1, 2026 @ 14:24:01.982",AH-101AB8C1,TA0011,Command and Control,9,C:\Program Files\Microsoft Office\root\Office16\EXCEL.EXE,,Network Outlier,15,INFO,,,,,High distinct destinations for excel.exe
935,"Jun 1, 2026 @ 14:24:01.988",AH-22EEDA4C,TA0011,Command and Control,9,C:\Program Files\Microsoft Office\root\Office16\EXCEL.EXE,,Network Outlier,30,LOW,,,,,High distinct destinations for excel.exe
936,"Jun 1, 2026 @ 14:24:01.990",AH-0011B26B,TA0011,Command and Control,9,C:\Program Files\Microsoft Office\root\Office16\EXCEL.EXE,,Network Outlier,30,LOW,,,,,High distinct destinations for excel.exe
937,"Jun 1, 2026 @ 14:24:01.996",AH-BC7F347F,TA0011,Command and Control,9,C:\Program Files\Microsoft Office\root\Office16\EXCEL.EXE,,Network Outlier,15,INFO,,,,,High distinct destinations for excel.exe
938,"Jun 1, 2026 @ 14:24:01.997",AH-60804A55,TA0011,Command and Control,9,C:\Program Files\Microsoft Office\root\Office16\EXCEL.EXE,,Network Outlier,30,LOW,,,,,High distinct destinations for excel.exe
939,"Jun 1, 2026 @ 14:24:01.998",AH-333E162F,TA0011,Command and Control,9,C:\Program Files\Microsoft Office\root\Office16\EXCEL.EXE,,Network Outlier,15,INFO,,,,,High distinct destinations for excel.exe
940,"Jun 1, 2026 @ 14:24:02.003",AH-B83031C8,TA0011,Command and Control,9,C:\Program Files\Microsoft Office\root\Office16\EXCEL.EXE,,Network Outlier,15,INFO,,,,,High distinct destinations for excel.exe
941,"Jun 1, 2026 @ 14:24:02.004",AH-514E6B6E,TA0011,Command and Control,9,C:\Program Files\Microsoft Office\root\Office16\EXCEL.EXE,,Network Outlier,15,INFO,,,,,High distinct destinations for excel.exe
942,"Jun 1, 2026 @ 14:24:02.005",AH-F64BFBD1,TA0011,Command and Control,9,C:\Program Files\Microsoft Office\root\Office16\EXCEL.EXE,,Network Outlier,15,INFO,,,,,High distinct destinations for excel.exe
943,"Jun 1, 2026 @ 14:24:02.006",AH-F9F0BB8B,TA0011,Command and Control,9,C:\Program Files\Microsoft Office\root\Office16\EXCEL.EXE,,Network Outlier,15,INFO,,,,,High distinct destinations for excel.exe
944,"Jun 1, 2026 @ 14:24:02.014",AH-304DF428,TA0011,Command and Control,9,C:\Program Files\Microsoft Office\root\Office16\EXCEL.EXE,,Network Outlier,30,LOW,,,,,High distinct destinations for excel.exe
945,"Jun 1, 2026 @ 14:24:02.015",AH-8E3548E9,TA0011,Command and Control,9,C:\Program Files\Microsoft Office\root\Office16\EXCEL.EXE,,Network Outlier,30,LOW,,,,,High distinct destinations for excel.exe
946,"Jun 1, 2026 @ 14:24:02.100",AH-0C538043,TA0011,Command and Control,9,C:\Program Files\Microsoft Office\root\Office16\EXCEL.EXE,,Network Outlier,30,LOW,,,,,High distinct destinations for excel.exe
947,"Jun 1, 2026 @ 14:24:02.206",AH-290B6BC7,TA0011,Command and Control,9,C:\Program Files\Microsoft Office\root\Office16\EXCEL.EXE,,Network Outlier,30,LOW,,,,,High distinct destinations for excel.exe
948,"Jun 1, 2026 @ 14:24:02.238",AH-373796A3,TA0011,Command and Control,9,C:\Program Files\Microsoft Office\root\Office16\EXCEL.EXE,,Network Outlier,15,INFO,,,150.171.23.11,,High distinct destinations for excel.exe
949,"Jun 1, 2026 @ 14:24:02.279",AH-F80342E0,TA0011,Command and Control,9,C:\Program Files\Microsoft Office\root\Office16\EXCEL.EXE,,Network Outlier,15,INFO,,,150.171.23.11,,High distinct destinations for excel.exe
950,"Jun 1, 2026 @ 14:24:02.281",AH-175067CC,TA0011,Command and Control,9,C:\Program Files\Microsoft Office\root\Office16\EXCEL.EXE,,Network Outlier,15,INFO,,,150.171.23.11,,High distinct destinations for excel.exe
951,"Jun 1, 2026 @ 14:24:02.889",AH-789F2CC1,TA0011,Command and Control,9,C:\Program Files\Microsoft Office\root\Office16\EXCEL.EXE,,Network Outlier,15,INFO,,,,,High distinct destinations for excel.exe
952,"Jun 1, 2026 @ 14:24:02.892",AH-7AE94FF9,TA0011,Command and Control,9,C:\Program Files\Microsoft Office\root\Office16\EXCEL.EXE,,Network Outlier,15,INFO,,,,,High distinct destinations for excel.exe
953,"Jun 1, 2026 @ 14:24:02.970",AH-F53A4C78,TA0011,Command and Control,9,C:\Program Files\Microsoft Office\root\Office16\EXCEL.EXE,,Network Outlier,15,INFO,,,,,High distinct destinations for excel.exe
954,"Jun 1, 2026 @ 14:24:03.049",AH-9498917E,TA0011,Command and Control,9,C:\Program Files\Microsoft Office\root\Office16\EXCEL.EXE,,Network Outlier,15,INFO,,,,,High distinct destinations for excel.exe
955,"Jun 1, 2026 @ 14:24:03.054",AH-C5996A5F,TA0011,Command and Control,9,C:\Program Files\Microsoft Office\root\Office16\EXCEL.EXE,,External Communication | Network Outlier,30,LOW,,,52.108.9.12,,Outbound to external IP: 52.108.9.12 ; High distinct destinations for excel.exe
956,"Jun 1, 2026 @ 14:24:04.158",AH-56A59044,TA0011,Command and Control,9,C:\Program Files\Microsoft Office\root\Office16\EXCEL.EXE,,Network Outlier,15,INFO,,,,,High distinct destinations for excel.exe
957,"Jun 1, 2026 @ 14:24:04.181",AH-0806B65C,TA0011,Command and Control,9,C:\Program Files\Microsoft Office\root\Office16\EXCEL.EXE,,Network Outlier,15,INFO,,,,,High distinct destinations for excel.exe
958,"Jun 1, 2026 @ 14:24:04.204",AH-151F69DF,TA0011,Command and Control,9,C:\Program Files\Microsoft Office\root\Office16\EXCEL.EXE,,Network Outlier,15,INFO,,,52.110.14.146,,High distinct destinations for excel.exe
959,"Jun 1, 2026 @ 14:24:04.628",AH-9FC742F6,TA0011,Command and Control,9,C:\Program Files\Microsoft Office\root\Office16\EXCEL.EXE,,Network Outlier,15,INFO,,,,,High distinct destinations for excel.exe
960,"Jun 1, 2026 @ 14:24:04.648",AH-D44149F9,TA0011,Command and Control,9,C:\Program Files\Microsoft Office\root\Office16\EXCEL.EXE,,Network Outlier,15,INFO,,,,,High distinct destinations for excel.exe
961,"Jun 1, 2026 @ 14:24:04.689",AH-7B381340,TA0011,Command and Control,9,C:\Program Files\Microsoft Office\root\Office16\EXCEL.EXE,,Network Outlier,15,INFO,,,52.110.14.189,,High distinct destinations for excel.exe
962,"Jun 1, 2026 @ 14:24:08.788",AH-BF365E34,TA0011,Command and Control,9,C:\Users\Public\Pictures\kelotopu\uusd.exe,,External Communication | Malware Staging | Network Outlier | Sigma Match,95,CRITICAL,T1036,Masquerading,95.179.162.106,,Execution from user-writable path: c:\users\public\pictures\kelotopu\uusd.exe ; Outbound to external IP: 95.179.162.106 ; High distinct destinations for uusd.exe ; Executable running from Users/ directory — possible dropper
963,"Jun 1, 2026 @ 14:24:09.714",AH-79CD85FC,TA0011,Command and Control,9,C:\Program Files\Microsoft Office\root\Office16\EXCEL.EXE,,Network Outlier,15,INFO,,,,,High distinct destinations for excel.exe
964,"Jun 1, 2026 @ 14:24:09.718",AH-CFC5F2D7,TA0011,Command and Control,9,C:\Program Files\Microsoft Office\root\Office16\EXCEL.EXE,,Network Outlier,15,INFO,,,,,High distinct destinations for excel.exe
965,"Jun 1, 2026 @ 14:24:09.721",AH-EFDDBB94,TA0011,Command and Control,9,C:\Program Files\Microsoft Office\root\Office16\EXCEL.EXE,,Network Outlier,15,INFO,,,,,High distinct destinations for excel.exe
966,"Jun 1, 2026 @ 14:24:09.722",AH-42445015,TA0011,Command and Control,9,C:\Program Files\Microsoft Office\root\Office16\EXCEL.EXE,,Network Outlier,15,INFO,,,,,High distinct destinations for excel.exe
967,"Jun 1, 2026 @ 14:24:09.723",AH-CB8BCA3E,TA0011,Command and Control,9,C:\Program Files\Microsoft Office\root\Office16\EXCEL.EXE,,Network Outlier,15,INFO,,,,,High distinct destinations for excel.exe
968,"Jun 1, 2026 @ 14:24:11.026",AH-3F278F87,TA0011,Command and Control,9,C:\Program Files\Microsoft Office\root\Office16\EXCEL.EXE,,External Communication | Network Outlier,30,LOW,,,52.111.225.4,,Outbound to external IP: 52.111.225.4 ; High distinct destinations for excel.exe
969,"Jun 1, 2026 @ 14:24:11.962",AH-BED84F11,TA0011,Command and Control,9,C:\Program Files\Microsoft Office\root\Office16\EXCEL.EXE,,Network Outlier,15,INFO,,,,,High distinct destinations for excel.exe
970,"Jun 1, 2026 @ 14:24:11.965",AH-97723127,TA0011,Command and Control,9,C:\Program Files\Microsoft Office\root\Office16\EXCEL.EXE,,Network Outlier,15,INFO,,,,,High distinct destinations for excel.exe
971,"Jun 1, 2026 @ 14:24:12.919",AH-88E3BF5C,TA0011,Command and Control,9,C:\Program Files\Microsoft Office\root\Office16\EXCEL.EXE,,Network Outlier,15,INFO,,,,,High distinct destinations for excel.exe
972,"Jun 1, 2026 @ 14:24:13.059",AH-CF246EB3,TA0011,Command and Control,9,C:\Program Files\Microsoft Office\root\Office16\EXCEL.EXE,,Network Outlier,15,INFO,,,,,High distinct destinations for excel.exe
973,"Jun 1, 2026 @ 14:24:13.061",AH-579A23F5,TA0011,Command and Control,9,C:\Program Files\Microsoft Office\root\Office16\EXCEL.EXE,,Network Outlier,15,INFO,,,,,High distinct destinations for excel.exe
974,"Jun 1, 2026 @ 14:24:13.221",AH-F58CF98C,TA0011,Command and Control,9,C:\Program Files\Microsoft Office\root\Office16\EXCEL.EXE,,Network Outlier,15,INFO,,,52.110.14.189,,High distinct destinations for excel.exe
975,"Jun 1, 2026 @ 14:24:13.771",AH-1C17F3D4,TA0011,Command and Control,9,C:\Program Files\Microsoft Office\root\Office16\EXCEL.EXE,,Network Outlier,15,INFO,,,,,High distinct destinations for excel.exe
976,"Jun 1, 2026 @ 14:24:13.783",AH-9C58E879,TA0011,Command and Control,9,C:\Program Files\Microsoft Office\root\Office16\EXCEL.EXE,,Network Outlier,15,INFO,,,,,High distinct destinations for excel.exe
977,"Jun 1, 2026 @ 14:24:14.167",AH-682D6DAA,TA0011,Command and Control,9,C:\Program Files\Microsoft Office\root\Office16\EXCEL.EXE,,Network Outlier,15,INFO,,,,,High distinct destinations for excel.exe
978,"Jun 1, 2026 @ 14:24:14.176",AH-70359A9C,TA0011,Command and Control,9,C:\Program Files\Microsoft Office\root\Office16\EXCEL.EXE,,Network Outlier,15,INFO,,,,,High distinct destinations for excel.exe
979,"Jun 1, 2026 @ 14:24:14.201",AH-5D8CE782,TA0011,Command and Control,9,C:\Program Files\Microsoft Office\root\Office16\EXCEL.EXE,,Network Outlier,15,INFO,,,,,High distinct destinations for excel.exe
980,"Jun 1, 2026 @ 14:24:14.209",AH-6ACF4934,TA0011,Command and Control,9,C:\Program Files\Microsoft Office\root\Office16\EXCEL.EXE,,Network Outlier,15,INFO,,,,,High distinct destinations for excel.exe
981,"Jun 1, 2026 @ 14:24:14.222",AH-C08DD410,TA0011,Command and Control,9,C:\Program Files\Microsoft Office\root\Office16\EXCEL.EXE,,Network Outlier,15,INFO,,,,,High distinct destinations for excel.exe
982,"Jun 1, 2026 @ 14:24:14.289",AH-68A24FE9,TA0011,Command and Control,9,C:\Program Files\Microsoft Office\root\Office16\EXCEL.EXE,,Network Outlier,15,INFO,,,,,High distinct destinations for excel.exe
983,"Jun 1, 2026 @ 14:24:14.303",AH-EFCF3074,TA0011,Command and Control,9,C:\Program Files\Microsoft Office\root\Office16\EXCEL.EXE,,Network Outlier,15,INFO,,,,,High distinct destinations for excel.exe
984,"Jun 1, 2026 @ 14:24:14.317",AH-9B4F0A43,TA0011,Command and Control,9,C:\Program Files\Microsoft Office\root\Office16\EXCEL.EXE,,Network Outlier,15,INFO,,,,,High distinct destinations for excel.exe
985,"Jun 1, 2026 @ 14:24:14.377",AH-8EF974CB,TA0011,Command and Control,9,C:\Program Files\Microsoft Office\root\Office16\EXCEL.EXE,,Network Outlier,30,LOW,,,,,High distinct destinations for excel.exe
986,"Jun 1, 2026 @ 14:24:14.378",AH-4E73DF0F,TA0011,Command and Control,9,C:\Program Files\Microsoft Office\root\Office16\EXCEL.EXE,,Network Outlier,30,LOW,,,,,High distinct destinations for excel.exe
987,"Jun 1, 2026 @ 14:24:14.526",AH-B2D63A25,TA0011,Command and Control,9,C:\Program Files\Microsoft Office\root\Office16\EXCEL.EXE,,External Communication | Network Outlier,30,LOW,,,40.74.98.192,,Outbound to external IP: 40.74.98.192 ; High distinct destinations for excel.exe
988,"Jun 1, 2026 @ 14:24:16.542",AH-3D73AF05,TA0011,Command and Control,9,C:\Program Files\Microsoft Office\root\Office16\EXCEL.EXE,,Network Outlier,15,INFO,,,,,High distinct destinations for excel.exe
989,"Jun 1, 2026 @ 14:24:16.553",AH-00822E6D,TA0011,Command and Control,9,C:\Program Files\Microsoft Office\root\Office16\EXCEL.EXE,,Network Outlier,15,INFO,,,,,High distinct destinations for excel.exe
990,"Jun 1, 2026 @ 14:24:16.554",AH-26234622,TA0011,Command and Control,9,C:\Program Files\Microsoft Office\root\Office16\EXCEL.EXE,,Network Outlier,15,INFO,,,,,High distinct destinations for excel.exe
991,"Jun 1, 2026 @ 14:24:16.561",AH-18A75D1C,TA0011,Command and Control,9,C:\Program Files\Microsoft Office\root\Office16\EXCEL.EXE,,Network Outlier,15,INFO,,,,,High distinct destinations for excel.exe
992,"Jun 1, 2026 @ 14:24:16.680",AH-782617D4,TA0011,Command and Control,9,C:\Program Files\Microsoft Office\root\Office16\EXCEL.EXE,,Network Outlier,15,INFO,,,,,High distinct destinations for excel.exe
993,"Jun 1, 2026 @ 14:24:16.939",AH-7CF90988,TA0011,Command and Control,9,C:\Program Files\Microsoft Office\root\Office16\EXCEL.EXE,C:\Windows\explorer.exe,Network Outlier | Rare Parent-Child,30,LOW,,,,,Rare process pair: explorer.exe->excel.exe ; High distinct destinations for excel.exe
994,"Jun 1, 2026 @ 14:24:16.946",AH-BE7E2556,TA0011,Command and Control,9,C:\Program Files\Microsoft Office\root\Office16\EXCEL.EXE,,Network Outlier,15,INFO,,,52.110.14.146,,High distinct destinations for excel.exe
995,"Jun 1, 2026 @ 14:24:16.947",AH-35FBC677,TA0011,Command and Control,9,C:\Program Files\Microsoft Office\root\Office16\EXCEL.EXE,,External Communication | Network Outlier,100,CRITICAL,,,52.109.0.35,,Outbound to external IP: 52.109.0.35 ; Outbound to external IP: 52.108.9.12 ; High distinct destinations for excel.exe
996,"Jun 1, 2026 @ 14:24:18.402",AH-2FA6B1CC,TA0011,Command and Control,9,C:\Users\Public\Pictures\kelotopu\uusd.exe,,External Communication | Malware Staging | Network Outlier | Sigma Match,95,CRITICAL,T1036,Masquerading,94.130.10.179,,Execution from user-writable path: c:\users\public\pictures\kelotopu\uusd.exe ; Outbound to external IP: 94.130.10.179 ; High distinct destinations for uusd.exe ; Executable running from Users/ directory — possible dropper
997,"Jun 1, 2026 @ 14:24:18.456",AH-2793E4CE,TA0011,Command and Control,9,C:\Users\Public\Pictures\kelotopu\uusd.exe,,External Communication | Malware Staging | Network Outlier | Sigma Match,95,CRITICAL,T1036,Masquerading,96.9.98.205,,Execution from user-writable path: c:\users\public\pictures\kelotopu\uusd.exe ; Outbound to external IP: 96.9.98.205 ; High distinct destinations for uusd.exe ; Executable running from Users/ directory — possible dropper
998,"Jun 1, 2026 @ 14:24:20.573",AH-6FE49800,TA0011,Command and Control,9,C:\Windows\System32\lsass.exe,,External Communication | Sigma Match,60,HIGH,T1003.001,,104.18.20.213,,Outbound to external IP: 104.18.20.213 ; Unusual process accessing LSASS memory
999,"Jun 1, 2026 @ 14:24:20.654",AH-3129483B,TA0011,Command and Control,9,C:\Windows\System32\lsass.exe,,External Communication | Sigma Match,60,HIGH,T1003.001,,23.37.85.99,,Outbound to external IP: 23.37.85.99 ; Unusual process accessing LSASS memory
